-- MySQL dump 10.13  Distrib 5.7.26, for Linux (x86_64)
--
-- Host: localhost    Database: jol
-- ------------------------------------------------------
-- Server version	5.7.26

/*!40101 SET @OLD_CHARACTER_SET_CLIENT=@@CHARACTER_SET_CLIENT */;
/*!40101 SET @OLD_CHARACTER_SET_RESULTS=@@CHARACTER_SET_RESULTS */;
/*!40101 SET @OLD_COLLATION_CONNECTION=@@COLLATION_CONNECTION */;
/*!40101 SET NAMES utf8mb4 */;
/*!40103 SET @OLD_TIME_ZONE=@@TIME_ZONE */;
/*!40103 SET TIME_ZONE='+00:00' */;
/*!40014 SET @OLD_UNIQUE_CHECKS=@@UNIQUE_CHECKS, UNIQUE_CHECKS=0 */;
/*!40014 SET @OLD_FOREIGN_KEY_CHECKS=@@FOREIGN_KEY_CHECKS, FOREIGN_KEY_CHECKS=0 */;
/*!40101 SET @OLD_SQL_MODE=@@SQL_MODE, SQL_MODE='NO_AUTO_VALUE_ON_ZERO' */;
/*!40111 SET @OLD_SQL_NOTES=@@SQL_NOTES, SQL_NOTES=0 */;

--
-- Table structure for table `answer`
--

DROP TABLE IF EXISTS `answer`;
/*!40101 SET @saved_cs_client     = @@character_set_client */;
/*!40101 SET character_set_client = utf8 */;
CREATE TABLE `answer` (
  `answer_id` int(11) NOT NULL AUTO_INCREMENT,
  `exam_id` int(11) NOT NULL COMMENT '??id',
  `content` mediumtext NOT NULL COMMENT '????',
  `choice_total` int(11) DEFAULT NULL COMMENT '?????',
  `qa_total` int(11) DEFAULT NULL COMMENT '?????',
  `total` int(11) DEFAULT NULL COMMENT '??',
  `user_id` varchar(48) NOT NULL COMMENT '??id',
  `post_time` datetime NOT NULL COMMENT '????',
  PRIMARY KEY (`answer_id`),
  KEY `post_time` (`post_time`),
  KEY `user_id` (`user_id`),
  KEY `exam_id` (`exam_id`)
) ENGINE=MyISAM AUTO_INCREMENT=16 DEFAULT CHARSET=utf8mb4 COMMENT='??';
/*!40101 SET character_set_client = @saved_cs_client */;

--
-- Dumping data for table `answer`
--

LOCK TABLES `answer` WRITE;
/*!40000 ALTER TABLE `answer` DISABLE KEYS */;
INSERT INTO `answer` VALUES (13,6,'{\"choice\":{\"1\":{\"id\":1,\"answer\":\"\",\"score\":\"5\",\"result\":false},\"2\":{\"id\":2,\"answer\":\"\",\"score\":\"5\",\"result\":false},\"3\":{\"id\":3,\"answer\":\"\",\"score\":\"5\",\"result\":false},\"4\":{\"id\":4,\"answer\":\"\",\"score\":\"5\",\"result\":false}},\"qa\":{\"1\":{\"id\":1,\"answer\":\"\",\"score\":0},\"2\":{\"id\":2,\"answer\":\"\",\"score\":0},\"3\":{\"id\":3,\"answer\":\"\",\"score\":0}}}',0,0,0,'admin','2019-01-12 22:00:20'),(14,7,'{\"choice\":{\"1\":{\"id\":1,\"answer\":\"B\",\"score\":\"10\",\"result\":false},\"2\":{\"id\":2,\"answer\":\"B\",\"score\":\"5\",\"result\":false},\"3\":{\"id\":3,\"answer\":\"A\",\"score\":\"5\",\"result\":false}},\"qa\":[]}',0,0,0,'test','2019-01-14 10:43:17'),(15,7,'{\"choice\":{\"1\":{\"id\":1,\"answer\":\"\",\"score\":\"10\",\"result\":false},\"2\":{\"id\":2,\"answer\":\"C\",\"score\":\"5\",\"result\":false},\"3\":{\"id\":3,\"answer\":\"B\",\"score\":\"5\",\"result\":true}},\"qa\":[]}',5,0,5,'admin','2019-01-16 23:11:09');
/*!40000 ALTER TABLE `answer` ENABLE KEYS */;
UNLOCK TABLES;

--
-- Table structure for table `article`
--

DROP TABLE IF EXISTS `article`;
/*!40101 SET @saved_cs_client     = @@character_set_client */;
/*!40101 SET character_set_client = utf8 */;
CREATE TABLE `article` (
  `article_id` int(11) NOT NULL AUTO_INCREMENT COMMENT '主键',
  `category_id` int(11) NOT NULL COMMENT '科目id',
  `title` varchar(45) NOT NULL COMMENT '标题',
  `content` mediumtext COMMENT '文章内容',
  `user_id` varchar(48) DEFAULT NULL,
  `post_time` datetime DEFAULT NULL,
  `status` tinyint(4) DEFAULT NULL,
  `nice` int(11) DEFAULT NULL,
  `scan` int(11) DEFAULT NULL,
  PRIMARY KEY (`article_id`),
  KEY `userid` (`user_id`),
  KEY `cid` (`category_id`)
) ENGINE=MyISAM AUTO_INCREMENT=7 DEFAULT CHARSET=utf8mb4 COMMENT='教学资源-文章';
/*!40101 SET character_set_client = @saved_cs_client */;

--
-- Dumping data for table `article`
--

LOCK TABLES `article` WRITE;
/*!40000 ALTER TABLE `article` DISABLE KEYS */;
INSERT INTO `article` VALUES (1,1,'python入门','<p style=\"color:#666666;font-family:\" font-size:14px;\"=\"\"> <span style=\"font-size:18px;\">Python是一种计算机程序设计语言。你可能已经听说过很多种流行的编程语言，比如非常难学的C语言，非常流行的Java语言，适合初学者的Basic语言，适合网页编程的JavaScript语言等等。</span> \r\n	</p>\r\n<p style=\"color:#666666;font-family:\" font-size:14px;\"=\"\"> <span style=\"font-size:18px;\">那Python是一种什么语言？a</span> \r\n</p>\r\n<p style=\"color:#666666;font-family:\" font-size:14px;\"=\"\"> <span style=\"font-size:18px;\">首先，我们普及一下编程语言的基础知识。用任何编程语言来开发程序，都是为了让计算机干活，比如下载一个MP3，编写一个文档等等，而计算机干活的CPU只认识机器指令，所以，尽管不同的编程语言差异极大，最后都得“翻译”成CPU可以执行的机器指令。而不同的编程语言，干同一个活，编写的代码量，差距也很大。</span> \r\n	</p>\r\n<p style=\"color:#666666;font-family:\" font-size:14px;\"=\"\"> <span style=\"font-size:18px;\">比如，完成同一个任务，C语言要写1000行代码，Java只需要写100行，而Python可能只要20行。</span> \r\n</p>\r\n<p style=\"color:#666666;font-family:\" font-size:14px;\"=\"\"> <span style=\"font-size:18px;\">所以Python是一种相当高级的语言。</span> \r\n	</p>\r\n<p style=\"color:#666666;font-family:\" font-size:14px;\"=\"\"> <span style=\"font-size:18px;\">你也许会问，代码少还不好？代码少的代价是运行速度慢，C程序运行1秒钟，Java程序可能需要2秒，而Python程序可能就需要10秒。</span> \r\n</p>\r\n<p style=\"color:#666666;font-family:\" font-size:14px;\"=\"\"> <span style=\"font-size:18px;\">那是不是越低级的程序越难学，越高级的程序越简单？表面上来说，是的，但是，在非常高的抽象计算中，高级的Python程序设计也是非常难学的，所以，高级程序语言不等于简单。</span> \r\n	</p>\r\n<p style=\"color:#666666;font-family:\" font-size:14px;\"=\"\"> <span style=\"font-size:18px;\">但是，对于初学者和完成普通任务，Python语言是非常简单易用的。连Google都在大规模使用Python，你就不用担心学了会没用。</span> \r\n</p>\r\n<p style=\"color:#666666;font-family:\" font-size:14px;\"=\"\"> <span style=\"font-size:18px;\">用Python可以做什么？可以做日常任务，比如自动备份你的MP3；可以做网站，很多著名的网站包括YouTube就是Python写的；可以做网络游戏的后台，很多在线游戏的后台都是Python开发的。总之就是能干很多很多事啦。</span> \r\n	</p>\r\n<p style=\"color:#666666;font-family:\" font-size:14px;\"=\"\"> <span style=\"font-size:18px;\">Python当然也有不能干的事情，比如写操作系统，这个只能用C语言写；写手机应用，只能用Swift/Objective-C（针对iPhone）和Java（针对Android）；写3D游戏，最好用C或C++。</span> \r\n</p>\r\n<p style=\"color:#666666;font-family:\" font-size:14px;\"=\"\"> <span style=\"font-size:18px;\">如果你是小白用户，满足以下条件：</span> \r\n	</p>\r\n<ul style=\"color:#666666;font-family:\" font-size:14px;\"=\"\">\r\n	<li>\r\n		<span style=\"font-size:18px;\">会使用电脑，但从来没写过程序；</span> \r\n	</li>\r\n	<li>\r\n		<span style=\"font-size:18px;\">还记得初中数学学的方程式和一点点代数知识；</span> \r\n	</li>\r\n	<li>\r\n		<span style=\"font-size:18px;\">想从编程小白变成专业的软件架构师；</span> \r\n	</li>\r\n	<li>\r\n		<span style=\"font-size:18px;\">每天能抽出半个小时学习。</span> \r\n	</li>\r\n		</ul>\r\n<p style=\"color:#666666;font-family:\" font-size:14px;\"=\"\"> <span style=\"font-size:18px;\">不要再犹豫了，这个教程就是为你准备的！</span> \r\n			</p>\r\n<span style=\"background-color:#E53333;font-size:18px;\"></span><br />','admin','2019-01-01 13:49:46',1,0,5),(2,1,'数据类型和关键字','<p style=\"color:#333333;font-family:&quot;font-size:14px;background-color:#FFFFFF;\">\r\n	<span style=\"font-size:18px;\">在程序的世界中，承载一系列的信息的数字和字符都属于数据类型，但计算机需要一种方法来区别和使用这些不同的类型。具体的，C通过识别一些基本的数据类型做到这些。如果是常量数据，编译器一般通过其书写来辨认其类型，比如：123是整数，3.14浮点数(即小数)。而变量则需要在声明语句中指定其类型，稍后会做详细介绍。我们先了解C语言的基本数据类型。&nbsp;</span>\r\n</p>\r\n<p style=\"color:#333333;font-family:&quot;font-size:14px;background-color:#FFFFFF;\">\r\n	<span style=\"font-size:18px;\">基本数据类型</span>\r\n</p>\r\n<p style=\"color:#333333;font-family:&quot;font-size:14px;background-color:#FFFFFF;\">\r\n	<br />\r\n<span style=\"font-size:18px;\">C语言的基本数据类型为：整型、字符型、实数型。这些类型按其在计算机中的存储方式可被分为两个系列，即整数(integer)类型和浮点数(floating-point)类型。&nbsp;</span><br />\r\n<span style=\"font-size:18px;\">这三种类型之下分别是：short、int、long、char、float、double 这六个关键字再加上两个符号说明符signed和unsigned就基本表示了C语言的最常用的数据类型。&nbsp;</span><br />\r\n<span style=\"font-size:18px;\">下面列出了在32位操作系统下 常见编译器下的数据类型大小及表示的数据范围：</span>\r\n</p>\r\n<p style=\"color:#333333;font-family:&quot;font-size:14px;background-color:#FFFFFF;\">\r\n	<br />\r\n</p>\r\n<table style=\"background-color:#FFFFFF;color:#333333;font-family:&quot;font-size:14px;\">\r\n	<tbody>\r\n		<tr class=\"firstRow\">\r\n			<td width=\"130\" valign=\"top\" style=\"border:1px solid #DDDDDD;\">\r\n				<span style=\"font-size:18px;\">类型名称</span>\r\n			</td>\r\n			<td width=\"94\" valign=\"top\" style=\"border:1px solid #DDDDDD;\">\r\n				<span style=\"font-size:18px;\">占字节数</span>\r\n			</td>\r\n			<td width=\"172\" valign=\"top\" style=\"border:1px solid #DDDDDD;\">\r\n				<span style=\"font-size:18px;\">其他叫法</span>\r\n			</td>\r\n			<td width=\"283\" valign=\"top\" style=\"border:1px solid #DDDDDD;\">\r\n				<span style=\"font-size:18px;\">表示的数据范围</span>\r\n			</td>\r\n		</tr>\r\n		<tr>\r\n			<td width=\"130\" valign=\"top\" style=\"border:1px solid #DDDDDD;\">\r\n				<span style=\"font-size:18px;\">char</span>\r\n			</td>\r\n			<td width=\"94\" valign=\"top\" style=\"border:1px solid #DDDDDD;\">\r\n				<span style=\"font-size:18px;\">1</span>\r\n			</td>\r\n			<td width=\"172\" valign=\"top\" style=\"border:1px solid #DDDDDD;\">\r\n				<span style=\"font-size:18px;\">signed char</span>\r\n			</td>\r\n			<td width=\"283\" valign=\"top\" style=\"border:1px solid #DDDDDD;\">\r\n				<span style=\"font-size:18px;\">-128 ~ 127</span>\r\n			</td>\r\n		</tr>\r\n		<tr>\r\n			<td width=\"130\" valign=\"top\" style=\"border:1px solid #DDDDDD;\">\r\n				<span style=\"font-size:18px;\">unsigned char</span>\r\n			</td>\r\n			<td width=\"94\" valign=\"top\" style=\"border:1px solid #DDDDDD;\">\r\n				<span style=\"font-size:18px;\">1</span>\r\n			</td>\r\n			<td width=\"172\" valign=\"top\" style=\"border:1px solid #DDDDDD;\">\r\n				<span style=\"font-size:18px;\">none</span>\r\n			</td>\r\n			<td width=\"283\" valign=\"top\" style=\"border:1px solid #DDDDDD;\">\r\n				<span style=\"font-size:18px;\">0 ~ 255</span>\r\n			</td>\r\n		</tr>\r\n		<tr>\r\n			<td width=\"130\" valign=\"top\" style=\"border:1px solid #DDDDDD;\">\r\n				<span style=\"font-size:18px;\">int</span>\r\n			</td>\r\n			<td width=\"94\" valign=\"top\" style=\"border:1px solid #DDDDDD;\">\r\n				<span style=\"font-size:18px;\">4</span>\r\n			</td>\r\n			<td width=\"172\" valign=\"top\" style=\"border:1px solid #DDDDDD;\">\r\n				<span style=\"font-size:18px;\">signed int</span>\r\n			</td>\r\n			<td width=\"283\" valign=\"top\" style=\"border:1px solid #DDDDDD;\">\r\n				<span style=\"font-size:18px;\">-2,147,483,648 ~ 2,147,483,647</span>\r\n			</td>\r\n		</tr>\r\n		<tr>\r\n			<td width=\"130\" valign=\"top\" style=\"border:1px solid #DDDDDD;\">\r\n				<span style=\"font-size:18px;\">unsigned int</span>\r\n			</td>\r\n			<td width=\"94\" valign=\"top\" style=\"border:1px solid #DDDDDD;\">\r\n				<span style=\"font-size:18px;\">4</span>\r\n			</td>\r\n			<td width=\"172\" valign=\"top\" style=\"border:1px solid #DDDDDD;\">\r\n				<span style=\"font-size:18px;\">unsigned</span>\r\n			</td>\r\n			<td width=\"283\" valign=\"top\" style=\"border:1px solid #DDDDDD;\">\r\n				<span style=\"font-size:18px;\">0 ~ 4,294,967,295</span>\r\n			</td>\r\n		</tr>\r\n		<tr>\r\n			<td width=\"130\" valign=\"top\" style=\"border:1px solid #DDDDDD;\">\r\n				<span style=\"font-size:18px;\">short</span>\r\n			</td>\r\n			<td width=\"94\" valign=\"top\" style=\"border:1px solid #DDDDDD;\">\r\n				<span style=\"font-size:18px;\">2</span>\r\n			</td>\r\n			<td width=\"172\" valign=\"top\" style=\"border:1px solid #DDDDDD;\">\r\n				<span style=\"font-size:18px;\">short int</span>\r\n			</td>\r\n			<td width=\"283\" valign=\"top\" style=\"border:1px solid #DDDDDD;\">\r\n				<span style=\"font-size:18px;\">-32,768 ~ 32,767</span>\r\n			</td>\r\n		</tr>\r\n		<tr>\r\n			<td width=\"130\" valign=\"top\" style=\"border:1px solid #DDDDDD;\">\r\n				<span style=\"font-size:18px;\">unsigned short</span>\r\n			</td>\r\n			<td width=\"94\" valign=\"top\" style=\"border:1px solid #DDDDDD;\">\r\n				<span style=\"font-size:18px;\">2</span>\r\n			</td>\r\n			<td width=\"172\" valign=\"top\" style=\"border:1px solid #DDDDDD;\">\r\n				<span style=\"font-size:18px;\">unsigned short int</span>\r\n			</td>\r\n			<td width=\"283\" valign=\"top\" style=\"border:1px solid #DDDDDD;\">\r\n				<span style=\"font-size:18px;\">0 ~ 65,535</span>\r\n			</td>\r\n		</tr>\r\n		<tr>\r\n			<td width=\"130\" valign=\"top\" style=\"border:1px solid #DDDDDD;\">\r\n				<span style=\"font-size:18px;\">long</span>\r\n			</td>\r\n			<td width=\"94\" valign=\"top\" style=\"border:1px solid #DDDDDD;\">\r\n				<span style=\"font-size:18px;\">4</span>\r\n			</td>\r\n			<td width=\"172\" valign=\"top\" style=\"border:1px solid #DDDDDD;\">\r\n				<span style=\"font-size:18px;\">long int</span>\r\n			</td>\r\n			<td width=\"283\" valign=\"top\" style=\"border:1px solid #DDDDDD;\">\r\n				<span style=\"font-size:18px;\">-2,147,483,648 ~ 2,147,483,647</span>\r\n			</td>\r\n		</tr>\r\n		<tr>\r\n			<td width=\"130\" valign=\"top\" style=\"border:1px solid #DDDDDD;\">\r\n				<span style=\"font-size:18px;\">unsigned long</span>\r\n			</td>\r\n			<td width=\"94\" valign=\"top\" style=\"border:1px solid #DDDDDD;\">\r\n				<span style=\"font-size:18px;\">4</span>\r\n			</td>\r\n			<td width=\"172\" valign=\"top\" style=\"border:1px solid #DDDDDD;\">\r\n				<span style=\"font-size:18px;\">unsigned long</span>\r\n			</td>\r\n			<td width=\"283\" valign=\"top\" style=\"border:1px solid #DDDDDD;\">\r\n				<span style=\"font-size:18px;\">0 ~ 4,294,967,295</span>\r\n			</td>\r\n		</tr>\r\n		<tr>\r\n			<td valign=\"top\" colspan=\"1\" rowspan=\"1\" width=\"130\" style=\"border:1px solid #DDDDDD;\">\r\n				<span style=\"font-size:18px;\">float</span>\r\n			</td>\r\n			<td valign=\"top\" colspan=\"1\" rowspan=\"1\" width=\"94\" style=\"border:1px solid #DDDDDD;\">\r\n				<span style=\"font-size:18px;\">4</span>\r\n			</td>\r\n			<td valign=\"top\" colspan=\"1\" rowspan=\"1\" width=\"172\" style=\"border:1px solid #DDDDDD;\">\r\n				<span style=\"font-size:18px;\">none</span>\r\n			</td>\r\n			<td valign=\"top\" colspan=\"1\" rowspan=\"1\" width=\"283\" style=\"border:1px solid #DDDDDD;\">\r\n				<span style=\"font-size:18px;\">3.4E +/- 38 (7 digits)</span>\r\n			</td>\r\n		</tr>\r\n		<tr>\r\n			<td valign=\"top\" colspan=\"1\" rowspan=\"1\" width=\"130\" style=\"border:1px solid #DDDDDD;\">\r\n				<span style=\"font-size:18px;\">double</span>\r\n			</td>\r\n			<td valign=\"top\" colspan=\"1\" rowspan=\"1\" width=\"94\" style=\"border:1px solid #DDDDDD;\">\r\n				<span style=\"font-size:18px;\">8</span>\r\n			</td>\r\n			<td valign=\"top\" colspan=\"1\" rowspan=\"1\" width=\"172\" style=\"border:1px solid #DDDDDD;\">\r\n				<span style=\"font-size:18px;\">none</span>\r\n			</td>\r\n			<td valign=\"top\" colspan=\"1\" rowspan=\"1\" width=\"283\" style=\"border:1px solid #DDDDDD;\">\r\n				<span style=\"font-size:18px;\">1.7E +/- 308 (15 digits)</span>\r\n			</td>\r\n		</tr>\r\n		<tr>\r\n			<td valign=\"top\" colspan=\"1\" rowspan=\"1\" width=\"130\" style=\"border:1px solid #DDDDDD;\">\r\n				<span style=\"font-size:18px;\">long double</span>\r\n			</td>\r\n			<td valign=\"top\" colspan=\"1\" rowspan=\"1\" width=\"94\" style=\"border:1px solid #DDDDDD;\">\r\n				<span style=\"font-size:18px;\">10</span>\r\n			</td>\r\n			<td valign=\"top\" colspan=\"1\" rowspan=\"1\" width=\"172\" style=\"border:1px solid #DDDDDD;\">\r\n				<span style=\"font-size:18px;\">none</span>\r\n			</td>\r\n			<td valign=\"top\" colspan=\"1\" rowspan=\"1\" width=\"283\" style=\"border:1px solid #DDDDDD;\">\r\n				<span style=\"font-size:18px;\">1.2E +/- 4932 (19 digits)</span><br />\r\n			</td>\r\n		</tr>\r\n	</tbody>\r\n</table>','admin','2019-01-12 09:38:15',1,0,0),(3,3,'智能控制概述','<div class=\"para-title level-2\" style=\"font-size:22px;font-family:&quot;margin:35px 0px 15px -30px;background:url(&quot;color:#333333;\">\r\n	<h2 class=\"title-text\" style=\"font-size:22px;color:#000000;font-weight:400;\">\r\n		<span style=\"font-size:18px;\">发展</span>\r\n	</h2>\r\n</div>\r\n<div class=\"para\" style=\"font-size:14px;color:#333333;font-family:arial, 宋体, sans-serif;background-color:#FFFFFF;\">\r\n	<span style=\"font-size:18px;\">智能控制的思想出现于20世纪60年代。当时，学习控制的研究十分活跃，并获得较好的应用。如自学习和自适应方法被开发出来，用于解决控制系统的随机特性问题和模型未知问题；1965年美国普渡大学</span><a target=\"_blank\" href=\"https://baike.baidu.com/item/%E5%82%85%E4%BA%AC%E5%AD%99\"><span style=\"font-size:18px;\">傅京孙</span></a><span style=\"font-size:18px;\">(K．S．Fu)教授首先把AI的启发式推理规则用于学习控制系统；1966年美国门德尔(J．M．Mendel)首先主张将AI用于飞船控制系统的设计。</span>\r\n</div>\r\n<div class=\"para\" style=\"font-size:14px;color:#333333;font-family:arial, 宋体, sans-serif;background-color:#FFFFFF;\">\r\n	<span style=\"font-size:18px;\">1967年，美国莱昂德斯(C．T．Leondes)等人首次正式使用“智能控制”一词。1971年，傅京孙论述了AI与自动控制的交叉关系。自此，自动控制与AI开始碰撞出火花，一个新兴的交叉领域——智能控制得到建立和发展。早期的智能控制系统采用比较初级的智能方法，如模式识别和学习方法等，而且发展速度十分缓慢。</span>\r\n</div>\r\n<div class=\"para\" style=\"font-size:14px;color:#333333;font-family:arial, 宋体, sans-serif;background-color:#FFFFFF;\">\r\n	<span style=\"font-size:18px;\">扎德于1965年发表了著名论文“Fuzzy Sets”，开辟了以表征人的感知和语言表达的模糊性这一普遍存在不确定性的模糊逻辑为基础的数学新领域——</span><a target=\"_blank\" href=\"https://baike.baidu.com/item/%E6%A8%A1%E7%B3%8A%E6%95%B0%E5%AD%A6\"><span style=\"font-size:18px;\">模糊数学</span></a><span style=\"font-size:18px;\">。1975年，英国马丹尼(E．H．Mamdani)成功地将模糊逻辑与模糊关系应用于工业控制系统，提出了能处理模糊不确定性、模拟人的操作经验规则的模糊控制方法。此后，在模糊控制的理论和应用两个方面，控制专家们进行厂大量研究，并取得一批令人感兴趣的成果，被视为智能控制中十分活跃、发展也较为深刻的智能控制方法。</span>\r\n</div>\r\n<div class=\"para\" style=\"font-size:14px;color:#333333;font-family:arial, 宋体, sans-serif;background-color:#FFFFFF;\">\r\n	<span style=\"font-size:18px;\">20世纪80年代，基于AI的规则表示与推理技术(尤其是专家系统)基于规则的专家控制系统得到迅速发展，如瑞典奥斯特隆姆(K．J．Astrom)的专家控制，美国萨里迪斯(G．M．Saridis)的机器人控制中的专家控制等。随着20世纪80年代中期人工神经网络研究的再度兴起，控制领域研究者们提出并迅速发展了充分利用人工神经网络良好的非线性逼近特性、自学习特性和容错特性的神经网络控制方法。</span>\r\n</div>\r\n<div class=\"para\" style=\"font-size:14px;color:#333333;font-family:arial, 宋体, sans-serif;background-color:#FFFFFF;\">\r\n	<span style=\"font-size:18px;\">随着研究的展开和深入，形成智能控制新学科的条件逐渐成熟。1985年8月，</span><a target=\"_blank\" href=\"https://baike.baidu.com/item/IEEE\"><span style=\"font-size:18px;\">IEEE</span></a><span style=\"font-size:18px;\">在美国纽约召开了第一届智能控制学术讨论会，讨论了智能控制原理和系统结构。由此，智能控制作为一门新兴学科得到广泛认同，并取得迅速发展。</span>\r\n</div>\r\n<div class=\"para\" style=\"font-size:14px;color:#333333;font-family:arial, 宋体, sans-serif;background-color:#FFFFFF;\">\r\n	<span style=\"font-size:18px;\">近十几年来．随着智能控制方法和技术的发展，智能控制迅速走向各种专业领域，应用于各类复杂被控对象的控制问题，如工业过程控制系统、机器人系统、现代生产制造系统、交通控制系统等。</span><span class=\"sup--normal\" style=\"font-size:18px;line-height:0;vertical-align:baseline;color:#3366CC;\">&nbsp;[2]</span><a name=\"ref_[2]_13820169\"></a><span style=\"font-size:18px;\">&nbsp;</span>\r\n</div>\r\n<div class=\"anchor-list\" style=\"color:#333333;font-family:arial, 宋体, sans-serif;background-color:#FFFFFF;\">\r\n	<a name=\"2\"></a><a name=\"sub13820169_2\"></a><a name=\"定义\"></a>\r\n</div>\r\n<div class=\"para-title level-2\" style=\"font-size:22px;font-family:&quot;margin:35px 0px 15px -30px;background:url(&quot;color:#333333;\">\r\n	<h2 class=\"title-text\" style=\"font-size:22px;color:#000000;font-weight:400;\">\r\n		<span style=\"font-size:18px;\">定义</span>\r\n	</h2>\r\n<a class=\"edit-icon j-edit-link\"><span class=\"cmn-icon wiki-lemma-icons wiki-lemma-icons_edit-lemma\" style=\"font-family:baikeFont_layout;line-height:1;vertical-align:text-bottom;color:#AAAAAA;\"></span><span style=\"font-size:18px;\">编辑</span></a>\r\n</div>\r\n<div class=\"para\" style=\"font-size:14px;color:#333333;font-family:arial, 宋体, sans-serif;background-color:#FFFFFF;\">\r\n	<span style=\"font-size:18px;\">智能控制的定义一： 智能控制是由智能机器自主地实现其目标的过程。而</span><a target=\"_blank\" href=\"https://baike.baidu.com/item/%E6%99%BA%E8%83%BD%E6%9C%BA%E5%99%A8\"><span style=\"font-size:18px;\">智能机器</span></a><span style=\"font-size:18px;\">则定义为，在结构化或非结构化的，熟悉的或陌生的环境中，自主地或与人交互地执行人类规定的任务的一种机器。</span>\r\n</div>\r\n<div class=\"para\" style=\"font-size:14px;color:#333333;font-family:arial, 宋体, sans-serif;background-color:#FFFFFF;\">\r\n	<span style=\"font-size:18px;\">定义二： K.J.奥斯托罗姆则认为，把人类具有的直觉推理和试凑法等智能加以形式化或机器模拟，并用于控制系统的分析与设计中，使之在一定程度上实现控制系统的智能化，这就是智能控制。他还认为自调节控制，自适应控制就是智能控制的低级体现。</span>\r\n</div>\r\n<div class=\"para\" style=\"font-size:14px;color:#333333;font-family:arial, 宋体, sans-serif;background-color:#FFFFFF;\">\r\n	<span style=\"font-size:18px;\">定义三： 智能控制是一类无需人的干预就能够自主地驱动智能机器实现其目标的自动控制，也是用计算机模拟人类智能的一个重要领域。</span>\r\n</div>\r\n<div class=\"para\" style=\"font-size:14px;color:#333333;font-family:arial, 宋体, sans-serif;background-color:#FFFFFF;\">\r\n	<span style=\"font-size:18px;\">定义四： 智能控制实际只是研究与模拟人类智能活动及其控制与信息传递过程的规律，研制具有仿人智能的工程控制与信息处理系统的一个新兴分支学科。</span>\r\n</div>\r\n<div>\r\n	<br />\r\n</div>\r\n<div class=\"para-title level-2\" style=\"font-size:22px;font-family:&quot;margin:35px 0px 15px -30px;background:url(&quot;color:#333333;\">\r\n</div>','admin','2019-01-12 17:06:09',1,0,0),(4,3,'C++游戏编程实例','<span style=\"font-size:18px;\">网络游戏开发分为：服务器编程、客户端编程、人工智能、数据库管理、游戏策划、美工设计、音乐特效等。</span><br />\r\n<br />\r\n<span style=\"font-size:18px;\">大型游戏往往需要团队合作开发，因此面向对象的编程思想在网络游戏中得到了广泛应用。</span><br />\r\n<br />\r\n<span style=\"font-size:18px;\">游戏开发基本流程：游戏初始化——游戏实现——游戏结束。</span><br />\r\n<br />\r\n<span style=\"font-size:18px;\">游戏初始化：加载游戏内容的缓存，如游戏人物、背景模型、音乐等素材，并初始化相关参数。</span><br />\r\n<br />\r\n<span style=\"font-size:18px;\">游戏实现：用户操作+游戏逻辑过程+游戏内容渲染。</span><br />\r\n<br />\r\n<span style=\"font-size:18px;\">游戏结束：释放游戏初始化时加载的缓存。</span><br />\r\n<br />\r\n<span style=\"font-size:18px;\">注：如果游戏结束时，不释放动态分配的缓存所用的内存空间，系统会弹出内存泄漏警告对话框。</span><br />\r\n<br />\r\n<span style=\"font-size:18px;\">&nbsp;</span><br />\r\n<br />\r\n<span style=\"font-size:18px;\">简单的游戏过程模拟程序：</span><br />\r\n<br />\r\n<span style=\"font-size:18px;\">当按下A、D键，人物分别向左向右移动。</span><br />\r\n<hr style=\"page-break-after:always;\" class=\"ke-pagebreak\" />\r\n<pre class=\"prettyprint lang-cpp\">enum CHARACTER_STATE{STATE_LIVE=0,STATE_DEAD};//枚举状态生/死\r\nenum CHARACTER_ACTION{ACTION_IDLE=0,ACTION_MOVE};//枚举动作静/动\r\nenum CHARACTER_EVENT{EVENT_EMPTY=0,EVENT_ATTACKED,EVENT_RESTART};//枚举事件空/被攻击/复活\r\n#include &lt;conio.h&gt;    //运用getch（）\r\n#include &lt;stdio.h&gt;    //运用输出函数\r\nvoid main()\r\n{\r\n	int _pos=0;    //初始化位置\r\n	int _state=STATE_LIVE;    //初始化状态\r\n	int _action=ACTION_IDLE;  //初始化动作\r\n	int _event=EVENT_EMPTY;   //初始化事件\r\n \r\n	int _key;    //声明按键\r\n	while(1)\r\n	{\r\n		printf(\"Idel at position:%d\\n\",_pos);\r\n		_action=ACTION_IDLE;\r\n		//fflush(stdin);\r\n		_key=getch();\r\n		//scanf(\"%c\",&amp;_key);\r\n \r\n		if(_key==\'E\')    //按E键退出\r\n		{\r\n			break;\r\n		}\r\n		if(_key==\'A\')    //A键左移\r\n		{\r\n			_action=ACTION_MOVE;\r\n			_pos--;\r\n		}\r\n		if(_key==\'D\')    //D键右移\r\n		{\r\n			_action=ACTION_MOVE;\r\n			_pos++;\r\n		}\r\n \r\n		switch(_action)\r\n		{\r\n		case ACTION_IDLE:\r\n			printf(\"Idel at position:%d\\n\",_pos);\r\n			break;\r\n		case ACTION_MOVE:\r\n			printf(\"Walk at position:%d\\n\",_pos);\r\n			break;\r\n		}\r\n \r\n		switch(_state)\r\n		{\r\n		case STATE_LIVE:    //存活状态\r\n			switch(_event)    //事件\r\n			{\r\n			case EVENT_ATTACKED:    //被攻击\r\n				_state=STATE_DEAD;\r\n				break;\r\n			case EVENT_RESTART:    //复活\r\n				break;\r\n			}\r\n			break;\r\n \r\n		case STATE_DEAD:    //死亡状态\r\n			switch(_event)\r\n			{\r\n			case EVENT_ATTACKED:    //被攻击\r\n				break;\r\n			case EVENT_RESTART:\r\n				_state=STATE_LIVE;    //复活\r\n				break;\r\n			}\r\n			break;\r\n		}\r\n	}\r\n}\r\n</pre>\r\n<br />\r\n<span style=\"font-size:18px;\"></span>','admin','2019-01-12 17:08:28',1,0,0),(5,3,'移动机器人入门篇','<span style=\"font-size:18px;\">我在接触机器人前，接触过单片机，那时候的单片机还是51、PIC16这种，当时就特别好奇：机器人一个关节需要几颗这样的芯片？这个问题我记得最清楚，因为做了机器人，发现根本不用芯片，整个机器人一个芯片就够了。不过随着认知的不断提升，这个问题很难回答。那我们就开始我们的机器人之旅。</span><br />\r\n<br />\r\n<span style=\"font-size:18px;\">&nbsp;</span><br />\r\n<br />\r\n<span style=\"font-size:18px;\">机器人解释为机器获得了一些人的特点。电视里经常看到的变形金刚、钢铁侠、铁胆火车侠都具有人的形状，更容易被人理解；</span><br />\r\n<span style=\"font-size:18px;\"></span><br />\r\n<span style=\"font-size:18px;\">&nbsp;</span><br />\r\n<br />\r\n<span style=\"font-size:18px;\">《特种部队》里出现的机器蜜蜂、《Agents of S.H.I.E.L.D》中的飞行器说是机器人我们也可以认可，因为这些仿生机器人科技含量很高；</span><br />\r\n<br />\r\n<span style=\"font-size:18px;\">&nbsp;</span><br />\r\n<br />\r\n<span style=\"font-size:18px;\">波士顿动力（www.bostondynamics.com）的大狗系列也可以说是机器人，即便它是机器人狗。</span><br />\r\n<br />\r\n<span style=\"font-size:18px;\">&nbsp;</span><br />\r\n<br />\r\n<span style=\"font-size:18px;\">不过大家一定记得机器人瓦力，这部08年安德鲁斯坦顿编导的《机器人总动员》，在无数科技爱好者心里埋下了机器人的种子。瓦力的特点是移动能力依靠履带，视觉能力靠两颗眼睛，具有两个机器人手臂，大脑发达。这种履带式的移动方式，也被目前的很多机器人采用，不过更适合野外，对于室内或者地面状况比较好的情景中，轮式以其高度的灵活性被广泛应用。这就像汽车里只有挖掘机类似的采用履带，而多数汽车都采用轮子。</span><br />\r\n<br />\r\n<span style=\"font-size:18px;\">&nbsp;</span><br />\r\n<br />\r\n<span style=\"font-size:18px;\">轮式移动机器人在移动机器人应用中占有很大的比例，最近火的一塌糊涂的申通小黄人（http://tv.fanjian.net/110237.html），代表了移动机器人在智能分拣系统中的应用，机器人的规模大家可以根据我国16年313亿件快递量推算。各大物流公司、电商都在积极布局，挖掘人才以及引入技术（http://www.agvbaike.com/cangchujiqiren/2017-03-28/6523.html）。</span><br />\r\n<br />\r\n<span style=\"font-size:18px;\">&nbsp;</span><br />\r\n<br />\r\n<span style=\"font-size:18px;\">其实这些移动机器人在物流以及电商火之前就存在，只不过名字不同，比如AGV（https://en.wikipedia.org/wiki/Automated_guided_vehicle)，在20世纪就开始服役。现在仓储物流火了，各大AGV公司开始了变形计。</span><br />\r\n<span style=\"font-size:18px;\">---------------------&nbsp;</span><br />\r\n<span style=\"font-size:18px;\">作者：BillyThe&nbsp;</span><br />\r\n<span style=\"font-size:18px;\">来源：CSDN&nbsp;</span><br />\r\n<span style=\"font-size:18px;\">原文：https://blog.csdn.net/billythe/article/details/71758807&nbsp;</span><br />\r\n<span style=\"font-size:18px;\">版权声明：本文为博主原创文章，转载请附上博文链接！</span><br />','admin','2019-01-12 17:10:09',1,0,0),(6,8,'人工智能简述','<p style=\"color:#333333;font-family:&quot;font-size:16px;text-align:justify;background-color:#FFFFFF;\">\r\n	<strong><span style=\"font-size:18px;\">人工智能是什么?</span></strong>\r\n</p>\r\n<p style=\"color:#333333;font-family:&quot;font-size:16px;text-align:justify;background-color:#FFFFFF;\">\r\n	<span style=\"font-size:18px;\">人工智能是具有学习机制的软件或计算机程序。人工智能使用这种知识在新的情况下做出决定，就像人类一样。构建该软件的研究人员尝试编写可以读取图像，文本，视频或音频的代码，使得人工智能从中学习一些东西。 一旦机器学到了，知识就可以在别的地方使用。 如果一个算法学会识别某人的脸，那么可以在Facebook照片中找到它们。 在现代AI中，学习通常被称为“训练”(将在后文进行介绍)。</span>\r\n</p>\r\n<p style=\"color:#333333;font-family:&quot;font-size:16px;text-align:justify;background-color:#FFFFFF;\">\r\n	<span style=\"font-size:18px;\">人类自然会学习复杂的想法：我们可以看到像苹果这样的对象，然后在以后识别一个不同的苹果。 机器是非常字面化的 - 电脑没有对“类似”的灵活概念。人工智能的目标是使机器减少仅基于文本而形成的概念。 机器很容易判断两张苹果的图像或两个句子是否完全相同，但人工智能旨在从不同的角度或不同的光线识别同一苹果的图片; 它捕捉视觉角度去识别苹果。这被称为“泛化”或基于数据的相似性形成想法，而不仅仅是基于AI所看到的图像或文本。 更普遍的想法可以应用于AI以前没有看到的事情。</span>\r\n</p>\r\n<p style=\"color:#333333;font-family:&quot;font-size:16px;text-align:justify;background-color:#FFFFFF;\">\r\n	<span style=\"font-size:18px;\">卡内基梅隆大学计算机科学教授亚历克斯·鲁德尼奇(Alex Rudnicky)说：“人工智能的目标是将复杂的人类行为降低到可以计算的一种形式。 “这反过来又使得我们能够建立对人类有用的可以从事复杂活动的系统。”</span>\r\n</p>','admin','2019-01-12 17:11:15',1,0,1);
/*!40000 ALTER TABLE `article` ENABLE KEYS */;
UNLOCK TABLES;

--
-- Table structure for table `balloon`
--

DROP TABLE IF EXISTS `balloon`;
/*!40101 SET @saved_cs_client     = @@character_set_client */;
/*!40101 SET character_set_client = utf8 */;
CREATE TABLE `balloon` (
  `balloon_id` int(11) NOT NULL AUTO_INCREMENT,
  `user_id` char(48) NOT NULL,
  `sid` int(11) NOT NULL,
  `cid` int(11) NOT NULL,
  `pid` int(11) NOT NULL,
  `status` smallint(6) NOT NULL DEFAULT '0',
  PRIMARY KEY (`balloon_id`)
) ENGINE=MyISAM DEFAULT CHARSET=utf8;
/*!40101 SET character_set_client = @saved_cs_client */;

--
-- Dumping data for table `balloon`
--

LOCK TABLES `balloon` WRITE;
/*!40000 ALTER TABLE `balloon` DISABLE KEYS */;
/*!40000 ALTER TABLE `balloon` ENABLE KEYS */;
UNLOCK TABLES;

--
-- Table structure for table `blog`
--

DROP TABLE IF EXISTS `blog`;
/*!40101 SET @saved_cs_client     = @@character_set_client */;
/*!40101 SET character_set_client = utf8 */;
CREATE TABLE `blog` (
  `blog_id` int(11) NOT NULL AUTO_INCREMENT,
  `title` varchar(100) NOT NULL,
  `content` text,
  `language` int(11) NOT NULL DEFAULT '-1',
  `user_id` varchar(48) NOT NULL,
  `post_time` datetime DEFAULT NULL,
  `status` int(2) NOT NULL,
  `nice` int(11) NOT NULL,
  `scan` int(11) NOT NULL,
  PRIMARY KEY (`blog_id`)
) ENGINE=MyISAM AUTO_INCREMENT=1010 DEFAULT CHARSET=utf8;
/*!40101 SET character_set_client = @saved_cs_client */;

--
-- Dumping data for table `blog`
--

LOCK TABLES `blog` WRITE;
/*!40000 ALTER TABLE `blog` DISABLE KEYS */;
INSERT INTO `blog` VALUES (1000,'c/c++学习资料','<p align=\"left\" style=\"font-size:13px;font-family:verdana, &quot;\">\r\n	随着互联网及互联网+深入蓬勃的发展，经过40余年的时间洗礼，C/C++俨然已成为一门贵族语言，出色的性能使之成为高级语言中的性能王者。而在今天，它又扮演着什么样重要的角色呢？请往下看：\r\n</p>\r\n<p align=\"left\" style=\"font-size:13px;font-family:verdana, &quot;\">\r\n	后端服务器，移动互联网后端，经典Windows界面开发，移动互联网端界面开发，跨平台界面开发，图形分析，系统架构，应用设计，还有现在最为流行的分布架构等一些新的技术领域。\r\n</p>\r\n<p align=\"left\" style=\"font-size:13px;font-family:verdana, &quot;\">\r\n	&nbsp;这么牛的语言，你是不是想知道怎样学习和掌握它呢？接下来请看经过小编整理过C/C++工程师必备知识的思维导图。\r\n</p>\r\n<p align=\"left\" style=\"font-size:13px;font-family:verdana, &quot;\">\r\n	<img src=\"https://images2015.cnblogs.com/blog/996618/201608/996618-20160825135018085-1137615613.png\" alt=\"\" style=\"height:auto;\" />\r\n</p>\r\n<p style=\"font-size:13px;font-family:verdana, &quot;\">\r\n	初学者看到这么密集的知识点，是不是有点眼晕呢？的确，C/C++是一门知识面覆盖很广的学科。想学好C/C++的你并不需要慌张，内容虽多，但依然有法可依。只要有足够的耐心和毅力，加上正确的学习方法，就不怕你学不好C/C++。\r\n</p>\r\n<p style=\"font-size:13px;font-family:verdana, &quot;\">\r\n	既然如此，C/C++开发到底需要学些什么呢，又应该怎么学呢？接下来由黑马程序员C/C++学院教你如何从零基础学习C/C++开发，快速进入牛人之列，掌握这门贵族语言。\r\n</p>\r\n<p style=\"font-size:13px;font-family:verdana, &quot;\">\r\n	&nbsp;\r\n</p>',-1,'test','2019-01-01 13:32:35',1,4,18),(1001,'XJX到此一游','<p>\r\n	骄傲了的房间里世界逢狼时刻减肥路上风景老师快放假了房间里是否及时答复就爱上了的分解落实地方记录是否建立双方建立积分大奖哦irjeojowjasjdffsldkfjlsjfdldsjfdsf\r\n</p>\r\n<p>\r\n	<br />\r\n</p>',-1,'1111','2019-01-06 21:56:55',1,0,10),(1002,'什么是命名空间？','<p style=\"color:#333333;font-family:&quot;font-size:14px;background-color:#FFFFFF;\">\r\n	<span style=\"font-size:18px;\">什么是命名空间？</span>\r\n</p>\r\n<p style=\"color:#333333;font-family:&quot;font-size:14px;background-color:#FFFFFF;\">\r\n	<span style=\"font-size:18px;\">为什么要写using namespace std;这句话呢</span>\r\n</p>\r\n<p style=\"color:#333333;font-family:&quot;font-size:14px;background-color:#FFFFFF;\">\r\n	<span style=\"font-size:18px;\">&nbsp;</span>\r\n</p>\r\n<p style=\"color:#333333;font-family:&quot;font-size:14px;background-color:#FFFFFF;\">\r\n	<span style=\"font-size:18px;\">这是C++新引入的一个机制，主要是为了解决多个模块间命名冲突的问题，就像现实生活中两个人重名一个道理。C++把相同的名字都放到不同的空间里，来防止名字的冲突</span>\r\n</p>\r\n<p style=\"color:#333333;font-family:&quot;font-size:14px;background-color:#FFFFFF;\">\r\n	<span style=\"font-size:18px;\">例如标准C++库提供的对象都存放在std这个标准名字空中，比如cin、cout、endl,所以我们会看到在C++程序中都会有using namespace std;这句话了</span>\r\n</p>\r\n<p style=\"color:#333333;font-family:&quot;font-size:14px;background-color:#FFFFFF;\">\r\n	<span style=\"font-size:18px;\"><br />\r\n</span>\r\n</p>\r\n<p style=\"color:#333333;font-family:&quot;font-size:14px;background-color:#FFFFFF;\">\r\n	<span style=\"font-size:18px;\">\r\n	<p style=\"color:#333333;font-family:&quot;font-size:14px;background-color:#FFFFFF;\">\r\n		如程序：\r\n	</p>\r\n	<table border=\"0\" cellpadding=\"0\" cellspacing=\"0\" class=\"syntaxhighlighter cpp ke-zeroborder\" style=\"font-family:Monaco, Menlo, Consolas, &quot;width:763px;color:#333333;background:0px 0px #F5F5F5 !important;border:1px solid #CCCCCC !important;padding:0px !important;font-size:13px !important;\">\r\n		<tbody>\r\n			<tr>\r\n				<td class=\"gutter\" style=\"font-family:Monaco, Menlo, Consolas, &quot;background-color:#F7F7F9 !important;vertical-align:baseline !important;font-size:13px !important;color:#AFAFAF !important;\">\r\n					<div class=\"line number1 index0 alt2\" style=\"background:0px 0px !important;border:0px !important;margin:0px !important;padding:0px 0.5em 0px 1em !important;text-align:right !important;vertical-align:baseline !important;\">\r\n						1\r\n					</div>\r\n					<div class=\"line number2 index1 alt1\" style=\"background:0px 0px !important;border:0px !important;margin:0px !important;padding:0px 0.5em 0px 1em !important;text-align:right !important;vertical-align:baseline !important;\">\r\n						2\r\n					</div>\r\n					<div class=\"line number3 index2 alt2\" style=\"background:0px 0px !important;border:0px !important;margin:0px !important;padding:0px 0.5em 0px 1em !important;text-align:right !important;vertical-align:baseline !important;\">\r\n						3\r\n					</div>\r\n					<div class=\"line number4 index3 alt1\" style=\"background:0px 0px !important;border:0px !important;margin:0px !important;padding:0px 0.5em 0px 1em !important;text-align:right !important;vertical-align:baseline !important;\">\r\n						4\r\n					</div>\r\n					<div class=\"line number5 index4 alt2\" style=\"background:0px 0px !important;border:0px !important;margin:0px !important;padding:0px 0.5em 0px 1em !important;text-align:right !important;vertical-align:baseline !important;\">\r\n						5\r\n					</div>\r\n					<div class=\"line number6 index5 alt1\" style=\"background:0px 0px !important;border:0px !important;margin:0px !important;padding:0px 0.5em 0px 1em !important;text-align:right !important;vertical-align:baseline !important;\">\r\n						6\r\n					</div>\r\n					<div class=\"line number7 index6 alt2\" style=\"background:0px 0px !important;border:0px !important;margin:0px !important;padding:0px 0.5em 0px 1em !important;text-align:right !important;vertical-align:baseline !important;\">\r\n						7\r\n					</div>\r\n				</td>\r\n				<td class=\"code\" style=\"font-family:Monaco, Menlo, Consolas, &quot;background:white;border:1px solid #DDDDDD;vertical-align:baseline !important;font-size:13px !important;\">\r\n					<div class=\"container\" style=\"padding:0px !important;margin:0px !important;background:0px 0px !important;border:0px !important;vertical-align:baseline !important;\">\r\n						<div class=\"line number1 index0 alt2\" style=\"background:0px 0px !important;border:0px !important;margin:0px !important;padding:0px 1em !important;vertical-align:baseline !important;\">\r\n							#include&lt;iostream&gt;\r\n						</div>\r\n						<div class=\"line number2 index1 alt1\" style=\"background:0px 0px !important;border:0px !important;margin:0px !important;padding:0px 1em !important;vertical-align:baseline !important;\">\r\n							using&nbsp;namespace&nbsp;std;\r\n						</div>\r\n						<div class=\"line number3 index2 alt2\" style=\"background:0px 0px !important;border:0px !important;margin:0px !important;padding:0px 1em !important;vertical-align:baseline !important;\">\r\n							int&nbsp;main()\r\n						</div>\r\n						<div class=\"line number4 index3 alt1\" style=\"background:0px 0px !important;border:0px !important;margin:0px !important;padding:0px 1em !important;vertical-align:baseline !important;\">\r\n							{\r\n						</div>\r\n						<div class=\"line number5 index4 alt2\" style=\"background:0px 0px !important;border:0px !important;margin:0px !important;padding:0px 1em !important;vertical-align:baseline !important;\">\r\n							&nbsp;&nbsp;&nbsp;&nbsp;cout&lt;&lt;\"Nice&nbsp;to&nbsp;meet&nbsp;you!\"&lt;&lt;endl;\r\n						</div>\r\n						<div class=\"line number6 index5 alt1\" style=\"background:0px 0px !important;border:0px !important;margin:0px !important;padding:0px 1em !important;vertical-align:baseline !important;\">\r\n							&nbsp;&nbsp;&nbsp;&nbsp;return&nbsp;0;\r\n						</div>\r\n						<div class=\"line number7 index6 alt2\" style=\"background:0px 0px !important;border:0px !important;margin:0px !important;padding:0px 1em !important;vertical-align:baseline !important;\">\r\n							}\r\n						</div>\r\n					</div>\r\n				</td>\r\n			</tr>\r\n		</tbody>\r\n	</table>\r\n<br />\r\n<br />\r\n<br />\r\n</span>\r\n</p>',-1,'admin','2019-01-12 09:36:59',1,1,1),(1003,'C++中的输入输出','<p style=\"color:#333333;font-family:&quot;font-size:14px;background-color:#FFFFFF;\">\r\n	<span style=\"font-size:24px;\">C++程序中程序的输入输出，除了完全兼容C的写法，即使用printf和scanf函数来实现以外，C++也有自己的一套输入输出流（这里提到的流是指从某种IO设备上读入或写出的字符序列，习惯称之为“流”。）C++中的输入输出流分别用cin和cout来表示，使用之前需要以来标准库iostream，即也要开头加一句#include&lt;iostream&gt;，下面给大家展示如何使用cin和cout</span>\r\n</p>\r\n<h2 style=\"color:#333333;font-family:&quot;font-size:14px;background-color:#FFFFFF;\">\r\n	<span style=\"font-size:24px;\">&nbsp;<br />\r\n</span><span style=\"font-size:24px;\">1. cout输出流的使用</span>\r\n</h2>\r\n<p style=\"color:#333333;font-family:&quot;font-size:14px;background-color:#FFFFFF;\">\r\n	<span style=\"font-size:24px;\">&nbsp;</span>\r\n</p>\r\n<p style=\"color:#333333;font-family:&quot;font-size:14px;background-color:#FFFFFF;\">\r\n	<span style=\"font-size:24px;\">cout输出流需要搭配&lt;&lt;输出操作符来使用，如输出语句：</span>\r\n</p>\r\n<p style=\"color:#333333;font-family:&quot;font-size:14px;background-color:#FFFFFF;\">\r\n	<span style=\"font-size:24px;\">cout&lt;&lt;\"Hello\";</span>\r\n</p>\r\n<p style=\"color:#333333;font-family:&quot;font-size:14px;background-color:#FFFFFF;\">\r\n	<span style=\"font-size:24px;\">即会在屏幕上显示字符串Hello</span>\r\n</p>\r\n<p style=\"color:#333333;font-family:&quot;font-size:14px;background-color:#FFFFFF;\">\r\n	<span style=\"font-size:24px;\">本质上，是将字符串\"Hello\"插入到cout对象里，并以cout对象作为返回值返回，因此你还可以用&lt;&lt;在后面连续输出多个内容，如：</span>\r\n</p>\r\n<table border=\"0\" cellpadding=\"0\" cellspacing=\"0\" class=\"syntaxhighlighter cpp ke-zeroborder\" style=\"font-family:Monaco, Menlo, Consolas, &quot;width:763px;color:#333333;background:none #F5F5F5 !important;border:1px solid #CCCCCC !important;padding:0px !important;font-size:13px !important;\">\r\n	<tbody>\r\n		<tr>\r\n			<td class=\"gutter\" style=\"font-family:Monaco, Menlo, Consolas, &quot;background-color:#F7F7F9 !important;vertical-align:baseline !important;font-size:13px !important;color:#AFAFAF !important;\">\r\n				<div class=\"line number1 index0 alt2\" style=\"background:none !important;border:0px !important;margin:0px !important;padding:0px 0.5em 0px 1em !important;text-align:right !important;vertical-align:baseline !important;\">\r\n					<span style=\"font-size:24px;\">1</span>\r\n				</div>\r\n			</td>\r\n			<td class=\"code\" style=\"font-family:Monaco, Menlo, Consolas, &quot;background:white;border:1px solid #DDDDDD;vertical-align:baseline !important;font-size:13px !important;\">\r\n				<div class=\"container\" style=\"padding:0px !important;margin:0px !important;background:none !important;border:0px !important;vertical-align:baseline !important;\">\r\n					<div class=\"line number1 index0 alt2\" style=\"background:none !important;border:0px !important;margin:0px !important;padding:0px 1em !important;vertical-align:baseline !important;\">\r\n						<span style=\"font-size:24px;\">cout&lt;&lt;\"Hello\"&lt;&lt;\"&nbsp;www.dotcpp.com\";</span>\r\n					</div>\r\n				</div>\r\n			</td>\r\n		</tr>\r\n	</tbody>\r\n</table>\r\n<p style=\"color:#333333;font-family:&quot;font-size:14px;background-color:#FFFFFF;\">\r\n	<span style=\"font-size:24px;\">屏幕上将显示Hello www.dotcpp.com</span>\r\n</p>\r\n<p style=\"color:#333333;font-family:&quot;font-size:14px;background-color:#FFFFFF;\">\r\n	<span style=\"font-size:24px;\">大家可以自行上机学习试验！</span>\r\n</p>\r\n<p style=\"color:#333333;font-family:&quot;font-size:14px;background-color:#FFFFFF;\">\r\n	<span style=\"font-size:24px;\">&nbsp;</span>\r\n</p>\r\n<p style=\"color:#333333;font-family:&quot;font-size:14px;background-color:#FFFFFF;\">\r\n	<span style=\"font-size:24px;\">额外的，提到cout，最常用到的还有endl操纵符，可以直接将它插入到cout里，起输出换行的效果</span>\r\n</p>',-1,'admin','2019-01-12 11:15:35',1,1,1),(1004,'C++中的数据类型','<p style=\"color:#333333;font-family:&quot;font-size:14px;background-color:#FFFFFF;\">\r\n	<span style=\"font-size:16px;\">C++中的数据类型，常用的有int、char、float、double分别表示整形、字符型、单精度和双精度类型，包括它们的扩展类型与C语言中用法都一致，例如下面一段C++程序：</span>\r\n</p>\r\n<table border=\"0\" cellpadding=\"0\" cellspacing=\"0\" class=\"syntaxhighlighter cpp ke-zeroborder\" style=\"font-family:Monaco, Menlo, Consolas, &quot;width:763px;color:#333333;background:none #F5F5F5 !important;border:1px solid #CCCCCC !important;padding:0px !important;font-size:13px !important;\">\r\n	<tbody>\r\n		<tr>\r\n			<td class=\"gutter\" style=\"font-family:Monaco, Menlo, Consolas, &quot;background-color:#F7F7F9 !important;vertical-align:baseline !important;font-size:13px !important;color:#AFAFAF !important;\">\r\n				<div class=\"line number1 index0 alt2\" style=\"background:none !important;border:0px !important;margin:0px !important;padding:0px 0.5em 0px 1em !important;text-align:right !important;vertical-align:baseline !important;\">\r\n					<span style=\"font-size:16px;\">1</span>\r\n				</div>\r\n				<div class=\"line number2 index1 alt1\" style=\"background:none !important;border:0px !important;margin:0px !important;padding:0px 0.5em 0px 1em !important;text-align:right !important;vertical-align:baseline !important;\">\r\n					<span style=\"font-size:16px;\">2</span>\r\n				</div>\r\n				<div class=\"line number3 index2 alt2\" style=\"background:none !important;border:0px !important;margin:0px !important;padding:0px 0.5em 0px 1em !important;text-align:right !important;vertical-align:baseline !important;\">\r\n					<span style=\"font-size:16px;\">3</span>\r\n				</div>\r\n				<div class=\"line number4 index3 alt1\" style=\"background:none !important;border:0px !important;margin:0px !important;padding:0px 0.5em 0px 1em !important;text-align:right !important;vertical-align:baseline !important;\">\r\n					<span style=\"font-size:16px;\">4</span>\r\n				</div>\r\n				<div class=\"line number5 index4 alt2\" style=\"background:none !important;border:0px !important;margin:0px !important;padding:0px 0.5em 0px 1em !important;text-align:right !important;vertical-align:baseline !important;\">\r\n					<span style=\"font-size:16px;\">5</span>\r\n				</div>\r\n				<div class=\"line number6 index5 alt1\" style=\"background:none !important;border:0px !important;margin:0px !important;padding:0px 0.5em 0px 1em !important;text-align:right !important;vertical-align:baseline !important;\">\r\n					<span style=\"font-size:16px;\">6</span>\r\n				</div>\r\n				<div class=\"line number7 index6 alt2\" style=\"background:none !important;border:0px !important;margin:0px !important;padding:0px 0.5em 0px 1em !important;text-align:right !important;vertical-align:baseline !important;\">\r\n					<span style=\"font-size:16px;\">7</span>\r\n				</div>\r\n				<div class=\"line number8 index7 alt1\" style=\"background:none !important;border:0px !important;margin:0px !important;padding:0px 0.5em 0px 1em !important;text-align:right !important;vertical-align:baseline !important;\">\r\n					<span style=\"font-size:16px;\">8</span>\r\n				</div>\r\n				<div class=\"line number9 index8 alt2\" style=\"background:none !important;border:0px !important;margin:0px !important;padding:0px 0.5em 0px 1em !important;text-align:right !important;vertical-align:baseline !important;\">\r\n					<span style=\"font-size:16px;\">9</span>\r\n				</div>\r\n				<div class=\"line number10 index9 alt1\" style=\"background:none !important;border:0px !important;margin:0px !important;padding:0px 0.5em 0px 1em !important;text-align:right !important;vertical-align:baseline !important;\">\r\n					<span style=\"font-size:16px;\">10</span>\r\n				</div>\r\n				<div class=\"line number11 index10 alt2\" style=\"background:none !important;border:0px !important;margin:0px !important;padding:0px 0.5em 0px 1em !important;text-align:right !important;vertical-align:baseline !important;\">\r\n					<span style=\"font-size:16px;\">11</span>\r\n				</div>\r\n				<div class=\"line number12 index11 alt1\" style=\"background:none !important;border:0px !important;margin:0px !important;padding:0px 0.5em 0px 1em !important;text-align:right !important;vertical-align:baseline !important;\">\r\n					<span style=\"font-size:16px;\">12</span>\r\n				</div>\r\n				<div class=\"line number13 index12 alt2\" style=\"background:none !important;border:0px !important;margin:0px !important;padding:0px 0.5em 0px 1em !important;text-align:right !important;vertical-align:baseline !important;\">\r\n					<span style=\"font-size:16px;\">13</span>\r\n				</div>\r\n				<div class=\"line number14 index13 alt1\" style=\"background:none !important;border:0px !important;margin:0px !important;padding:0px 0.5em 0px 1em !important;text-align:right !important;vertical-align:baseline !important;\">\r\n					<span style=\"font-size:16px;\">14</span>\r\n				</div>\r\n			</td>\r\n			<td class=\"code\" style=\"font-family:Monaco, Menlo, Consolas, &quot;background:white;border:1px solid #DDDDDD;vertical-align:baseline !important;font-size:13px !important;\">\r\n				<div class=\"container\" style=\"padding:0px !important;margin:0px !important;background:none !important;border:0px !important;vertical-align:baseline !important;\">\r\n					<div class=\"line number1 index0 alt2\" style=\"background:none !important;border:0px !important;margin:0px !important;padding:0px 1em !important;vertical-align:baseline !important;\">\r\n						<span style=\"font-size:16px;\">#include&lt;iostream&gt;</span>\r\n					</div>\r\n					<div class=\"line number2 index1 alt1\" style=\"background:none !important;border:0px !important;margin:0px !important;padding:0px 1em !important;vertical-align:baseline !important;\">\r\n						<span style=\"font-size:16px;\">using&nbsp;namespace&nbsp;std;</span>\r\n					</div>\r\n					<div class=\"line number3 index2 alt2\" style=\"background:none !important;border:0px !important;margin:0px !important;padding:0px 1em !important;vertical-align:baseline !important;\">\r\n						<span style=\"font-size:16px;\">int&nbsp;main()</span>\r\n					</div>\r\n					<div class=\"line number4 index3 alt1\" style=\"background:none !important;border:0px !important;margin:0px !important;padding:0px 1em !important;vertical-align:baseline !important;\">\r\n						<span style=\"font-size:16px;\">{</span>\r\n					</div>\r\n					<div class=\"line number5 index4 alt2\" style=\"background:none !important;border:0px !important;margin:0px !important;padding:0px 1em !important;vertical-align:baseline !important;\">\r\n						<span style=\"font-size:16px;\">&nbsp;&nbsp;&nbsp;&nbsp;int&nbsp;num;//学生学号</span>\r\n					</div>\r\n					<div class=\"line number6 index5 alt1\" style=\"background:none !important;border:0px !important;margin:0px !important;padding:0px 1em !important;vertical-align:baseline !important;\">\r\n						<span style=\"font-size:16px;\">&nbsp;&nbsp;&nbsp;&nbsp;char&nbsp;sex;//性别</span>\r\n					</div>\r\n					<div class=\"line number7 index6 alt2\" style=\"background:none !important;border:0px !important;margin:0px !important;padding:0px 1em !important;vertical-align:baseline !important;\">\r\n						<span style=\"font-size:16px;\">&nbsp;&nbsp;&nbsp;&nbsp;double&nbsp;score1;//科目一成绩</span>\r\n					</div>\r\n					<div class=\"line number8 index7 alt1\" style=\"background:none !important;border:0px !important;margin:0px !important;padding:0px 1em !important;vertical-align:baseline !important;\">\r\n						<span style=\"font-size:16px;\">&nbsp;&nbsp;&nbsp;&nbsp;double&nbsp;score2;//科目二成绩</span>\r\n					</div>\r\n					<div class=\"line number9 index8 alt2\" style=\"background:none !important;border:0px !important;margin:0px !important;padding:0px 1em !important;vertical-align:baseline !important;\">\r\n						<span style=\"font-size:16px;\">&nbsp;&nbsp;&nbsp;&nbsp;double&nbsp;score3;//科目三成绩</span>\r\n					</div>\r\n					<div class=\"line number10 index9 alt1\" style=\"background:none !important;border:0px !important;margin:0px !important;padding:0px 1em !important;vertical-align:baseline !important;\">\r\n						<span style=\"font-size:16px;\">&nbsp;&nbsp;&nbsp;&nbsp;cout&lt;&lt;\"Please&nbsp;input&nbsp;student\'s&nbsp;ID、‘M’&nbsp;or&nbsp;‘W’、score1、score2&nbsp;and&nbsp;score3\"&lt;&lt;endl;</span>\r\n					</div>\r\n					<div class=\"line number11 index10 alt2\" style=\"background:none !important;border:0px !important;margin:0px !important;padding:0px 1em !important;vertical-align:baseline !important;\">\r\n						<span style=\"font-size:16px;\">&nbsp;&nbsp;&nbsp;&nbsp;cin&gt;&gt;num&gt;&gt;sex&gt;&gt;score1&gt;&gt;score2&gt;&gt;score3;</span>\r\n					</div>\r\n					<div class=\"line number12 index11 alt1\" style=\"background:none !important;border:0px !important;margin:0px !important;padding:0px 1em !important;vertical-align:baseline !important;\">\r\n						<span style=\"font-size:16px;\">&nbsp;&nbsp;&nbsp;&nbsp;cout&lt;&lt;\"ID:\"&lt;&lt;num&lt;&lt;\"&nbsp;\"&lt;&lt;sex&lt;&lt;\"&nbsp;Total&nbsp;score&nbsp;is:\"&lt;&lt;score1+score2+score3&lt;&lt;endl;//输出该学生信息及总成绩</span>\r\n					</div>\r\n					<div class=\"line number13 index12 alt2\" style=\"background:none !important;border:0px !important;margin:0px !important;padding:0px 1em !important;vertical-align:baseline !important;\">\r\n						<span style=\"font-size:16px;\">&nbsp;&nbsp;&nbsp;&nbsp;return&nbsp;0;</span>\r\n					</div>\r\n					<div class=\"line number14 index13 alt1\" style=\"background:none !important;border:0px !important;margin:0px !important;padding:0px 1em !important;vertical-align:baseline !important;\">\r\n						<span style=\"font-size:16px;\">}</span>\r\n					</div>\r\n				</div>\r\n			</td>\r\n		</tr>\r\n	</tbody>\r\n</table>\r\n<p style=\"color:#333333;font-family:&quot;font-size:14px;background-color:#FFFFFF;\">\r\n	<span style=\"font-size:16px;\">运行结果如下</span>\r\n</p>\r\n<p style=\"color:#333333;font-family:&quot;font-size:14px;background-color:#FFFFFF;\">\r\n	<br />\r\n</p>\r\n<p style=\"color:#333333;font-family:&quot;font-size:14px;background-color:#FFFFFF;\">\r\n	<br />\r\n</p>\r\n<p style=\"color:#333333;font-family:&quot;font-size:14px;background-color:#FFFFFF;\">\r\n	<img src=\"http://www.dotcpp.com/oj/ueditor/php/upload/image/20171031/1509447080461467.png\" title=\"1509447080461467.png\" alt=\"1509447080461467.png\" width=\"750\" height=\"339\" />\r\n</p>',-1,'admin','2019-01-12 11:16:26',1,0,1),(1005,'记：丹尼斯·里奇(Dennis Ritchie)','<p style=\"color:#555555;font-family:&quot;font-size:15px;\">\r\n	<span style=\"font-size:14pt;\"><a href=\"http://www.dotcpp.com/wp/wp-content/uploads/2016/09/2016091110211254.png\" class=\"fancybox\"><img class=\"aligncenter size-full wp-image-148\" src=\"http://www.dotcpp.com/wp/wp-content/uploads/2016/09/2016091110211254.png\" alt=\"记：丹尼斯·里奇(Dennis Ritchie)\" title=\"记：丹尼斯·里奇(Dennis Ritchie)\" style=\"height:auto;\" /></a></span>\r\n</p>\r\n<p style=\"color:#555555;font-family:&quot;font-size:15px;\">\r\n	&nbsp;\r\n</p>\r\n<p style=\"color:#555555;font-family:&quot;font-size:15px;\">\r\n	<span style=\"font-size:14pt;\">丹尼斯·里奇被誉为“C语言之父”，他在生前与贝尔实验室的合作伙伴肯·汤普森（Ken Thompson）一起利用这种编程语言开发出了Unix操作系统。在随后的岁月里，整个科技世界中有太多东西都是在这个操作系统的基础上构建起来的，其中也包括乔布斯生前所建立和管理的苹果“帝国”。</span>\r\n</p>\r\n<p style=\"color:#555555;font-family:&quot;font-size:15px;\">\r\n	<span style=\"font-size:14pt;\">“在互联网上，几乎所有东西都会使用C语言和Unix操作系统。”派克在近日接受《连线》杂志采访时说道。“浏览器是用C语言写成的；Unix内核是用C语言写成的；网络服务器是用C语言写成的，否则就是用衍生自C语言的Java或C++语言写成的，要么就是Python或Ruby语言，而这两种语言都是在C语言中执行的。此外，我几乎可以担保，所有运行这些程序的网络硬件也都是用C语言写成的。”</span>\r\n</p>\r\n<p style=\"color:#555555;font-family:&quot;font-size:15px;\">\r\n	<span style=\"font-size:14pt;\">“现代信息经济在极大程度上是在里奇生前所做工作的基础上建立起来的，对此无论用多么夸张的言辞来形容都不为过。”派克说道。</span>\r\n</p>\r\n<p style=\"color:#555555;font-family:&quot;font-size:15px;\">\r\n	<span style=\"font-size:14pt;\">他还补充道，就连微软Windows操作系统也曾是用C语言来编程的；而且，Unix还为苹果的桌面操作系统Mac OS X和移动操作系统iOS提供了支持。“乔布斯可以说是‘有形之王’，而里奇则基本上应该算是‘无形之王’。”麻省理工学院电子工程大学和计算机科学教授、计算机科学及人工智能实验室（Computer Science and Artificial Intelligence Laboratory）成员马丁·里纳德（Martin Rinard）说道。</span>\r\n</p>\r\n<p style=\"color:#555555;font-family:&quot;font-size:15px;\">\r\n	<span style=\"font-size:14pt;\">“乔布斯的天才之处在于，他能造出这些令人们深深喜爱的产品，这是因为他很有品味，能作出让人们叹服不已的东西。而里奇造出的东西能让那些技术人士用来构建核心的基础设施，这些基础设施在建成以后不一定会让人们再看得到，但却每天都用得到。”</span>\r\n</p>\r\n<p style=\"color:#555555;font-family:&quot;font-size:15px;\">\r\n	&nbsp;\r\n</p>\r\n<p style=\"color:#555555;font-family:&quot;font-size:15px;\">\r\n	<span style=\"font-size:14pt;\">正所谓“吃水不忘挖井人”，在互联网发展的今天，让我们一起来了解这位伟人：</span>\r\n</p>\r\n<p style=\"color:#555555;font-family:&quot;font-size:15px;\">\r\n	&nbsp;\r\n</p>\r\n<p style=\"color:#555555;font-family:&quot;font-size:15px;\">\r\n	&nbsp;\r\n</p>\r\n<p style=\"color:#555555;font-family:&quot;font-size:15px;\">\r\n	<span style=\"font-size:14pt;\">1954年，电气工程师阿利斯泰尔·里奇（Alistair E. Ritchie），决定举家从纽约州的布朗克斯维尔（Bronxville），搬到几十公里以外的新泽西。这样可以离他的工作单位”贝尔实验室”更近一些。</span>\r\n</p>\r\n<p style=\"color:#555555;font-family:&quot;font-size:15px;\">\r\n	<span style=\"font-size:14pt;\">13岁的丹尼斯·里奇（Dennis Ritchie），就这样随着父亲一起来到新泽西。那时，谁也没有想到，这个文静的少年将在这里待上一辈子，并且创造出改变世界的发明。</span>\r\n</p>\r\n<p style=\"color:#555555;font-family:&quot;font-size:15px;\">\r\n	<span style=\"font-size:14pt;\">中学毕业后，丹尼斯·里奇听从父亲的建议，进入哈佛大学学习应用数学，直到拿到博士学位。他的第一份工作，是为军方研制核武器，这并不符合他的志趣。1967年，通过父亲介绍，26岁的他进入贝尔实验室，从事刚刚兴起的计算机研究。从此，他在新泽西老家一住就是44年，直到去世。</span>\r\n</p>\r\n<p style=\"color:#555555;font-family:&quot;font-size:15px;\">\r\n	<span style=\"font-size:14pt;\"><a href=\"http://www.dotcpp.com/wp/wp-content/uploads/2016/09/2016091110211276.jpg\" class=\"fancybox\"><img class=\"aligncenter size-full wp-image-147\" src=\"http://www.dotcpp.com/wp/wp-content/uploads/2016/09/2016091110211276.jpg\" alt=\"记：丹尼斯·里奇(Dennis Ritchie)\" title=\"记：丹尼斯·里奇(Dennis Ritchie)\" style=\"height:auto;\" /></a></span>\r\n</p>\r\n<p style=\"color:#555555;font-family:&quot;font-size:15px;\">\r\n	&nbsp;\r\n</p>\r\n<p style=\"color:#555555;font-family:&quot;font-size:15px;\">\r\n	<span style=\"font-size:14pt;\">Dennis Ritchie 丹尼斯·里奇</span>\r\n</p>\r\n<p style=\"color:#555555;font-family:&quot;font-size:15px;\">\r\n	<span style=\"font-size:14pt;\">他在贝尔实验室的第一个任务，是参与大项目Multics，即开发一个前所未有的、可以多人使用的、同时运行多个程序的操作系统。该项目由贝尔实验室、麻省理工学院和通用电气公司三方联合研制，但是由于设计过于复杂，迟迟拿不出成果，1969年贝尔实验室宣布退出。</span>\r\n</p>\r\n<p style=\"color:#555555;font-family:&quot;font-size:15px;\">\r\n	<span style=\"font-size:14pt;\">第一个任务这样无果而终，丹尼斯·里奇很不甘，但也无能为力。谁知过完了夏天，比他小两岁的同事肯·汤普森（Ken Thompson）找上门，说借鉴Multics的设计思路，做了一个个人项目Unix，问他有没有兴趣一起参与。丹尼斯·里奇立刻表示同意，于是两人一起投入Unix的开发。肯·汤普森的专业是电子工程，丹尼斯·里奇专业是应用数学，正好互补。经过日以继夜的工作，1969年圣诞节前，Unix已经可以初步运行了。</span>\r\n</p>\r\n<p style=\"color:#555555;font-family:&quot;font-size:15px;\">\r\n	<span style=\"font-size:14pt;\"><a href=\"http://www.dotcpp.com/wp/wp-content/uploads/2016/09/2016091110211124.jpg\" class=\"fancybox\"><img class=\"aligncenter size-full wp-image-146\" src=\"http://www.dotcpp.com/wp/wp-content/uploads/2016/09/2016091110211124.jpg\" alt=\"记：丹尼斯·里奇(Dennis Ritchie)\" title=\"记：丹尼斯·里奇(Dennis Ritchie)\" style=\"height:auto;\" /></a></span>\r\n</p>\r\n<p style=\"color:#555555;font-family:&quot;font-size:15px;\">\r\n	&nbsp;\r\n</p>\r\n<p style=\"color:#555555;font-family:&quot;font-size:15px;\">\r\n	<span style=\"font-size:14pt;\">吸取了Multics设计复杂而导致失败的教训，丹尼斯·里奇将Unix的设计原则定为”保持简单和直接”（Keep it simple stupid），也就是后来著名的KISS原则。为了做到这一点，Unix由许多小程序组成，每个小程序只能完成一个功能，任何复杂的操作都必须分解成一些基本步骤，由这些小程序逐一完成，再组合起来得到最终结果。</span>\r\n</p>\r\n<p style=\"color:#555555;font-family:&quot;font-size:15px;\">\r\n	<span style=\"font-size:14pt;\">表面上看，这样的设计很低效：为了取得结果，你必须运行一连串小程序，那么为什么不用一个大程序一次运行就得到结果呢？但是事实证明，由于小程序之间可以像积木一样自由组合，所以非常灵活，能够轻易完成大量意想不到的任务。而且，计算机硬件的升级速度非常快，所以性能也不是一个问题。另一方面，开发单一目的的小程序，要比开发大型程序容易得多，所以Unix才有可能在短短几个月内问世。</span>\r\n</p>\r\n<p style=\"color:#555555;font-family:&quot;font-size:15px;\">\r\n	<span style=\"font-size:14pt;\">Unix迅速在程序员中流传，到了80年代，已经成为主流操作系统，演变成整个软件工业的基础，当代最主要的操作系统—-Windows、MacOS和Linux—-都与Unix有关。由此可见，丹尼斯·里奇的”保持简单”原则，对计算机时代的影响有多大。</span>\r\n</p>\r\n<p style=\"color:#555555;font-family:&quot;font-size:15px;\">\r\n	<span style=\"font-size:14pt;\">丹尼斯·里奇对世界的贡献还不止于此。Unix最早是用不通用的机器语言编写的，如果换一个型号的计算机，就必须重新编写一遍。为了提高通用性和开发效率，丹尼斯·里奇决定发明一种新的计算机语言—-C语言。</span>\r\n</p>\r\n<p style=\"color:#555555;font-family:&quot;font-size:15px;\">\r\n	<span style=\"font-size:14pt;\">C语言也贯彻了”保持简单”的原则，语法非常简洁，对使用者的限制很少。丹尼斯·里奇编写的教材《C编程语言》总共只有100多页，薄得难以置信。很多人都被它的简洁性吸引，学习并使用C语言。直到今天，C语言依然是世界上最重要的编程语言之一，”保持简单”原则显示了强大的生命力。</span>\r\n</p>\r\n<p style=\"color:#555555;font-family:&quot;font-size:15px;\">\r\n	<span style=\"font-size:14pt;\">发明Unix和C语言，给丹尼斯·里奇带来巨大的荣誉，他得到了1983年的图灵奖、1990年的汉明奖、1999年的美国国家技术奖章。尽管功成名就，但是就像他的工程设计思想，丹尼斯·里奇在个人生活上也尽量”保持简单”。他依然住在新泽西，低调地生活，不太在媒体上曝光，终身没有结婚。</span>\r\n</p>\r\n<p style=\"color:#555555;font-family:&quot;font-size:15px;\">\r\n	<span style=\"font-size:14pt;\"><a href=\"http://www.dotcpp.com/wp/wp-content/uploads/2016/09/2016091110211140.jpg\" class=\"fancybox\"><img class=\"aligncenter size-full wp-image-145\" src=\"http://www.dotcpp.com/wp/wp-content/uploads/2016/09/2016091110211140.jpg\" alt=\"记：丹尼斯·里奇(Dennis Ritchie)\" title=\"记：丹尼斯·里奇(Dennis Ritchie)\" style=\"height:auto;\" /></a></span>\r\n</p>\r\n<p style=\"color:#555555;font-family:&quot;font-size:15px;\">\r\n	&nbsp;\r\n</p>\r\n<p style=\"color:#555555;font-family:&quot;font-size:15px;\">\r\n	<span style=\"font-size:14pt;\">他也始终没有跳槽，一直在贝尔实验室工作，尽管后者多次分拆，到了最后已经名存实亡。2001年，接手贝尔实验室的朗讯公司，决定关闭大多数实验室，许多研究人员纷纷离开，包括Unix发明者之一的肯·汤普森都去了Google，但是丹尼斯·里奇哪里也没去，还是留了下来。2006年12月1日，贝尔实验室被整体卖给了法国阿尔卡特公司，第二年他就选择退休了。</span>\r\n</p>\r\n<p style=\"color:#555555;font-family:&quot;font-size:15px;\">\r\n	<span style=\"font-size:14pt;\">退休以后，他过上了隐居生活，外界几乎忘了他的存在。2011年10月12日，共事20年的同事Rob Pike从加州到新泽西去拜访他，才发现他已经去世了。由于是独居，无法知道准确的死亡时间。据他的兄弟透露，这几年丹尼斯·里奇的健康状况一直不好，他患有前列腺癌和心脏病。</span>\r\n</p>\r\n<p style=\"color:#555555;font-family:&quot;font-size:15px;\">\r\n	<span style=\"font-size:14pt;\">Rob Pike在Google Plus发了一条简短的消息，”据我所知，Unix和C语言发明人丹尼斯·里奇已经去世”，外界才知道这件事，引发了纪念浪潮。</span>\r\n</p>\r\n<p style=\"color:#555555;font-family:&quot;font-size:15px;\">\r\n	&nbsp;\r\n</p>\r\n<p style=\"color:#555555;font-family:&quot;font-size:15px;\">\r\n	&nbsp;\r\n</p>\r\n<p style=\"color:#555555;font-family:&quot;font-size:15px;\">\r\n	<span style=\"font-size:14pt;\">而今天，我们是站在巨人的肩上，但，请不要忘记时代的先驱—丹尼斯·里奇(Dennis Ritchie)</span>\r\n</p>',-1,'test','2019-01-12 12:47:32',1,1,8),(1006,'阿斯顿结婚登记卡会尽快是多久啊还不算差','ZS内存卡收藏家内存卡上的你就啊但是你到处扩散课程knc k N j s c kjiaC jnv 就不考虑就是抄袭电视机厂 v 降边嘉措你&nbsp;',-1,'1234','2019-01-15 15:38:55',0,1,2),(1007,'写一篇新博客','<span>测试一下写博客权限好不好用。</span><span>测试一下写博客权限好不好用。</span><span>测试一下写博客权限好不好用。</span>测试一下写博客权限好不好用。<span>测试一下写博客权限好不好用。</span><span>测试一下写博客权限好不好用。</span><span>测试一下写博客权限好不好用。</span><span>测试一下写博客权限好不好用。</span><span>测试一下写博客权限好不好用。</span>测试一下写博客权限好不好用。<span>测试一下写博客权限好不好用。</span>测试一下写博客权限好不好用。<span>测试一下写博客权限好不好用。</span><span>测试一下写博客权限好不好用。</span>测试一下写博客权限好不好用。<span>测试一下写博客权限好不好用。</span><span>测试一下写博客权限好不好用。</span><span>测试一下写博客权限好不好用。</span><span>测试一下写博客权限好不好用。</span>测试一下写博客权限好不好用。测试一下写博客权限好不好用。测试一下写博客权限好不好用。<span>测试一下写博客权限好不好用。</span><span>测试一下写博客权限好不好用。</span><span>测试一下写博客权限好不好用。</span><span>测试一下写博客权限好不好用。</span>测试一下写博客权限好不好用。<span>测试一下写博客权限好不好用。</span><span>测试一下写博客权限好不好用。</span><span>测试一下写博客权限好不好用。</span>',-1,'admin','2019-01-21 14:35:17',0,0,1),(1008,'写一篇博客','<p>\r\n	春天在这里呀，春天在这里！\r\n</p>\r\n<p>\r\n	<span>春天在这里呀，春天在这里！</span> \r\n</p>\r\n<p>\r\n	<span>春天在这里呀，春天在这里！</span> \r\n</p>\r\n<p>\r\n	<span>春天在这里呀，春天在这里！</span> \r\n</p>\r\n<p>\r\n	<span>春天在这里呀，春天在这里！</span> \r\n</p>\r\n<p>\r\n	<span>春天在这里呀，春天在这里！</span> \r\n</p>\r\n<p>\r\n	<span>春天在这里呀，春天在这里！</span> \r\n</p>\r\n<p>\r\n	<span>春天在这里呀，春天在这里！</span> \r\n</p>\r\n<p>\r\n	<span>春天也不在这儿呀，你骗我！</span>\r\n</p>',-1,'admin','2019-01-21 14:41:23',0,0,1),(1009,'进行中的春天春天春天春天','<span>春天春天</span><span>春天春天</span><span>春天春天</span><span>春天春天</span><span>春天春天</span>春天春天<span>春天春天</span>春天春天<span>春天春天</span><span>春天春天</span><span>春天春天</span><span>春天春天</span><span>春天春天</span><span>春天春天</span><span>春天春天</span>春天春天<span>春天春天</span><span>春天春天</span><span>春天春天</span><span>春天春天</span><span>春天春天</span>春天春天<span>春天春天</span><span>春天春天</span>春天春天春天春天春天春天<span>春天春天</span>',-1,'admin','2019-01-21 15:09:59',0,0,1);
/*!40000 ALTER TABLE `blog` ENABLE KEYS */;
UNLOCK TABLES;

--
-- Table structure for table `blog_discuss`
--

DROP TABLE IF EXISTS `blog_discuss`;
/*!40101 SET @saved_cs_client     = @@character_set_client */;
/*!40101 SET character_set_client = utf8 */;
CREATE TABLE `blog_discuss` (
  `discuss_id` int(11) NOT NULL AUTO_INCREMENT,
  `blog_id` int(11) NOT NULL,
  `user_id` varchar(48) NOT NULL,
  `content` text,
  `status` int(2) NOT NULL,
  `nice` int(11) NOT NULL,
  `post_time` datetime DEFAULT NULL,
  PRIMARY KEY (`discuss_id`)
) ENGINE=MyISAM AUTO_INCREMENT=1001 DEFAULT CHARSET=utf8;
/*!40101 SET character_set_client = @saved_cs_client */;

--
-- Dumping data for table `blog_discuss`
--

LOCK TABLES `blog_discuss` WRITE;
/*!40000 ALTER TABLE `blog_discuss` DISABLE KEYS */;
INSERT INTO `blog_discuss` VALUES (1000,1000,'1111','到此一游\r\n',1,0,'2019-01-06 21:55:08');
/*!40000 ALTER TABLE `blog_discuss` ENABLE KEYS */;
UNLOCK TABLES;

--
-- Table structure for table `categories`
--

DROP TABLE IF EXISTS `categories`;
/*!40101 SET @saved_cs_client     = @@character_set_client */;
/*!40101 SET character_set_client = utf8 */;
CREATE TABLE `categories` (
  `category_id` int(11) NOT NULL AUTO_INCREMENT COMMENT '主键',
  `pid` int(11) NOT NULL DEFAULT '0' COMMENT '父分类id',
  `name` varchar(45) NOT NULL COMMENT '科目名称',
  `desc` varchar(100) DEFAULT NULL COMMENT '描述',
  `bg_url` varchar(100) DEFAULT NULL COMMENT '九宫格背景图',
  `logo` varchar(100) DEFAULT NULL COMMENT '九宫格logo',
  `user_id` varchar(48) DEFAULT NULL,
  `post_time` datetime DEFAULT NULL,
  `status` tinyint(2) DEFAULT '1' COMMENT '状态：1为正常，2为删除。',
  PRIMARY KEY (`category_id`),
  UNIQUE KEY `name` (`name`),
  KEY `pid` (`pid`)
) ENGINE=MyISAM AUTO_INCREMENT=10 DEFAULT CHARSET=utf8mb4 COMMENT='科目分类表';
/*!40101 SET character_set_client = @saved_cs_client */;

--
-- Dumping data for table `categories`
--

LOCK TABLES `categories` WRITE;
/*!40000 ALTER TABLE `categories` DISABLE KEYS */;
INSERT INTO `categories` VALUES (1,0,'C++程序设计','C++程序设计','/image/1.png','/image/logo-1.png','admin','2019-01-14 10:40:06',1),(2,0,'机器人','机器人','/image/2.png','/image/logo-2.png','admin','2019-01-12 11:15:49',1),(3,0,'智控系统','智控系统','/image/3.png','/image/logo-3.png','admin','2019-01-12 11:15:49',1),(4,0,'模拟飞行','模拟飞行','/image/4.png','/image/logo-4.png','admin','2019-01-12 11:15:49',1),(5,0,'初中数学','初中数学','/image/5.png','/image/logo-5.png',NULL,'2019-01-15 15:58:21',1),(6,0,'高中数学','高中数学','/image/6.png','/image/logo-6.png','admin','2019-01-12 11:15:49',1),(7,0,'Python程序设计','Python程序设计','/image/7.png','/image/logo-7.png','admin','2019-01-12 11:15:49',1),(8,0,'人工智能','人工智能','/image/8.png','/image/logo-8.png','admin','2019-01-12 11:15:49',1),(9,0,'候补','候补','/image/9.png','/image/logo-9.png','admin','2019-01-12 11:15:49',1);
/*!40000 ALTER TABLE `categories` ENABLE KEYS */;
UNLOCK TABLES;

--
-- Table structure for table `choice_question`
--

DROP TABLE IF EXISTS `choice_question`;
/*!40101 SET @saved_cs_client     = @@character_set_client */;
/*!40101 SET character_set_client = utf8 */;
CREATE TABLE `choice_question` (
  `choice_question_id` int(11) NOT NULL AUTO_INCREMENT,
  `category_id` int(11) NOT NULL COMMENT 'Ŀ',
  `subject` text NOT NULL COMMENT 'Ŀ',
  `options` mediumtext NOT NULL COMMENT 'ѡ𰸣jsonл洢',
  `answer` varchar(45) NOT NULL COMMENT 'ȷ\n',
  `score` int(11) NOT NULL COMMENT 'οֵ',
  `user_id` varchar(48) NOT NULL COMMENT 'ûid',
  `post_time` datetime NOT NULL COMMENT 'ʱ',
  `status` tinyint(2) NOT NULL DEFAULT '1' COMMENT '״̬',
  PRIMARY KEY (`choice_question_id`),
  KEY `category` (`category_id`),
  KEY `user` (`user_id`),
  FULLTEXT KEY `subject` (`subject`)
) ENGINE=MyISAM AUTO_INCREMENT=11 DEFAULT CHARSET=utf8mb4 COMMENT='ѡ\n\n';
/*!40101 SET character_set_client = @saved_cs_client */;

--
-- Dumping data for table `choice_question`
--

LOCK TABLES `choice_question` WRITE;
/*!40000 ALTER TABLE `choice_question` DISABLE KEYS */;
INSERT INTO `choice_question` VALUES (1,1,'1+1等于几','[{\"label\":\"A\",\"content\":\"1\"},{\"label\":\"B\",\"content\":\"2\"},{\"label\":\"C\",\"content\":\"3\"},{\"label\":\"D\",\"content\":\"0\"}]','a',2,'admin','2019-01-05 12:17:14',1),(2,2,'一元二次方程求解','[{\"label\":\"A\",\"content\":\"1\"},{\"label\":\"B\",\"content\":\"2\"},{\"label\":\"C\",\"content\":\"9\"}]','A',3,'admin','2019-01-10 14:37:37',1),(3,2,'排列组合求结果','[{\"label\":\"A\",\"content\":\"1\"},{\"label\":\"B\",\"content\":\"2\"},{\"label\":\"C\",\"content\":\"4\"},{\"label\":\"D\",\"content\":\"5\"}]','A',5,'admin','2019-01-10 14:38:29',1),(4,2,'SQL数据库设计','[{\"label\":\"A\",\"content\":\"对\"},{\"label\":\"B\",\"content\":\"错\"},{\"label\":\"C\",\"content\":\"不知道\"}]','B',5,'admin','2019-01-10 14:39:57',1),(5,5,'氢氧化铝怎么制作','[{\"label\":\"A\",\"content\":\"瞎做\"},{\"label\":\"B\",\"content\":\"不会做\"},{\"label\":\"C\",\"content\":\"氢气+氧气\"}]','C',5,'admin','2019-01-10 14:40:49',1),(6,5,'怎么制作水','[{\"label\":\"A\",\"content\":\"氢气+氧气\"},{\"label\":\"B\",\"content\":\"电解\"},{\"label\":\"C\",\"content\":\"不知道\"}]','B',0,'admin','2019-01-10 14:45:17',1),(7,1,'int占几个字节','[{\"label\":\"A\",\"content\":\"1\"},{\"label\":\"B\",\"content\":\"2\"},{\"label\":\"C\",\"content\":\"4\"},{\"label\":\"D\",\"content\":\"8\"}]','C',5,'admin','2019-01-12 17:51:53',1),(8,1,'面向对象简称什么？','[{\"label\":\"A\",\"content\":\"OOP\"},{\"label\":\"B\",\"content\":\"OPP\"},{\"label\":\"C\",\"content\":\"OCP\"}]','A',5,'admin','2019-01-12 17:53:58',1),(9,1,'以下哪个是合法的关键字？','[{\"label\":\"A\",\"content\":\"int\"},{\"label\":\"B\",\"content\":\"2c\"},{\"label\":\"C\",\"content\":\"_abc\"},{\"label\":\"D\",\"content\":\"ab*\"}]','C',5,'admin','2019-01-12 17:55:01',1),(10,5,'这是1234添加的选择题','[{\"label\":\"A\",\"content\":\"A\"},{\"label\":\"B\",\"content\":\"B\"},{\"label\":\"C\",\"content\":\"C\"}]','B',3,'1234','2019-01-15 20:09:02',1);
/*!40000 ALTER TABLE `choice_question` ENABLE KEYS */;
UNLOCK TABLES;

--
-- Table structure for table `compileinfo`
--

DROP TABLE IF EXISTS `compileinfo`;
/*!40101 SET @saved_cs_client     = @@character_set_client */;
/*!40101 SET character_set_client = utf8 */;
CREATE TABLE `compileinfo` (
  `solution_id` int(11) NOT NULL DEFAULT '0',
  `error` text,
  PRIMARY KEY (`solution_id`)
) ENGINE=MyISAM DEFAULT CHARSET=utf8;
/*!40101 SET character_set_client = @saved_cs_client */;

--
-- Dumping data for table `compileinfo`
--

LOCK TABLES `compileinfo` WRITE;
/*!40000 ALTER TABLE `compileinfo` DISABLE KEYS */;
INSERT INTO `compileinfo` VALUES (1001,'Main.c:2:1: error: unknown type name \'intt\'\n intt main()\r\n ^\n'),(1005,'Main.c:1:1: error: expected identifier or \'(\' before numeric constant\n 123\n ^\n'),(1014,'Main.c:1:1: error: expected \'=\', \',\', \';\', \'asm\' or \'__attribute__\' at end of input\n kjhkhkjh\n ^\n'),(1019,'Main.c: In function \'main\':\nMain.c:6:5: warning: implicit declaration of function \'prrintf\' [-Wimplicit-function-declaration]\n     prrintf(\"abcxyz\");\r\n     ^\nMain.c:5:30: warning: unused variable \'result2\' [-Wunused-variable]\n     double w, h, r, result1, result2;\r\n                              ^\nMain.c:5:21: warning: unused variable \'result1\' [-Wunused-variable]\n     double w, h, r, result1, result2;\r\n                     ^\nMain.c:5:18: warning: unused variable \'r\' [-Wunused-variable]\n     double w, h, r, result1, result2;\r\n                  ^\nMain.c:5:15: warning: unused variable \'h\' [-Wunused-variable]\n     double w, h, r, result1, result2;\r\n               ^\nMain.c:5:12: warning: unused variable \'w\' [-Wunused-variable]\n     double w, h, r, result1, result2;\r\n            ^\n/tmp/cciaRbNH.o: In function `main\':\nMain.c:(.text.startup+0x11): undefined reference to `prrintf\'\ncollect2: error: ld returned 1 exit status\n'),(1020,'Main.c: In function \'main\':\nMain.c:5:5: warning: implicit declaration of function \'prrintf\' [-Wimplicit-function-declaration]\n     prrintf(\"abcxyz\");\r\n     ^\nMain.c:4:30: warning: unused variable \'result2\' [-Wunused-variable]\n     double w, h, r, result1, result2;\r\n                              ^\nMain.c:4:21: warning: unused variable \'result1\' [-Wunused-variable]\n     double w, h, r, result1, result2;\r\n                     ^\nMain.c:4:18: warning: unused variable \'r\' [-Wunused-variable]\n     double w, h, r, result1, result2;\r\n                  ^\nMain.c:4:15: warning: unused variable \'h\' [-Wunused-variable]\n     double w, h, r, result1, result2;\r\n               ^\nMain.c:4:12: warning: unused variable \'w\' [-Wunused-variable]\n     double w, h, r, result1, result2;\r\n            ^\n/tmp/ccwceCTK.o: In function `main\':\nMain.c:(.text.startup+0x11): undefined reference to `prrintf\'\ncollect2: error: ld returned 1 exit status\n'),(1021,'Main.c: In function \'main\':\nMain.c:5:5: warning: implicit declaration of function \'prrintf\' [-Wimplicit-function-declaration]\n     prrintf(\"abcxyz\");\r\n     ^\n/tmp/cct7wy1U.o: In function `main\':\nMain.c:(.text.startup+0x11): undefined reference to `prrintf\'\ncollect2: error: ld returned 1 exit status\n'),(1027,'Main.c:1:1: error: expected identifier or \'(\' before numeric constant\n 1.全站公告\r\n ^\nMain.c:1:1: error: stray \'\\345\' in program\nMain.c:1:1: error: stray \'\\205\' in program\nMain.c:1:1: error: stray \'\\250\' in program\nMain.c:1:1: error: stray \'\\347\' in program\nMain.c:1:1: error: stray \'\\253\' in program\nMain.c:1:1: error: stray \'\\231\' in program\nMain.c:1:1: error: stray \'\\345\' in program\nMain.c:1:1: error: stray \'\\205\' in program\nMain.c:1:1: error: stray \'\\254\' in program\ncompilation terminated due to -fmax-errors=10.\n'),(1032,'Main.c:1:19: fatal error: iostream: No such file or directory\n #include<iostream>\r\n                   ^\ncompilation terminated.\n'),(1035,'Main.c:1:19: fatal error: iostream: No such file or directory\n #include<iostream>\r\n                   ^\ncompilation terminated.\n'),(1037,'Main.cc: In function \'int main()\':\nMain.cc:2:21: error: \'printf\' was not declared in this scope\n     printf(\"1 2 3\\n\");\r\n                     ^\n'),(1038,'Main.cc: In function \'int main()\':\nMain.cc:2:21: error: \'printf\' was not declared in this scope\n     printf(\"1 2 3\\n\");\r\n                     ^\n'),(1042,'Main.c: In function \'main\':\nMain.c:2:9: error: expected identifier or \'(\' before \'[\' token\n     char[80] a;\r\n         ^\nMain.c:3:5: warning: implicit declaration of function \'scanf\' [-Wimplicit-function-declaration]\n     scanf(a);\r\n     ^\nMain.c:3:5: warning: incompatible implicit declaration of built-in function \'scanf\' [enabled by default]\nMain.c:3:11: error: \'a\' undeclared (first use in this function)\n     scanf(a);\r\n           ^\nMain.c:3:11: note: each undeclared identifier is reported only once for each function it appears in\nMain.c:4:5: warning: implicit declaration of function \'printf\' [-Wimplicit-function-declaration]\n     printf(\"abcxyz\")\r\n     ^\nMain.c:4:5: warning: incompatible implicit declaration of built-in function \'printf\' [enabled by default]\nMain.c:5:5: error: expected \';\' before \'return\'\n     return 0;\r\n     ^\n'),(1043,'Main.c: In function \'main\':\nMain.c:2:9: error: expected identifier or \'(\' before \'[\' token\n     char[80] a;\r\n         ^\nMain.c:3:5: warning: implicit declaration of function \'scanf\' [-Wimplicit-function-declaration]\n     scanf(&a);\r\n     ^\nMain.c:3:5: warning: incompatible implicit declaration of built-in function \'scanf\' [enabled by default]\nMain.c:3:12: error: \'a\' undeclared (first use in this function)\n     scanf(&a);\r\n            ^\nMain.c:3:12: note: each undeclared identifier is reported only once for each function it appears in\nMain.c:4:5: warning: implicit declaration of function \'printf\' [-Wimplicit-function-declaration]\n     printf(\"abcxyz\")\r\n     ^\nMain.c:4:5: warning: incompatible implicit declaration of built-in function \'printf\' [enabled by default]\nMain.c:5:5: error: expected \';\' before \'return\'\n     return 0;\r\n     ^\n'),(1044,'Main.c: In function \'main\':\nMain.c:2:9: error: expected identifier or \'(\' before \'[\' token\n     char[80] a;\r\n         ^\nMain.c:3:5: warning: implicit declaration of function \'scanf\' [-Wimplicit-function-declaration]\n     scanf(a);\r\n     ^\nMain.c:3:5: warning: incompatible implicit declaration of built-in function \'scanf\' [enabled by default]\nMain.c:3:11: error: \'a\' undeclared (first use in this function)\n     scanf(a);\r\n           ^\nMain.c:3:11: note: each undeclared identifier is reported only once for each function it appears in\nMain.c:4:5: warning: implicit declaration of function \'printf\' [-Wimplicit-function-declaration]\n     printf(\"abcxyz\");\r\n     ^\nMain.c:4:5: warning: incompatible implicit declaration of built-in function \'printf\' [enabled by default]\n'),(1045,'Main.c: In function \'main\':\nMain.c:2:9: error: expected identifier or \'(\' before \'[\' token\n     char[80] a;\r\n         ^\nMain.c:3:5: warning: implicit declaration of function \'scanf\' [-Wimplicit-function-declaration]\n     scanf(&a);\r\n     ^\nMain.c:3:5: warning: incompatible implicit declaration of built-in function \'scanf\' [enabled by default]\nMain.c:3:12: error: \'a\' undeclared (first use in this function)\n     scanf(&a);\r\n            ^\nMain.c:3:12: note: each undeclared identifier is reported only once for each function it appears in\nMain.c:4:5: warning: implicit declaration of function \'printf\' [-Wimplicit-function-declaration]\n     printf(\"abcxyz\");\r\n     ^\nMain.c:4:5: warning: incompatible implicit declaration of built-in function \'printf\' [enabled by default]\n'),(1046,'Main.c: In function \'main\':\nMain.c:2:9: error: expected identifier or \'(\' before \'[\' token\n     char[80] a;\r\n         ^\nMain.c:3:5: warning: implicit declaration of function \'scanf\' [-Wimplicit-function-declaration]\n     scanf(\"%s\", a);\r\n     ^\nMain.c:3:5: warning: incompatible implicit declaration of built-in function \'scanf\' [enabled by default]\nMain.c:3:17: error: \'a\' undeclared (first use in this function)\n     scanf(\"%s\", a);\r\n                 ^\nMain.c:3:17: note: each undeclared identifier is reported only once for each function it appears in\nMain.c:4:5: warning: implicit declaration of function \'printf\' [-Wimplicit-function-declaration]\n     printf(\"abcxyz\");\r\n     ^\nMain.c:4:5: warning: incompatible implicit declaration of built-in function \'printf\' [enabled by default]\n'),(1048,'Main.cc: In function \'int main()\':\nMain.cc:4:5: error: \'retunr\' was not declared in this scope\n     retunr 0;    \r\n     ^\nMain.cc:4:12: error: expected \';\' before numeric constant\n     retunr 0;    \r\n            ^\n'),(1050,'Main.c: In function \'main\':\nMain.c:5:5: error: \'retunr\' undeclared (first use in this function)\n     retunr 0;    \r\n     ^\nMain.c:5:5: note: each undeclared identifier is reported only once for each function it appears in\nMain.c:5:12: error: expected \';\' before numeric constant\n     retunr 0;    \r\n            ^\n'),(1051,'Main.c: In function \'main\':\nMain.c:5:5: error: \'retunr\' undeclared (first use in this function)\n     retunr 0;    \r\n     ^\nMain.c:5:5: note: each undeclared identifier is reported only once for each function it appears in\nMain.c:5:12: error: expected \';\' before numeric constant\n     retunr 0;    \r\n            ^\n'),(1052,'Main.c: In function \'main\':\nMain.c:6:5: error: \'retunr\' undeclared (first use in this function)\n     retunr 0;    \r\n     ^\nMain.c:6:5: note: each undeclared identifier is reported only once for each function it appears in\nMain.c:6:12: error: expected \';\' before numeric constant\n     retunr 0;    \r\n            ^\n'),(1053,'Main.c:1:8: error: expected \'=\', \',\', \';\', \'asm\' or \'__attribute__\' before \'<\' token\n include<stdio>\r\n        ^\n');
/*!40000 ALTER TABLE `compileinfo` ENABLE KEYS */;
UNLOCK TABLES;

--
-- Table structure for table `contest`
--

DROP TABLE IF EXISTS `contest`;
/*!40101 SET @saved_cs_client     = @@character_set_client */;
/*!40101 SET character_set_client = utf8 */;
CREATE TABLE `contest` (
  `contest_id` int(11) NOT NULL AUTO_INCREMENT,
  `title` varchar(255) DEFAULT NULL,
  `start_time` datetime DEFAULT NULL,
  `end_time` datetime DEFAULT NULL,
  `defunct` char(1) NOT NULL DEFAULT 'N',
  `description` text,
  `private` tinyint(4) NOT NULL DEFAULT '0',
  `langmask` int(11) NOT NULL DEFAULT '0' COMMENT 'bits for LANG to mask',
  `password` char(16) NOT NULL DEFAULT '',
  PRIMARY KEY (`contest_id`)
) ENGINE=MyISAM AUTO_INCREMENT=1005 DEFAULT CHARSET=utf8;
/*!40101 SET character_set_client = @saved_cs_client */;

--
-- Dumping data for table `contest`
--

LOCK TABLES `contest` WRITE;
/*!40000 ALTER TABLE `contest` DISABLE KEYS */;
INSERT INTO `contest` VALUES (1000,'测试比赛','2019-01-01 17:00:00','2019-01-01 21:00:00','N','这是一个测试的比赛',0,262132,''),(1001,'2019年校内集训赛','2019-01-05 19:00:00','2019-01-15 09:00:00','N','测试比赛',1,0,'123456'),(1002,'第一学期期末考试','2019-01-23 12:00:00','2019-01-31 16:00:00','N','祝大家取得好成绩！',1,0,'1001'),(1003,'第五次比赛测试（公开）','2019-01-15 10:00:00','2019-01-15 11:00:00','N','祝大家取得好成绩哦！请大家提交bug！',0,0,''),(1004,'第五次比赛测试（私有）','2019-01-15 10:00:00','2019-01-15 12:00:00','N','',1,0,'123456');
/*!40000 ALTER TABLE `contest` ENABLE KEYS */;
UNLOCK TABLES;

--
-- Table structure for table `contest_problem`
--

DROP TABLE IF EXISTS `contest_problem`;
/*!40101 SET @saved_cs_client     = @@character_set_client */;
/*!40101 SET character_set_client = utf8 */;
CREATE TABLE `contest_problem` (
  `problem_id` int(11) NOT NULL DEFAULT '0',
  `contest_id` int(11) DEFAULT NULL,
  `title` char(200) NOT NULL DEFAULT '',
  `num` int(11) NOT NULL DEFAULT '0',
  KEY `cni` (`contest_id`,`num`)
) ENGINE=MyISAM DEFAULT CHARSET=utf8;
/*!40101 SET character_set_client = @saved_cs_client */;

--
-- Dumping data for table `contest_problem`
--

LOCK TABLES `contest_problem` WRITE;
/*!40000 ALTER TABLE `contest_problem` DISABLE KEYS */;
INSERT INTO `contest_problem` VALUES (1001,1000,'',0),(1002,1001,'',2),(1009,1002,'',0),(1001,1001,'',1),(1000,1001,'',0),(1003,1001,'',3),(1001,1003,'',0),(1003,1003,'',1),(1004,1003,'',2),(10005,1003,'',3),(1001,1004,'',0),(1002,1004,'',1),(1003,1004,'',2),(1004,1004,'',3),(1005,1004,'',4);
/*!40000 ALTER TABLE `contest_problem` ENABLE KEYS */;
UNLOCK TABLES;

--
-- Table structure for table `custominput`
--

DROP TABLE IF EXISTS `custominput`;
/*!40101 SET @saved_cs_client     = @@character_set_client */;
/*!40101 SET character_set_client = utf8 */;
CREATE TABLE `custominput` (
  `solution_id` int(11) NOT NULL DEFAULT '0',
  `input_text` text,
  PRIMARY KEY (`solution_id`)
) ENGINE=MyISAM DEFAULT CHARSET=utf8;
/*!40101 SET character_set_client = @saved_cs_client */;

--
-- Dumping data for table `custominput`
--

LOCK TABLES `custominput` WRITE;
/*!40000 ALTER TABLE `custominput` DISABLE KEYS */;
/*!40000 ALTER TABLE `custominput` ENABLE KEYS */;
UNLOCK TABLES;

--
-- Table structure for table `db_info_inc`
--

DROP TABLE IF EXISTS `db_info_inc`;
/*!40101 SET @saved_cs_client     = @@character_set_client */;
/*!40101 SET character_set_client = utf8 */;
CREATE TABLE `db_info_inc` (
  `var_key` varchar(48) NOT NULL,
  `var_val` tinyint(1) DEFAULT NULL,
  PRIMARY KEY (`var_key`)
) ENGINE=MyISAM DEFAULT CHARSET=utf8 COMMENT='ȫֱ';
/*!40101 SET character_set_client = @saved_cs_client */;

--
-- Dumping data for table `db_info_inc`
--

LOCK TABLES `db_info_inc` WRITE;
/*!40000 ALTER TABLE `db_info_inc` DISABLE KEYS */;
INSERT INTO `db_info_inc` VALUES ('OJ_REG_NEED_CONFIRM',0);
/*!40000 ALTER TABLE `db_info_inc` ENABLE KEYS */;
UNLOCK TABLES;

--
-- Table structure for table `exam`
--

DROP TABLE IF EXISTS `exam`;
/*!40101 SET @saved_cs_client     = @@character_set_client */;
/*!40101 SET character_set_client = utf8 */;
CREATE TABLE `exam` (
  `exam_id` int(11) NOT NULL AUTO_INCREMENT,
  `category_id` int(11) NOT NULL COMMENT '??id',
  `title` varchar(100) NOT NULL COMMENT '????',
  `content` mediumtext NOT NULL COMMENT '????',
  `status` tinyint(2) NOT NULL COMMENT '????',
  `user_id` varchar(48) NOT NULL COMMENT '??id',
  `post_time` datetime NOT NULL COMMENT '????',
  `choice_number` int(11) DEFAULT NULL COMMENT '?????',
  `choice_total` int(11) DEFAULT NULL COMMENT '?????',
  `qa_number` int(11) DEFAULT NULL COMMENT '?????',
  `qa_total` int(11) DEFAULT NULL COMMENT '?????',
  `total` int(11) DEFAULT NULL COMMENT '??',
  `start_time` datetime NOT NULL COMMENT '??????',
  `end_time` datetime NOT NULL COMMENT '??????',
  `secret` varchar(48) DEFAULT NULL COMMENT '????',
  `type` tinyint(2) NOT NULL DEFAULT '1' COMMENT '????,0???,1???',
  `question_id` int(11) NOT NULL COMMENT '??id',
  `question_title` varchar(100) NOT NULL COMMENT '????',
  PRIMARY KEY (`exam_id`),
  KEY `title` (`title`),
  KEY `post_time` (`post_time`),
  KEY `user_id` (`user_id`),
  KEY `category_id` (`category_id`)
) ENGINE=MyISAM AUTO_INCREMENT=8 DEFAULT CHARSET=utf8mb4 COMMENT='??';
/*!40101 SET character_set_client = @saved_cs_client */;

--
-- Dumping data for table `exam`
--

LOCK TABLES `exam` WRITE;
/*!40000 ALTER TABLE `exam` DISABLE KEYS */;
INSERT INTO `exam` VALUES (5,1,'C++基础测验','{\"choice\":[{\"id\":1,\"choice_question_id\":null,\"subject\":\"1+1等于几\",\"answer\":\"a\",\"score\":\"5\",\"options\":[{\"label\":\"A\",\"content\":\"1\"},{\"label\":\"B\",\"content\":\"2\"},{\"label\":\"C\",\"content\":\"3\"},{\"label\":\"D\",\"content\":\"0\"}]},{\"id\":2,\"choice_question_id\":null,\"subject\":\"int占几个字节\",\"answer\":\"C\",\"score\":\"5\",\"options\":[{\"label\":\"A\",\"content\":\"1\"},{\"label\":\"B\",\"content\":\"2\"},{\"label\":\"C\",\"content\":\"4\"},{\"label\":\"D\",\"content\":\"8\"}]},{\"id\":3,\"choice_question_id\":null,\"subject\":\"面向对象简称什么？\",\"answer\":\"A\",\"score\":\"5\",\"options\":[{\"label\":\"A\",\"content\":\"OOP\"},{\"label\":\"B\",\"content\":\"OPP\"},{\"label\":\"C\",\"content\":\"OCP\"}]},{\"id\":4,\"choice_question_id\":null,\"subject\":\"以下哪个是合法的关键字？\",\"answer\":\"C\",\"score\":\"5\",\"options\":[{\"label\":\"A\",\"content\":\"int\"},{\"label\":\"B\",\"content\":\"2c\"},{\"label\":\"C\",\"content\":\"_abc\"},{\"label\":\"D\",\"content\":\"ab*\"}]}],\"qa\":[]}',1,'admin','2019-01-12 19:31:23',4,20,0,NULL,20,'2019-01-12 18:00:00','2019-01-12 22:00:00','abcd',0,3,'C++基础测验'),(6,1,'C++第二次测试考试','{\"choice\":[{\"id\":1,\"choice_question_id\":null,\"subject\":\"1+1等于几\",\"answer\":\"a\",\"score\":\"5\",\"options\":[{\"label\":\"A\",\"content\":\"1\"},{\"label\":\"B\",\"content\":\"2\"},{\"label\":\"C\",\"content\":\"3\"},{\"label\":\"D\",\"content\":\"0\"}]},{\"id\":2,\"choice_question_id\":null,\"subject\":\"int占几个字节\",\"answer\":\"C\",\"score\":\"5\",\"options\":[{\"label\":\"A\",\"content\":\"1\"},{\"label\":\"B\",\"content\":\"2\"},{\"label\":\"C\",\"content\":\"4\"},{\"label\":\"D\",\"content\":\"8\"}]},{\"id\":3,\"choice_question_id\":null,\"subject\":\"面向对象简称什么？\",\"answer\":\"A\",\"score\":\"5\",\"options\":[{\"label\":\"A\",\"content\":\"OOP\"},{\"label\":\"B\",\"content\":\"OPP\"},{\"label\":\"C\",\"content\":\"OCP\"}]},{\"id\":4,\"choice_question_id\":null,\"subject\":\"以下哪个是合法的关键字？\",\"answer\":\"C\",\"score\":\"5\",\"options\":[{\"label\":\"A\",\"content\":\"int\"},{\"label\":\"B\",\"content\":\"2c\"},{\"label\":\"C\",\"content\":\"_abc\"},{\"label\":\"D\",\"content\":\"ab*\"}]}],\"qa\":[{\"id\":1,\"qa_question_id\":4,\"subject\":\"while和do while循环有什么区别？\",\"answer\":\"先判断再执行\\n先执行在判断\",\"score\":\"20\"},{\"id\":2,\"qa_question_id\":5,\"subject\":\"类和结构体有什么区别？\",\"answer\":\"默认访问权限不同\\n\",\"score\":\"20\"},{\"id\":3,\"qa_question_id\":6,\"subject\":\"编程实现罗列所有水仙花数\",\"answer\":\"C++\\n。。。\",\"score\":\"20\"}]}',1,'admin','2019-01-12 18:48:17',4,20,3,NULL,80,'2019-01-12 18:00:00','2019-01-12 22:00:00','',1,3,'C++基础测验'),(7,2,'机器人基础第一次考试','{\"choice\":[{\"id\":1,\"choice_question_id\":2,\"subject\":\"一元二次方程求解\",\"answer\":\"A\",\"score\":\"10\",\"options\":[{\"label\":\"A\",\"content\":\"1\"},{\"label\":\"B\",\"content\":\"2\"},{\"label\":\"C\",\"content\":\"9\"}]},{\"id\":2,\"choice_question_id\":3,\"subject\":\"排列组合求结果\",\"answer\":\"A\",\"score\":\"5\",\"options\":[{\"label\":\"A\",\"content\":\"1\"},{\"label\":\"B\",\"content\":\"2\"},{\"label\":\"C\",\"content\":\"4\"},{\"label\":\"D\",\"content\":\"5\"}]},{\"id\":3,\"choice_question_id\":4,\"subject\":\"SQL数据库设计\",\"answer\":\"B\",\"score\":\"5\",\"options\":[{\"label\":\"A\",\"content\":\"对\"},{\"label\":\"B\",\"content\":\"错\"},{\"label\":\"C\",\"content\":\"不知道\"}]}],\"qa\":[]}',1,'admin','2019-01-14 10:42:27',3,20,0,NULL,20,'2019-01-14 10:00:00','2019-01-31 14:00:00','',0,4,'机器人基础考试');
/*!40000 ALTER TABLE `exam` ENABLE KEYS */;
UNLOCK TABLES;

--
-- Table structure for table `loginlog`
--

DROP TABLE IF EXISTS `loginlog`;
/*!40101 SET @saved_cs_client     = @@character_set_client */;
/*!40101 SET character_set_client = utf8 */;
CREATE TABLE `loginlog` (
  `user_id` varchar(48) NOT NULL DEFAULT '',
  `password` varchar(40) DEFAULT NULL,
  `ip` varchar(46) DEFAULT NULL,
  `time` datetime DEFAULT NULL,
  KEY `user_log_index` (`user_id`,`time`)
) ENGINE=MyISAM DEFAULT CHARSET=utf8;
/*!40101 SET character_set_client = @saved_cs_client */;

--
-- Dumping data for table `loginlog`
--

LOCK TABLES `loginlog` WRITE;
/*!40000 ALTER TABLE `loginlog` DISABLE KEYS */;
INSERT INTO `loginlog` VALUES ('test','no save','119.112.129.36','2019-01-01 13:27:48'),('test','login ok','119.112.129.36','2019-01-01 13:30:17'),('admin','no save','119.112.129.36','2019-01-01 13:34:07'),('admin','login ok','119.112.129.36','2019-01-01 13:34:35'),('admin','login ok','113.234.192.249','2019-01-01 14:10:07'),('admin','login ok','124.93.200.217','2019-01-01 15:58:48'),('admin','login ok','113.234.192.249','2019-01-01 16:00:06'),('admin','login ok','124.93.200.217','2019-01-01 16:42:52'),('admin','login ok','113.234.192.249','2019-01-01 17:08:48'),('admin','login ok','123.185.145.253','2019-01-01 17:48:33'),('admin','login ok','113.234.192.249','2019-01-01 18:19:10'),('admin','login ok','124.93.200.217','2019-01-01 19:13:15'),('admin','login ok','124.93.200.217','2019-01-02 10:30:12'),('admin','login ok','113.234.192.249','2019-01-02 10:36:26'),('admin','login ok','124.93.200.217','2019-01-02 17:14:56'),('admin','login ok','123.185.145.253','2019-01-02 22:48:47'),('admin','login ok','124.93.200.217','2019-01-03 10:18:10'),('admin','login ok','61.51.206.237','2019-01-03 12:23:47'),('admin','login ok','124.93.200.217','2019-01-03 17:27:26'),('admin','login ok','124.93.200.217','2019-01-03 18:17:27'),('admin','login ok','124.93.200.217','2019-01-03 18:17:27'),('abc123','no save','124.93.200.217','2019-01-03 20:26:03'),('admin','login ok','124.93.200.217','2019-01-03 20:29:22'),('admin','login ok','124.93.200.217','2019-01-04 10:06:03'),('admin','login ok','124.93.200.217','2019-01-04 14:17:02'),('admin','login ok','123.185.145.253','2019-01-04 20:48:12'),('admin','login ok','123.185.145.253','2019-01-05 06:19:04'),('admin','login ok','124.93.200.217','2019-01-05 09:51:30'),('admin','login ok','124.93.200.217','2019-01-05 12:07:13'),('admin','login ok','124.93.200.217','2019-01-05 12:09:47'),('admin','login ok','124.93.200.217','2019-01-05 16:43:46'),('admin','login ok','123.185.145.253','2019-01-05 17:33:55'),('admin','login ok','124.93.200.217','2019-01-05 19:51:33'),('test','login ok','123.185.145.253','2019-01-05 20:01:12'),('admin','login ok','113.226.112.68','2019-01-06 09:15:52'),('admin','login ok','113.226.112.68','2019-01-06 09:18:11'),('admin','login ok','124.93.200.217','2019-01-06 12:38:00'),('admin','login ok','123.185.145.253','2019-01-06 14:53:46'),('admin','login ok','124.93.200.217','2019-01-06 14:55:37'),('admin','login ok','61.48.53.72','2019-01-06 17:24:06'),('test','login ok','124.93.200.217','2019-01-06 17:52:41'),('admin','login ok','124.93.200.217','2019-01-06 17:54:25'),('test','login ok','124.93.200.217','2019-01-06 18:07:32'),('admin','login ok','124.93.200.217','2019-01-06 18:21:02'),('admin','login ok','124.93.200.217','2019-01-06 18:21:22'),('admin','login ok','124.93.200.217','2019-01-06 18:27:40'),('admin','login ok','124.93.200.217','2019-01-06 19:22:18'),('admin','login ok','123.185.145.253','2019-01-06 20:04:09'),('admin','login ok','123.185.145.253','2019-01-06 20:12:15'),('admin','login ok','124.93.200.217','2019-01-06 20:27:04'),('1111','no save','124.93.200.216','2019-01-06 21:54:53'),('admin','login ok','124.93.200.217','2019-01-07 16:54:28'),('test','login ok','124.93.200.217','2019-01-07 17:15:38'),('admin','login ok','123.185.145.253','2019-01-08 02:09:39'),('admin','login ok','124.93.200.217','2019-01-08 12:13:02'),('admin','login ok','124.93.200.217','2019-01-08 14:39:09'),('admin','login ok','61.48.53.72','2019-01-08 17:34:24'),('admin','login ok','124.93.200.217','2019-01-09 14:58:22'),('admin','login ok','124.93.200.217','2019-01-09 15:01:30'),('admin','login ok','124.93.200.217','2019-01-09 15:11:46'),('admin','login ok','124.93.200.217','2019-01-09 17:34:52'),('admin','login ok','124.93.200.217','2019-01-09 18:17:30'),('admin','login ok','124.93.200.217','2019-01-10 14:36:38'),('admin','login ok','124.93.200.217','2019-01-10 18:18:16'),('test','login ok','124.93.200.217','2019-01-10 18:28:13'),('admin','login ok','124.93.200.217','2019-01-10 18:30:56'),('admin','login ok','124.93.200.217','2019-01-10 18:31:34'),('test','login ok','124.93.200.217','2019-01-10 18:36:26'),('admin','login ok','124.93.200.217','2019-01-11 17:01:46'),('admin','login ok','124.93.200.217','2019-01-12 09:35:22'),('admin','login ok','124.93.200.217','2019-01-12 11:14:45'),('test','login ok','124.93.200.217','2019-01-12 12:46:40'),('admin','login ok','124.93.200.217','2019-01-12 16:35:19'),('admin','login ok','123.185.86.0','2019-01-12 16:37:01'),('admin','login ok','113.234.204.130','2019-01-12 18:12:50'),('admin','login ok','113.234.204.130','2019-01-12 19:31:14'),('admin','login ok','113.234.204.130','2019-01-12 19:36:54'),('admin','login ok','113.234.204.130','2019-01-12 21:37:02'),('admin','login ok','113.226.119.38','2019-01-12 21:44:55'),('admin','login ok','113.234.204.130','2019-01-13 08:25:49'),('admin','login ok','124.93.200.217','2019-01-13 10:24:14'),('admin','login ok','124.93.200.217','2019-01-13 11:18:29'),('admin','login ok','124.93.200.217','2019-01-13 12:55:30'),('admin','login ok','124.93.200.217','2019-01-13 12:56:52'),('test','login ok','124.93.200.217','2019-01-13 12:57:11'),('admin','login ok','124.93.200.217','2019-01-13 12:57:33'),('admin','login ok','124.93.200.217','2019-01-13 12:58:51'),('admin','login ok','113.234.204.130','2019-01-13 12:59:14'),('admin','login ok','113.234.204.130','2019-01-13 12:59:38'),('admin','login ok','124.93.200.217','2019-01-13 12:59:40'),('test','login ok','124.93.200.217','2019-01-13 12:59:49'),('admin','login ok','113.234.204.130','2019-01-13 13:00:13'),('admin','login ok','124.93.200.217','2019-01-13 13:00:14'),('admin','login ok','124.93.200.217','2019-01-13 13:00:50'),('admin','login ok','113.234.204.130','2019-01-13 13:01:42'),('test','login ok','124.93.200.217','2019-01-13 13:03:43'),('admin','login ok','124.93.200.217','2019-01-13 13:04:07'),('test','login ok','124.93.200.217','2019-01-13 13:04:26'),('admin','login ok','124.93.200.217','2019-01-13 13:05:08'),('test','login ok','124.93.200.217','2019-01-13 13:06:00'),('test','login ok','113.234.204.130','2019-01-13 13:07:55'),('test','login ok','113.234.204.130','2019-01-13 13:09:02'),('admin','login ok','113.234.204.130','2019-01-13 13:18:17'),('admin','login ok','113.234.204.130','2019-01-13 13:19:09'),('admin','login ok','113.234.204.130','2019-01-13 13:21:26'),('test','login ok','113.234.204.130','2019-01-13 13:22:14'),('admin','login ok','113.234.204.130','2019-01-13 13:23:38'),('admin','login ok','113.234.204.130','2019-01-13 13:31:18'),('admin','login ok','113.234.204.130','2019-01-13 13:45:45'),('admin','login ok','113.234.204.130','2019-01-13 14:02:55'),('test','login ok','113.234.204.130','2019-01-13 14:03:15'),('admin','login ok','113.234.204.130','2019-01-13 14:30:42'),('admin','login ok','124.93.200.217','2019-01-13 15:27:33'),('admin','login ok','124.93.200.217','2019-01-13 15:28:55'),('test','login ok','124.93.200.217','2019-01-13 15:29:07'),('admin','login ok','113.234.204.130','2019-01-13 17:13:40'),('admin','login ok','113.226.119.38','2019-01-13 22:56:19'),('test','login ok','113.226.119.38','2019-01-13 22:58:50'),('admin','login ok','113.226.119.38','2019-01-13 23:00:08'),('test','login ok','113.226.119.38','2019-01-13 23:00:48'),('admin','login ok','113.234.204.130','2019-01-14 10:16:05'),('admin','login ok','124.93.200.217','2019-01-14 10:39:33'),('test','login ok','124.93.200.217','2019-01-14 10:42:54'),('admin','login ok','124.93.200.217','2019-01-14 11:07:26'),('admin','login ok','106.120.91.173','2019-01-14 11:10:54'),('admin','login ok','113.234.204.130','2019-01-14 16:06:42'),('admin','login ok','113.234.204.130','2019-01-14 21:25:07'),('test','login ok','123.185.145.241','2019-01-15 07:43:33'),('admin','login ok','123.185.145.241','2019-01-15 07:47:23'),('admin','login ok','124.93.200.217','2019-01-15 09:31:10'),('test','login ok','124.93.200.217','2019-01-15 09:31:43'),('admin','login ok','124.93.200.217','2019-01-15 09:37:59'),('test','login ok','124.93.200.217','2019-01-15 09:38:44'),('admin','login ok','124.93.200.217','2019-01-15 09:49:16'),('admin','login ok','124.93.200.217','2019-01-15 09:49:21'),('admin','login ok','124.93.200.217','2019-01-15 09:59:07'),('test','login ok','124.93.200.217','2019-01-15 10:03:32'),('admin','login ok','124.93.200.217','2019-01-15 10:20:39'),('abc123','login ok','124.93.200.217','2019-01-15 10:25:15'),('admin','login ok','175.167.146.20','2019-01-15 10:27:58'),('admin','login ok','124.93.200.217','2019-01-15 10:28:03'),('admin','login ok','175.167.146.20','2019-01-15 10:29:04'),('abc123','login ok','124.93.200.217','2019-01-15 11:08:40'),('abc123','login ok','175.167.146.20','2019-01-15 11:46:55'),('abc123','login ok','124.93.200.217','2019-01-15 14:23:00'),('test','login ok','124.93.200.217','2019-01-15 14:23:49'),('admin','login ok','175.167.146.20','2019-01-15 14:27:33'),('admin','login ok','175.167.146.20','2019-01-15 15:08:37'),('1234','no save','124.93.200.217','2019-01-15 15:09:33'),('test','login ok','175.167.146.20','2019-01-15 15:09:38'),('test123','no save','124.93.200.217','2019-01-15 15:16:17'),('1234','login ok','124.93.200.217','2019-01-15 15:18:29'),('1234','login ok','124.93.200.217','2019-01-15 15:19:41'),('admin','login ok','124.93.200.217','2019-01-15 15:23:24'),('test','login ok','124.93.200.217','2019-01-15 15:26:11'),('admin','login ok','124.93.200.217','2019-01-15 15:54:19'),('admin','login ok','124.93.200.217','2019-01-15 15:57:57'),('1234','login ok','124.93.200.217','2019-01-15 15:58:27'),('1234','login ok','124.93.200.217','2019-01-15 15:59:48'),('test','login ok','124.93.200.217','2019-01-15 16:00:52'),('admin','login ok','124.93.200.217','2019-01-15 17:01:27'),('1234','login ok','124.93.200.217','2019-01-15 17:08:46'),('admin','login ok','124.93.200.217','2019-01-15 18:27:00'),('admin','login ok','127.0.0.1','2019-01-15 18:52:42'),('1234','login ok','127.0.0.1','2019-01-15 19:56:02'),('admin','login ok','127.0.0.1','2019-01-15 21:41:54'),('admin','login ok','127.0.0.1','2019-01-16 23:10:55'),('admin','login ok','127.0.0.1','2019-01-18 10:21:31'),('admin','login ok','127.0.0.1','2019-01-19 09:29:47'),('admin','login ok','127.0.0.1','2019-01-19 12:46:04'),('admin','login ok','127.0.0.1','2019-01-19 18:20:07'),('admin','login ok','127.0.0.1','2019-01-21 13:43:05'),('admin','login ok','127.0.0.1','2019-01-21 14:29:47'),('admin','login ok','127.0.0.1','2019-01-21 14:42:23'),('test','login ok','127.0.0.1','2019-01-21 14:43:07'),('admin','login ok','127.0.0.1','2019-01-21 14:43:28'),('admin','login ok','127.0.0.1','2019-01-21 15:09:22'),('admin','login ok','127.0.0.1','2019-01-22 10:18:32'),('admin','login ok','127.0.0.1','2019-01-22 13:22:55'),('admin','login ok','127.0.0.1','2019-01-22 14:18:41'),('admin','login ok','127.0.0.1','2019-01-23 18:38:08'),('admin','login ok','127.0.0.1','2019-01-27 11:18:01'),('admin','login ok','127.0.0.1','2019-02-17 08:43:38'),('admin','login ok','127.0.0.1','2019-02-20 10:49:24'),('admin','login ok','127.0.0.1','2019-02-20 16:21:41'),('admin','login ok','127.0.0.1','2019-03-11 19:53:40'),('admin','login ok','127.0.0.1','2019-03-12 19:44:37');
/*!40000 ALTER TABLE `loginlog` ENABLE KEYS */;
UNLOCK TABLES;

--
-- Table structure for table `mail`
--

DROP TABLE IF EXISTS `mail`;
/*!40101 SET @saved_cs_client     = @@character_set_client */;
/*!40101 SET character_set_client = utf8 */;
CREATE TABLE `mail` (
  `mail_id` int(11) NOT NULL AUTO_INCREMENT,
  `to_user` varchar(48) NOT NULL DEFAULT '',
  `from_user` varchar(48) NOT NULL DEFAULT '',
  `title` varchar(200) NOT NULL DEFAULT '',
  `content` text,
  `new_mail` tinyint(1) NOT NULL DEFAULT '1',
  `reply` tinyint(4) DEFAULT '0',
  `in_date` datetime DEFAULT NULL,
  `defunct` char(1) NOT NULL DEFAULT 'N',
  PRIMARY KEY (`mail_id`),
  KEY `uid` (`to_user`)
) ENGINE=MyISAM AUTO_INCREMENT=1013 DEFAULT CHARSET=utf8;
/*!40101 SET character_set_client = @saved_cs_client */;

--
-- Dumping data for table `mail`
--

LOCK TABLES `mail` WRITE;
/*!40000 ALTER TABLE `mail` DISABLE KEYS */;
/*!40000 ALTER TABLE `mail` ENABLE KEYS */;
UNLOCK TABLES;

--
-- Table structure for table `movie`
--

DROP TABLE IF EXISTS `movie`;
/*!40101 SET @saved_cs_client     = @@character_set_client */;
/*!40101 SET character_set_client = utf8 */;
CREATE TABLE `movie` (
  `movie_id` int(11) NOT NULL AUTO_INCREMENT,
  `category_id` int(10) NOT NULL COMMENT 'Ŀ',
  `title` varchar(45) NOT NULL COMMENT '标题',
  `url` varchar(200) NOT NULL COMMENT '视频文件链接',
  `desc` varchar(45) DEFAULT NULL COMMENT '视频描述',
  `user_id` varchar(45) DEFAULT NULL COMMENT '创建/编辑者id',
  `post_time` datetime DEFAULT NULL COMMENT '发布/修改时间',
  `status` tinyint(2) DEFAULT '1' COMMENT '状态：1为正常',
  `nice` int(11) DEFAULT '0',
  `scan` int(11) DEFAULT '0',
  `thumb_url` varchar(200) DEFAULT NULL COMMENT 'ͼurl',
  `tag` varchar(48) DEFAULT NULL,
  PRIMARY KEY (`movie_id`),
  UNIQUE KEY `title_UNIQUE` (`title`),
  UNIQUE KEY `url_UNIQUE` (`url`),
  KEY `index4` (`category_id`),
  KEY `tag` (`tag`)
) ENGINE=MyISAM AUTO_INCREMENT=6 DEFAULT CHARSET=utf8mb4 COMMENT='教学资源-视频表';
/*!40101 SET character_set_client = @saved_cs_client */;

--
-- Dumping data for table `movie`
--

LOCK TABLES `movie` WRITE;
/*!40000 ALTER TABLE `movie` DISABLE KEYS */;
INSERT INTO `movie` VALUES (1,2,'程序设技巧及模拟','/upload/movie/20190106/20190106180450_79869.mp4','测试测试功能and. so on','admin','2019-01-12 16:57:16',1,0,0,'/upload/image/20190112/20190112165715_17172.jpg',NULL),(4,2,'数学课教你怎么做煎饼','/upload/movie/20190106/20190106180528_18267.mp4','数学课教你怎么做煎饼123','admin','2019-01-12 16:57:24',1,0,1,'/upload/image/20190112/20190112165723_29315.png',NULL),(3,1,'宣传片','/upload/movie/20190106/20190106180322_74039.mp4','煎饼','admin','2019-01-22 14:34:55',1,0,7,'/upload/movie/20190106/20190106180322_74039.mp4','数学'),(5,1,'加一个视频看看分类','','视频是什么东东','admin','2019-01-22 14:43:18',1,0,0,'','语文');
/*!40000 ALTER TABLE `movie` ENABLE KEYS */;
UNLOCK TABLES;

--
-- Table structure for table `news`
--

DROP TABLE IF EXISTS `news`;
/*!40101 SET @saved_cs_client     = @@character_set_client */;
/*!40101 SET character_set_client = utf8 */;
CREATE TABLE `news` (
  `news_id` int(11) NOT NULL AUTO_INCREMENT,
  `user_id` varchar(48) NOT NULL DEFAULT '',
  `title` varchar(200) NOT NULL DEFAULT '',
  `content` text NOT NULL,
  `time` datetime NOT NULL DEFAULT '2016-05-13 19:24:00',
  `importance` tinyint(4) NOT NULL DEFAULT '0',
  `defunct` char(1) NOT NULL DEFAULT 'N',
  PRIMARY KEY (`news_id`)
) ENGINE=MyISAM AUTO_INCREMENT=1004 DEFAULT CHARSET=utf8;
/*!40101 SET character_set_client = @saved_cs_client */;

--
-- Dumping data for table `news`
--

LOCK TABLES `news` WRITE;
/*!40000 ALTER TABLE `news` DISABLE KEYS */;
/*!40000 ALTER TABLE `news` ENABLE KEYS */;
UNLOCK TABLES;

--
-- Table structure for table `online`
--

DROP TABLE IF EXISTS `online`;
/*!40101 SET @saved_cs_client     = @@character_set_client */;
/*!40101 SET character_set_client = utf8 */;
CREATE TABLE `online` (
  `hash` varchar(32) COLLATE utf8_unicode_ci NOT NULL,
  `ip` varchar(46) CHARACTER SET utf8 NOT NULL DEFAULT '',
  `ua` varchar(255) CHARACTER SET utf8 NOT NULL DEFAULT '',
  `refer` varchar(255) COLLATE utf8_unicode_ci DEFAULT NULL,
  `lastmove` int(10) NOT NULL,
  `firsttime` int(10) DEFAULT NULL,
  `uri` varchar(255) COLLATE utf8_unicode_ci DEFAULT NULL,
  PRIMARY KEY (`hash`),
  UNIQUE KEY `hash` (`hash`)
) ENGINE=MEMORY DEFAULT CHARSET=utf8 COLLATE=utf8_unicode_ci;
/*!40101 SET character_set_client = @saved_cs_client */;

--
-- Dumping data for table `online`
--

LOCK TABLES `online` WRITE;
/*!40000 ALTER TABLE `online` DISABLE KEYS */;
/*!40000 ALTER TABLE `online` ENABLE KEYS */;
UNLOCK TABLES;

--
-- Table structure for table `pdf`
--

DROP TABLE IF EXISTS `pdf`;
/*!40101 SET @saved_cs_client     = @@character_set_client */;
/*!40101 SET character_set_client = utf8 */;
CREATE TABLE `pdf` (
  `pdf_id` int(11) NOT NULL AUTO_INCREMENT,
  `category_id` int(11) NOT NULL COMMENT 'Ŀ',
  `title` varchar(45) NOT NULL COMMENT '',
  `url` varchar(200) NOT NULL COMMENT 'pdfļ',
  `desc` varchar(45) DEFAULT NULL COMMENT 'Ƶ',
  `user_id` varchar(45) DEFAULT NULL COMMENT '/༭id',
  `post_time` datetime DEFAULT NULL COMMENT '/޸ʱ',
  `status` tinyint(2) DEFAULT '1' COMMENT '״̬1Ϊ\n',
  `nice` int(11) DEFAULT '0',
  `scan` int(11) DEFAULT '0',
  PRIMARY KEY (`pdf_id`),
  UNIQUE KEY `title_UNIQUE` (`title`),
  UNIQUE KEY `url_UNIQUE` (`url`),
  KEY `index4` (`category_id`)
) ENGINE=MyISAM AUTO_INCREMENT=7 DEFAULT CHARSET=utf8mb4 COMMENT='ѧԴ-pdf';
/*!40101 SET character_set_client = @saved_cs_client */;

--
-- Dumping data for table `pdf`
--

LOCK TABLES `pdf` WRITE;
/*!40000 ALTER TABLE `pdf` DISABLE KEYS */;
INSERT INTO `pdf` VALUES (5,2,'C语言木马教程','/upload/pdf/20190112/20190112170156_68333.pdf','','admin','2019-01-12 17:02:04',1,0,0),(3,1,'ACM基本输入输出','/upload/pdf/20190106/20190106180012_19821.pdf','','admin','2019-01-06 18:00:14',1,0,3),(6,1,'Visual.C++编程基础与实践','/upload/pdf/20190112/20190112170355_98038.pdf','','admin','2019-01-12 17:03:56',1,0,1);
/*!40000 ALTER TABLE `pdf` ENABLE KEYS */;
UNLOCK TABLES;

--
-- Table structure for table `printer`
--

DROP TABLE IF EXISTS `printer`;
/*!40101 SET @saved_cs_client     = @@character_set_client */;
/*!40101 SET character_set_client = utf8 */;
CREATE TABLE `printer` (
  `printer_id` int(11) NOT NULL AUTO_INCREMENT,
  `user_id` char(48) NOT NULL,
  `in_date` datetime NOT NULL DEFAULT '2018-03-13 19:38:00',
  `status` smallint(6) NOT NULL DEFAULT '0',
  `worktime` timestamp NULL DEFAULT CURRENT_TIMESTAMP,
  `printer` char(16) NOT NULL DEFAULT 'LOCAL',
  `content` text NOT NULL,
  PRIMARY KEY (`printer_id`)
) ENGINE=MyISAM DEFAULT CHARSET=utf8;
/*!40101 SET character_set_client = @saved_cs_client */;

--
-- Dumping data for table `printer`
--

LOCK TABLES `printer` WRITE;
/*!40000 ALTER TABLE `printer` DISABLE KEYS */;
/*!40000 ALTER TABLE `printer` ENABLE KEYS */;
UNLOCK TABLES;

--
-- Table structure for table `privilege`
--

DROP TABLE IF EXISTS `privilege`;
/*!40101 SET @saved_cs_client     = @@character_set_client */;
/*!40101 SET character_set_client = utf8 */;
CREATE TABLE `privilege` (
  `user_id` char(48) NOT NULL DEFAULT '',
  `rightstr` char(30) NOT NULL DEFAULT '',
  `defunct` char(1) NOT NULL DEFAULT 'N'
) ENGINE=MyISAM DEFAULT CHARSET=utf8;
/*!40101 SET character_set_client = @saved_cs_client */;

--
-- Dumping data for table `privilege`
--

LOCK TABLES `privilege` WRITE;
/*!40000 ALTER TABLE `privilege` DISABLE KEYS */;
INSERT INTO `privilege` VALUES ('admin','m1004','N'),('admin','s1002','N'),('admin','m1000','N'),('admin','c1000','N'),('admin','administrator','N'),('admin','m1001','N'),('admin','m1002','N'),('1234','teacher','N'),('admin','e6','N'),('abc123','teacher','N'),('admin','m1003','N'),('test','cate1','N'),('test','teacher','N'),('admin','printer','N'),('1234','cate5','N'),('user2','blog_deny','N'),('user1','blog_deny','N'),('user3','blog_deny','N');
/*!40000 ALTER TABLE `privilege` ENABLE KEYS */;
UNLOCK TABLES;

--
-- Table structure for table `problem`
--

DROP TABLE IF EXISTS `problem`;
/*!40101 SET @saved_cs_client     = @@character_set_client */;
/*!40101 SET character_set_client = utf8 */;
CREATE TABLE `problem` (
  `problem_id` int(11) NOT NULL AUTO_INCREMENT,
  `title` varchar(200) NOT NULL DEFAULT '',
  `description` text,
  `input` text,
  `output` text,
  `sample_input` text,
  `sample_output` text,
  `spj` char(1) NOT NULL DEFAULT '0',
  `hint` text,
  `source` varchar(100) DEFAULT NULL,
  `difficulty` varchar(100) DEFAULT NULL,
  `in_date` datetime DEFAULT NULL,
  `time_limit` int(11) NOT NULL DEFAULT '0',
  `memory_limit` int(11) NOT NULL DEFAULT '0',
  `vip` int(2) NOT NULL,
  `defunct` char(1) NOT NULL DEFAULT 'N',
  `accepted` int(11) DEFAULT '0',
  `submit` int(11) DEFAULT '0',
  `solved` int(11) DEFAULT '0',
  PRIMARY KEY (`problem_id`)
) ENGINE=MyISAM AUTO_INCREMENT=1165 DEFAULT CHARSET=utf8;
/*!40101 SET character_set_client = @saved_cs_client */;

--
-- Dumping data for table `problem`
--

LOCK TABLES `problem` WRITE;
/*!40000 ALTER TABLE `problem` DISABLE KEYS */;
INSERT INTO `problem` VALUES (1000,'2^k进制数','\r\n	<span>设r是个2^k 进制数，并满足以下条件： <br />\r\n（1）r至少是个2位的2^k 进制数。 <br />\r\n（2）作为2^k 进制数，除最后一位外，r的每一位严格小于它右边相邻的那一位。 <br />\r\n（3）将r转换为2进制数q后，则q的总位数不超过w。 <br />\r\n在这里，正整数k（1≤k≤9）和w（k〈w≤30000）是事先给定的。 <br />\r\n<br />\r\n问：满足上述条件的不同的r共有多少个？ <br />\r\n我们再从另一角度作些解释：设S是长度为w 的01字符串（即字符串S由w个“0”或“1”组成），S对应于上述条件（3）中的q。将S从右起划分为若干个长度为k 的段，每段对应一位2^k进制的数，如果S至少可分成2段，则S所对应的二进制数又可以转换为上述的2^k 进制数r。 <br />\r\n例：设k=3，w=7。则r是个八进制数（2^3=8）。由于w=7，长度为7的01字符串按3位一段分，可分为3段（即1，3，3，左边第一段只有一个二进制位），则满足条件的八进制数有： <br />\r\n2位数：高位为1：6个（即12，13，14，15，16，17），高位为2：5个，…，高位为6：1个（即67）。共6+5+…+1=21个。 <br />\r\n3位数：高位只能是1，第2位为2：5个（即123，124，125，126，127），第2位为3：4个，…，第2位为6：1个（即167）。共5+4+…+1=15个。 <br />\r\n所以，满足要求的r共有36个。 </span>\r\n<br />','\r\n	<span>只有1行，为两个正整数，用一个空格隔开： <br />\r\nk w </span>\r\n<br />','\r\n	<span>1行，是一个正整数，为所求的计算结果，即满足条件的不同的r的个数（用十进制数表示），要求最高位不得为0，各数字之间不得插入数字以外的其他字符（例如空格、换行符、逗号等）。 <br />\r\n（提示：作为结果的正整数可能很大，但不会超过200位） </span>\r\n<br />','3  7','36','0','','C语言 C++','一级难度','2019-01-02 23:41:05',1,128,0,'N',2,4,0),(1001,'Cylinder','<p><font face=\"Times New Roman\">Using a sheet of paper and scissors, you can cut out two faces to form a cylinder in the following way: <br />\n<br />\n<br />\nCut the paper horizontally (parallel to the shorter side) to get two rectangular parts. <br />\n<br />\nFrom the first part, cut out a circle of maximum radius. The circle will form the bottom of the cylinder. <br />\n<br />\nRoll the second part up in such a way that it has a perimeter of equal length with the circle\'s circumference, and attach one end of the roll to the circle. Note that the roll may have some overlapping parts in order to get the required length of the perimeter. <br />\n<br />\nGiven the dimensions of the sheet of paper, can you calculate the biggest possible volume of a cylinder which can be constructed using the procedure described above? </font><br />\n<br />\n</p>','<p><font size=\"3\" face=\"Times New Roman\">The input consists of several test cases. Each test case consists of two numbers w and h (1 &le; w &le; h &le; 100), which indicate the width and height of the sheet of paper. <br />\n<br />\nThe last test case is followed by a line containing two zeros. <br />\n</font></p>','<p><font face=\"Times New Roman\">For each test case, print one line with the biggest possible volume of the cylinder. Round this number to 3 places after the decimal point. </font><br />\n<br />\n</p>','10 10\n10 50\n10 30\n0 0\n\n','54.247\n785.398\n412.095\n\n','0','','C语言 C++','一级难度','2019-01-01 17:03:02',1,128,0,'N',5,9,0),(1002,'C语言考试练习题_一元二次方程','<p><font size=\"3\" face=\"Times New Roman\">解一元二次方程ax^2+bx+c=0的解。</font></p>','<p><font size=\"3\" face=\"Times New Roman\">\n<p><font size=\"3\" face=\"Times New Roman\">a,b,c的值。</font></p>\n</font></p>','<p><font size=\"3\" face=\"Times New Roman\">两个根X1和X2，其中X1&gt;=X2。。 <br />\n结果保留两位小数</font></p>','1 5 -2\n','0.37 -5.37\n','0','','C语言 C++','一级难度','2019-01-01 17:03:02',1,128,0,'N',0,4,0),(1003,'C语言考试练习题_保留字母','<p><font size=\"3\" face=\"Times New Roman\">编一个程序，输入一个字符串，将组成字符串的所有非英文字母的字符删除后输出。</font></p>','<p><font size=\"3\" face=\"Times New Roman\">一个字符串，长度不超过80个字符</font></p>','<p><font size=\"3\" face=\"Times New Roman\">删掉非英文字母后的字符串。</font></p>','abc123+xyz.5\n','abcxyz\n','0','','C语言 C++','一级难度','2019-01-01 17:03:02',1,128,0,'N',0,19,0),(1004,'C语言考试练习题_排列','<p><font size=\"3\" face=\"Times New Roman\">有4个互不相同的数字，输出由其中三个不重复数字组成的排列。 <br />\n</font></p>','<p><font size=\"3\" face=\"Times New Roman\">4个整数。</font></p>','<pre><p><font size=\"3\" face=\"Times New Roman\">所有排列。</font></p></pre>','1 2 3 4\n','1 2 3\n1 3 2\n2 1 3\n2 3 1\n3 1 2\n3 2 1\n1 2 4\n1 4 2\n2 1 4\n2 4 1\n4 1 2\n4 2 1\n1 3 4\n1 4 3\n3 1 4\n3 4 1\n4 1 3\n4 3 1\n2 3 4\n2 4 3\n3 2 4\n3 4 2\n4 2 3\n4 3 2\n\n','0','','C语言 C++','一级难度','2019-01-01 17:03:02',1,128,0,'N',3,12,0),(1005,'DNA','<p><font face=\"Times New Roman\">小强从小就喜欢生命科学，他总是好奇花草鸟兽从哪里来的。终于， 小强上中学了，接触到了神圣的名词--DNA.它有一个双螺旋的结构。这让一根筋的小强抓破头皮，&ldquo;要是能画出来就好了&rdquo; 小强喊道。现在就请你帮助他吧</font></p>','<p><font face=\"Times New Roman\">输入包含多组测试数据。第一个整数N（N&lt;=15）,N表示组数，每组数据包含两个整数a,b。a表示一个单位的DNA串的行数，a为奇数且 3&lt;=a&lt;=39。b表示重复度(1&lt;=b&lt;=20)。</font></p>','<p><font face=\"Times New Roman\">输出DNA的形状，每组输出间有一空行。 </font></p>','2\n3 1\n5 4','X X\n X\nX X\n\nX   X\n X X\n  X\n X X\nX   X\n X X\n  X\n X X\nX   X\n X X\n  X\n X X\nX   X\n X X\n  X\n X X\nX   X\n','0','','C语言 C++','一级难度','2019-01-01 17:03:02',1,128,0,'N',0,1,0),(1006,'IP判断','<p><font size=\"3\" face=\"Times New Roman\">在基于Internet的程序中，我们常常需要判断一个IP字符串的合法性。  <br />\n合法的IP是这样的形式：  <br />\nA.B.C.D  <br />\n其中A、B、C、D均为位于[0, 255]中的整数。为了简单起见，我们规定这四个整数中不允许有前导零存在，如001这种情况。  <br />\n现在，请你来完成这个判断程序吧^_^ </font></p>','<p><font size=\"3\" face=\"Times New Roman\">输入由多行组成，每行是一个字符串，输入由&ldquo;End of file&rdquo;结束。  <br />\n字符串长度最大为30，且不含空格和不可见字符</font></p>','<p><font size=\"3\" face=\"Times New Roman\">对于每一个输入，单独输出一行  <br />\n如果该字符串是合法的IP，输出Y，否则，输出N</font></p>','1.2.3.4\na.b.c.d\n267.43.64.12\n12.34.56.bb\n210.43.64.129\n-123.4.5.6','Y\nN\nN\nN\nY\nN','0','','C语言 C++','一级难度','2019-01-01 17:03:02',1,128,0,'N',0,0,0),(1007,'Jam的计数法','<p><font size=\"3\" face=\"Times New Roman\">Jam是个喜欢标新立异的科学怪人。他不使用阿拉伯数字计数，而是使用小 写英文字母计数，他觉得这样做，会使世界更加丰富多彩。在他的计数法中，每个数字的位数都是相同的（使用相同个数的字母），英文字母按原先的顺序，排在前 面的字母小于排在它后面的字母。我们把这样的&ldquo;数字&rdquo;称为Jam数字。在Jam数字中，每个字母互不相同，而且从左到右是严格递增的。每次，Jam还指定 使用字母的范围，例如，从2到10，表示只能使用{b,c,d,e,f,g,h,i,j}这些字母。如果再规定位数为5，那么，紧接在Jam数字 &ldquo;bdfij&rdquo;之后的数字应该是&ldquo;bdghi&rdquo;。（如果我们用U、V依次表示Jam数字&ldquo;bdfij&rdquo;与&ldquo;bdghi&rdquo;，则U〈V，且不存在Jam数字 P，使U〈P〈V）。你的任务是：对于从文件读入的一个Jam数字，按顺序输出紧接在后面的5个Jam数字，如果后面没有那么多Jam数字，那么有几个就 输出几个。</font></p>','<p><font size=\"3\" face=\"Times New Roman\">有2行，第1行为3个正整数，用一个空格隔开：  <br />\ns t w  <br />\n（其中s为所使用的最小的字母的序号，t为所使用的最大的字母的序号。w为数字的位数，这3个数满足：1&le;s〈t&le;26, 2&le;w&le;t-s ）  <br />\n第2行为具有w个小写字母的字符串，为一个符合要求的Jam数字。  <br />\n所给的数据都是正确的，不必验证。</font></p>','<p><font size=\"3\" face=\"Times New Roman\">最多为5行，为紧接在输入的Jam数字后面的5个Jam数字，如果后面没有那么多Jam数字，那么有几个就输出几个。每行只输出一个Jam数字，是由w个小写字母组成的字符串，不要有多余的空格。</font></p>','2 10 5\nbdfij','bdghi\nbdghj\nbdgij\nbdhij','0','','C语言 C++','一级难度','2019-01-01 17:03:02',1,128,0,'N',0,0,0),(1008,'K-进制数','<p><font size=\"3\" face=\"Times New Roman\">考虑包含N位数字的K-进制数. 定义一个数有效, 如果其K-进制表示不包含两连续的0.</font></p>\n<p><font size=\"3\" face=\"Times New Roman\">考虑包含N位数字的K-进制数. 定义一个数有效, 如果其K-进制表示不包含两连续的0.  <br />\n<br />\n例:  <br />\n1010230 是有效的7位数  <br />\n1000198 无效  <br />\n0001235 不是7位数, 而是4位数.  <br />\n<br />\n给定两个数N和K, 要求计算包含N位数字的有效K-进制数的总数.  <br />\n<br />\n假设2 &lt;= K &lt;= 10; 2 &lt;= N; 4 &lt;= N+K &lt;= 18.</font></p>','<p><font size=\"3\" face=\"Times New Roman\">两个十进制整数N和K</font></p>','<p>十进制表示的结果</p>','2\n10','90','0','','C语言 C++','一级难度','2019-01-01 17:03:02',1,128,0,'N',0,0,0),(1009,'Tom数','<p><font face=\"Times New Roman\">正整数的各位数字之和被Tom称为Tom数。求输入数（&lt;2^32）的Tom数!</font></p>','<p><font size=\"3\" face=\"Times New Roman\">每行一个整数(&lt;2^32).</font></p>','<p><font size=\"3\" face=\"Times New Roman\">每行一个输出,对应该数的各位数之和.</font></p>','12345\n56123\n82\n','15\n17\n10\n','0','','C语言 C++','一级难度','2019-01-01 17:03:02',1,128,0,'N',0,0,0),(1010,'【C语言训练】\"水仙花数\"问题1','<p><font size=\"3\" face=\"Times New Roman\">判断一个数是否为&quot;水仙花数&quot;，所谓&quot;水仙花数&quot;是指这样的一人数：其各位数字的立方和等于该数本身。例如：371是一个&quot;水仙花数&quot;，371=3^3+7^3+1^3. </font></p>','<p><font size=\"3\" face=\"Times New Roman\">一个三位数</font></p>','<p><font size=\"3\" face=\"Times New Roman\">1或者0(1代表此数为水仙花数,0代表此数不是水仙花数)</font></p>','371','1','0','','C语言 C++','一级难度','2019-01-01 17:03:02',1,128,0,'N',0,0,0),(1011,'【C语言训练】\"水仙花数\"问题2','<p><font size=\"3\" face=\"Times New Roman\">输出所有的&quot;水仙花数&quot;.所谓&quot;水仙花数&quot;是指这样的一个三位数：其各位数字的立方和等于该数本身。例如：371是一个&quot;水仙花数&quot;，371=3^3+7^3+1^3.</font></p>','','<p><font size=\"3\" face=\"Times New Roman\">输出所有的&quot;水仙花数&quot;(从小到大的顺序输出)</font></p>','','','0','','C语言 C++','一级难度','2019-01-01 17:03:02',1,128,0,'N',0,0,0),(1012,'【C语言训练】8除不尽的数','<p><font size=\"3\" face=\"Times New Roman\">一个自然数被8除余1,所得的商被8除也余1, <br />\n再将第二次的商被8除后余7,最后得到一个商为a. <br />\n又知这上自然数被17除余4.所得的商被17除余15, <br />\n最的得到一个商是a的2倍. <br />\n<br />\n求这个自然数.</font></p>','','<p>1993</p>','','','0','','C语言 C++','一级难度','2019-01-01 17:03:02',1,128,0,'N',0,0,0),(1013,'【C语言训练】亲密数','<p><font size=\"3\" face=\"Times New Roman\">两个不同的自然数A和B，如果整数A的全部因子(包括1，不包括A本身)之和等于B；且整数B的全部因子(包括1，不包括B本身)之和等于A，则将整数A和B称为亲密数。求3000以内的全部亲密数。</font></p>','','<p><font size=\"3\" face=\"Times New Roman\">3000以内的全部亲密数(输出格式:(A,B)，不加换行，不加分隔符号) <br />\n一对亲密数只输出一次, 小的在前</font></p>','','(220,284)(1184,1210)(2620,2924)','0','<p><font size=\"3\" face=\"Times New Roman\">按照亲密数定义，要判断数a是否有亲密数，只要计算出a的全部因子的累加和为b，再计算b的全部因子的累加和为n，若n等于a则可判定a和b是亲密数。计算数a的各因子的算法： <br />\n用a依次对i(i=1~a/2)进行模运算，若模运算结果等于0，则i为a的一个因子；否则i就不是a的因子。</font></p>','C语言 C++','一级难度','2019-01-01 17:03:02',1,128,0,'N',0,0,0),(1014,'【C语言训练】列出最简真分数序列*','<p><font size=\"3\" face=\"Times New Roman\">按递增顺序依次列出所有分母为40，分子小于40的最简分数。</font></p>','','<p><font size=\"3\" face=\"Times New Roman\">分数之间用逗号分开(含最末逗号)</font></p>','','1/40,3/40,7/40,9/40,11/40,13/40,17/40,19/40,21/40,23/40,27/40,29/40,31/40,33/40,37/40,39/40,','0','<p><font size=\"3\" face=\"Times New Roman\">对分子采用穷举法，利用最大公约数的方法，判断分子与40是否构成真分数。</font></p>','C语言 C++','一级难度','2019-01-01 17:03:02',1,128,0,'N',0,0,0),(1015,'【C语言训练】大、小写问题','<p><font size=\"3\" face=\"Times New Roman\">输入一串字符,将其中的大写变成小写，若不为大写则原样输出</font></p>','<p><font size=\"3\" face=\"Times New Roman\">任意字符串(长度在100以内)以回车表示输入结束</font></p>','<p><font size=\"3\" face=\"Times New Roman\">将其中的大写 输出相应的小写，若不为大写则原样输出</font></p>','A123b','a123b','0','','C语言 基础练习','一级难度','2019-01-01 17:03:02',1,128,0,'N',0,0,0),(1016,'【C语言训练】委派任务*','<p><font face=\"Times New Roman\">某侦察队接到一项紧急任务，要求在A、B、C、D、E、F六个队员中尽可能多地挑若干人，但有以下限制条件： <br />\n1)A和B两人中至少去一人； <br />\n2)A和D不能一起去； <br />\n3)A、E和F三人中要派两人去； <br />\n4)B和C都去或都不去； <br />\n5)C和D两人中去一个； <br />\n6)若D不去，则E也不去。 <br />\n问应当让哪几个人去？ </font><br />\n</p>','','<p><font size=\"3\" face=\"Times New Roman\">要派出的人 <br />\n若有多个，按字母递增顺序排列，用逗号分开（含末尾逗号） <br />\n<br />\n</font></p>','','A,B,C,F,','0','','C语言 基础练习','一级难度','2019-01-01 17:03:02',1,128,0,'N',0,0,0),(1017,'【C语言训练】字符串正反连接','<p><font size=\"3\" face=\"Times New Roman\">所给字符串正序和反序连接，形成新串并输出</font></p>','<p><font size=\"3\" face=\"Times New Roman\">任意字符串（长度&lt;=50）</font></p>','<p><font size=\"3\" face=\"Times New Roman\">字符串正序和反序连接所成的新字符串</font></p>','123abc','123abccba321','0','','C语言 基础练习','一级难度','2019-01-01 17:03:02',1,128,0,'N',0,0,0),(1018,'【C语言训练】尼科彻斯定理','<p><font size=\"3\" face=\"Times New Roman\">验证尼科彻斯定理，即：任何一个正整数的立方都可以写成一串连续奇数的和。</font></p>','<p><font size=\"3\" face=\"Times New Roman\">任一正整数</font></p>','<p><font size=\"3\" face=\"Times New Roman\">该数的立方分解为一串连续奇数的和</font></p>','13','13*13*13=219=157+159+161+163+165+167+169+171+173+175+177+179+181','0','<p><font size=\"3\" face=\"Times New Roman\">本题是一个定理，我们先来证明它是成立的。  <br />\n对于任一正整数a,不论a是奇数还是偶数，整数(a&times;a-a+1)必然为奇数。  <br />\n构造一个等差数列，数列的首项为(a&times;a-a+1),等差数列的差值为2(奇数数列)，则前a项的和为：  <br />\na&times;((a&times;a-a+1))+2&times;a(a-1)/2  <br />\n=a&times;a&times;a-a&times;a+a+a&times;a-a  <br />\n=a&times;a&times;a  <br />\n定理成立。证毕。  <br />\n通过定理的证明过程可知L所要求的奇数数列的首项为(a&times;a-a+1)，长度为a。编程的算法不需要特殊设计，可按照定理的证明过直接进行验证。  </font></p>','C语言 基础练习','一级难度','2019-01-01 17:03:02',1,128,0,'N',0,0,0),(1019,'【C语言训练】排序问题<1>','<p><font size=\"3\" face=\"Times New Roman\">将四个整数进行从小到大的顺序排列,</font></p>','<p><font size=\"3\" face=\"Times New Roman\">四个整数</font></p>','<p><font size=\"3\" face=\"Times New Roman\">从小到大输出这四个数</font></p>','5 3 4 2\n','2 3 4 5\n\n','0','','C语言 基础练习','一级难度','2019-01-01 17:03:02',1,128,0,'N',0,0,0),(1020,'【C语言训练】排序问题<2>','<p><font size=\"3\" face=\"Times New Roman\">将十个数进行从大到小的顺序进行排列</font></p>','<p><font size=\"3\" face=\"Times New Roman\">十个整数</font></p>','<p><font size=\"3\" face=\"Times New Roman\">以从大到小的顺序输出这个十个数</font></p>','1 2 3 4 5 6 7 8 9 10\n','10 9 8 7 6 5 4 3 2 1\n','0','','C语言 基础练习','一级难度','2019-01-01 17:03:02',1,128,0,'N',0,0,0),(1021,'【C语言训练】数字母','<p><font size=\"3\" face=\"Times New Roman\">输入一个字符串,数出其中的字母的个数.</font></p>','<p><font size=\"3\" face=\"Times New Roman\">一个字符串，不包含空格（长度小于100）</font></p>','<p><font size=\"3\" face=\"Times New Roman\">字符串中的字母的个数</font></p>','124lfdk54AIEJ92854&%$GJ','10','0','','C语言 基础练习','一级难度','2019-01-01 17:03:02',1,128,0,'N',0,0,0),(1022,'【C语言训练】斐波纳契数列','<p><font size=\"3\" face=\"Times New Roman\">斐波纳契数列  <br />\n1，1，2，3，5，8，13，21，34，55，89&hellip;&hellip;这个数列则称为&ldquo;斐波纳契数列&rdquo;，其中每个数字都是&ldquo;斐波纳契数&rdquo;。</font></p>','<p><font size=\"3\" face=\"Times New Roman\">一个整数N(N不能大于40)</font></p>','<p><font size=\"3\" face=\"Times New Roman\">由N个&ldquo;斐波纳契数&rdquo;组成的&ldquo;斐波纳契数列&rdquo;。</font></p>','6','1 1 2 3 5 8','0','','C语言 基础练习','一级难度','2019-01-01 17:03:02',1,128,0,'N',0,0,0),(1023,'【C语言训练】最大数问题','<p><font size=\"3\" face=\"Times New Roman\">输入若干个整数,以-1标记输入结束。输出其中的最大数</font></p>','<p><font size=\"3\" face=\"Times New Roman\">若干个整数。（以-1标记输入结束）</font></p>','<p><font size=\"3\" face=\"Times New Roman\">其中的最大数</font></p>','1 2 5 7 8 6 1 -6 -1','8','0','','C语言 基础练习','一级难度','2019-01-01 17:03:02',1,128,0,'N',0,0,0),(1024,'【C语言训练】求1+2!+3!+...+N!的和','<p><font size=\"3\" face=\"Times New Roman\">求1+2!+3!+...+N!的和 </font></p>','<p><font size=\"3\" face=\"Times New Roman\">正整数N（N〈=20）</font></p>','<p><font size=\"3\" face=\"Times New Roman\">1+2!+3!+...+N!的和 (结果为整数形式)</font></p>','3','9','0','','C语言 基础练习','一级难度','2019-01-01 17:03:02',1,128,0,'N',0,0,0),(1025,'【C语言训练】求PI*','','','','','','0','','C语言 基础练习','一级难度','2019-01-01 17:03:02',1,128,0,'N',0,0,0),(1026,'【C语言训练】求s=a+aa+aaa+aaaa+aa...a的值','<p><font size=\"3\" face=\"Times New Roman\">求s=a+aa+aaa+aaaa+aa...a的值，其中a是一个一位的整数。  <br />\n例如2+22+222+2222+22222(此时共有5个数相加)</font></p>','<p><font size=\"3\" face=\"Times New Roman\">整数a和n（n个数相加，1&lt;= n, a&lt;=9）</font></p>','<p><font size=\"3\" face=\"Times New Roman\">s的值</font></p>','2 2','24','0','','C语言 基础练习','一级难度','2019-01-01 17:03:02',1,128,0,'N',0,0,0),(1027,'【C语言训练】求具有abcd=(ab+cd)2性质的四位数','<p><font size=\"3\" face=\"Times New Roman\">3025这个数具有一种独特的性质：将它平分为二段，即30和25，使之相加后求平方，即(30+25)2，恰好等于3025本身。请求出具有这样性质的全部四位数</font></p>','','<p><font face=\"Times New Roman\">满足题意的数全部四位数(从小到大输出,且数之间用两个空格分开) </font><br />\n<br />\n</p>','','2025  3025  9801  ','0','<p><font size=\"3\" face=\"Times New Roman\">根据题意可以采用穷举法，对所有四位数进行判断，从而筛选出符合这种性质的四位数。具体算法实现，可任取一个四位数，将其截为两部分，前两位为a，后两位为b，然后套用公式计算并判断。</font></p>','C语言 基础练习','一级难度','2019-01-01 17:03:02',1,128,0,'N',0,0,0),(1028,'【C语言训练】求函数值','<p><font size=\"3\" face=\"Times New Roman\">按如下递归公式求函数值。  <br />\nx=1时 f(x)=10；x&gt;1时 f(x)=f(x-1)+2</font></p>','<p><font size=\"3\" face=\"Times New Roman\">整型变量x</font></p>','<p><font size=\"3\" face=\"Times New Roman\">f(x)</font></p>','10','28','0','','C语言 基础练习','一级难度','2019-01-01 17:03:02',1,128,0,'N',0,0,0),(1029,'【C语言训练】求矩阵的两对角线上的元素之和','<p><font size=\"3\" face=\"Times New Roman\">求矩阵的两对角线上的元素之和</font></p>','<p><font size=\"3\" face=\"Times New Roman\">矩阵的行数N  <br />\n和一个N*N的整数矩阵a[N][N](N&lt;=10) </font></p>','<p><font size=\"3\" face=\"Times New Roman\">所输矩阵的两对角线上的元素之和</font></p>','3\n1 2 3 \n4 5 6 \n7 8 9','25','0','','C语言 基础练习','一级难度','2019-01-01 17:03:02',1,128,0,'N',0,0,0),(1030,'【C语言训练】求素数问题','<p><font size=\"3\" face=\"Times New Roman\">求出1-N中的所有素数 <br />\n<br />\n</font></p>','<p><font size=\"3\" face=\"Times New Roman\">大于1的正整数N</font></p>','<p><font size=\"3\" face=\"Times New Roman\">1-N中的所有素数,(以从小到大的格式输出)</font></p>','9\n','2 3 5 7 \n','0','','C语言 基础练习','一级难度','2019-01-01 17:03:02',1,128,0,'N',0,0,0),(1031,'【C语言训练】求车速','<p><font size=\"3\" face=\"Times New Roman\">一辆以固定速度行驶的汽车，司机在上午10点看到里程表上的读数是一个对称数(即这个数从左向右读和从右向左读是完全一样的)，为95859。两小时后里程表上出现了一个新的对称数。问该车的速度是多少？新的对称数是多少？</font></p>','','','','95959','0','<p><font size=\"3\" face=\"Times New Roman\">根据题意，设所求对称数为i，其初值为95589，对其依次递增取值，将i值的每一位分解后与其对称位置上的数进行比较，若每个对称位置上的数皆相等，则可判定i即为所求的对称数。</font></p>','C语言 基础练习','一级难度','2019-01-01 17:03:02',1,128,0,'N',0,0,0),(1032,'【C语言训练】百钱百鸡问题','<p><font size=\"3\" face=\"Times New Roman\">中国古代数学家张丘建在他的《算经》中提出了著名的&ldquo;百钱买百鸡问题&rdquo;：鸡翁一，值钱五，鸡母一，值钱三，鸡雏三，值钱一，百钱买百鸡，问翁、母、雏各几何？</font></p>','<p><font size=\"3\" face=\"Times New Roman\"><br />\n</font></p>','<p><font size=\"3\" face=\"Times New Roman\">给出所有的解，每组解占一行  <br />\n解的顺序：按&ldquo;字典序&rdquo;排列，即公鸡数少的在前；公鸡数相同，母鸡数少的在前  <br />\n格式:  <br />\ncock=%d,hen=%d,chicken=%d\\n</font></p>','13 14.1\n12.2 12.3\n15 18\n22.2 23.5\n33.45 33.56\n67.73 67.92','cock=0,hen=25,chicken=75\ncock=4,hen=18,chicken=78\ncock=8,hen=11,chicken=81\ncock=12,hen=4,chicken=84','0','<p><font size=\"3\" face=\"Times New Roman\">设鸡翁、鸡母、鸡雏的个数分别为x,y,z，题意给定共100钱要买百鸡，若全买公鸡最多买20只，显然x的值在0~20之间；同理，y的取值范围在0~33之间，可得到下面的不定方程：  <br />\n5x+3y+z/3=100  <br />\nx+y+z=100  <br />\n所以此问题可归结为求这个不定方程的整数解。  <br />\n由程序设计实现不定方程的求解与手工计算不同。在分析确定方程中未知数变化范围的前提下，可通过对未知数可变范围的穷举，验证方程在什么情况下成立，从而得到相应的解。  <br />\n<br />\n注意：浮点数的比较不准确  <br />\n</font></p>','C语言 基础练习','一级难度','2019-01-01 17:03:02',1,128,0,'N',0,0,0),(1033,'【C语言训练】立方和不等式','<p><font size=\"3\" face=\"Times New Roman\">试求满足下述立方和不等式的m的整数解。  <br />\n1^3+2^3+...+m^3〈=n  <br />\n本题算法如下：  <br />\n对指定的n，设置求和循环，从i=1开始，i递增1取值，把i3(或i*i*i)累加到s，直至s&gt;=n，脱离循环作相应的打印输出。  </font></p>','<p><font size=\"3\" face=\"Times New Roman\">正整数n</font></p>','<p><font size=\"3\" face=\"Times New Roman\">不等式的整数解 </font></p>','10','2','0','','C语言 基础练习','一级难度','2019-01-01 17:03:02',1,128,0,'N',0,0,0),(1034,'【C语言训练】素数问题','<p><font size=\"3\" face=\"Times New Roman\">编写一个程序判断一个数是否为素数</font></p>','<p><font size=\"3\" face=\"Times New Roman\">整数</font></p>','<p><font face=\"Times New Roman\">1或0(其中1表示此数为素数,0为表示为不是素数) </font><br />\n<br />\n</p>','5\n','1\n','0','','C语言 基础练习','一级难度','2019-01-01 17:03:02',1,128,0,'N',0,0,0),(1035,'【C语言训练】自守数问题','<p><font size=\"3\" face=\"Times New Roman\">自守数是指一个数的平方的尾数等于该数自身的自然数。 <br />\n例如： <br />\n25^2=625 <br />\n76^2=5776 <br />\n9376^2=87909376 <br />\n请求出200000以内的自守数?</font></p>','','<p><font face=\"Times New Roman\">200000以内的自守数(包括0, 数之间用两个空格分开) </font><br />\n<br />\n</p>','','0  1  5  6  25  76  376  625  9376  90625  109376  ','0','<p><font face=\"Times New Roman\">若采用&ldquo;求出一个数的平方后再截取最后相应位数&rdquo;的方法显然是不可取的，因为计算机无法表示过大的整数。 <br />\n分析手工方式下整数平方(乘法)的计算过程，以376为例： <br />\n376 被乘数 <br />\nX 376 乘数 <br />\n---------- <br />\n2256 第一个部分积=被乘数*乘数的倒数第一位 <br />\n2632 第二个部分积=被乘数*乘数的倒数第二位 <br />\n1128 第三个部分积=被乘数*乘数的倒数第三位 <br />\n---------- <br />\n141376 积 <br />\n本问题所关心的是积的最后三位。分析产生积的后三位的过程，可以看出，在每一次的部分积中，并不是它的每一位都会对积的后三位产生影响。总结规律可以得到：在三位数乘法中，对积的后三位产生影响的部分积分别为： <br />\n第一个部分积中：被乘数最后三位*乘数的倒数第一位 <br />\n第二个部分积中：被乘数最后二位*乘数的倒数第二位 <br />\n第三个部分积中：被乘数最后一位*乘数的倒数第三位 <br />\n将以上的部分积的后三位求和后截取后三位就是三位数乘积的后三位。这样的规律可以推广到同样问题的不同位数乘积。 <br />\n按照手工计算的过程可以设计算法编写程序。 </font><br />\n<br />\n</p>','C语言 基础练习','一级难度','2019-01-01 17:03:02',1,128,0,'N',0,0,0),(1036,'【C语言训练】自由落体问题','<p><font size=\"3\" face=\"Times New Roman\">一个球从100m高度自由落下,每次落地后反跳回原来高度的一半,再落下,再反弹.求它在第N次落地时共经过多少米? <br />\n</font></p>','<p><b> </b></p>\n<p><font size=\"3\" face=\"Times New Roman\"> 反弹的次数N</font></p>','<p><font size=\"3\" face=\"Times New Roman\">小球经过的路程(保留四位小数)</font></p>','2','200.0000','0','','C语言 基础练习','一级难度','2019-01-01 17:03:02',1,128,0,'N',0,0,0),(1037,'【C语言训练】舍罕王的失算','<p><font size=\"3\" face=\"Times New Roman\">相传国际象棋是古印度舍罕王的宰相达依尔发明的.舍罕王十分喜爱象棋,决定让宰相自己选择何种赏赐.这位聪明的宰相指着8*8共64格的象棋说:陛下,请您赏给我一些麦子吧.就在棋盘的第1格放1粒,第2格放2粒,第三格放4粒,以后每一格都比前一格增加一位,依此放完棋盘一64格,我就感激不尽了.舍罕王让人扛了一袋麦子,他要兑现他的许诺. <br />\n请问,国王要兑现他的许诺共要多少粒麦子赏赐他的宰相?</font></p>','','<p><font size=\"3\" face=\"Times New Roman\">以整数形式输出,不要其它符号</font></p>','','18446744073709552000','0','<p><font size=\"3\" face=\"Times New Roman\">应该是个很大的数,要考虑数的精度问题! 用double类型，输出尽可能精确的结果。</font></p>','C语言 基础练习','一级难度','2019-01-01 17:03:02',1,128,0,'N',0,0,0),(1038,'【C语言训练】角谷猜想','<p><font size=\"3\" face=\"Times New Roman\">角谷猜想:  <br />\n日本一位中学生发现一个奇妙的&ldquo;定理&rdquo;，请角谷教授证明，而教授无能为力，于是产生角谷猜想。猜想的内容是：任给一个自然数，若为偶数除以2，若为奇数则乘3加1，得到一个新的自然数后按照上面的法则继续演算，若干次后得到的结果必然为1。请编程验证。  </font></p>','<p><font size=\"3\" face=\"Times New Roman\">任一正整数</font></p>','<p><font size=\"3\" face=\"Times New Roman\">演算的过程</font></p>','10','10/2=5\n5*3+1=16\n16/2=8\n8/2=4\n4/2=2\n2/2=1','0','','C语言 基础练习','一级难度','2019-01-01 17:03:02',1,128,0,'N',0,0,0),(1039,'【C语言训练】计算1977！*','<p><font size=\"3\" face=\"Times New Roman\">编写一个程序，计算1977！的值，</font></p>','','','','','0','<p><font size=\"3\" face=\"Times New Roman\">1977！的值超过计算机所能表示的整数范围，请考虑其他技巧，假设 1977！之值不超过10000位用一个含有10000个元素的整型数组num表示其结果，每个元素存放一位，num[0]存入个位数，num[]存入十 位数，依次类推&hellip;&hellip;8！=40320，当前最高位len=4，求9！与各位依次相乘rum保存当前的进位数字。（0&lt;=rem&lt;9）.  <br />\n1)rem置初始值0.  <br />\n2）i=0:rem=rem+num[0]*9=0+0=0。num[0]=rem%10=0，rem=rem/10=0。  <br />\n3）i=1:rem=rem+num[1]*9=0+18=18。num[1]=rem%10=8，rem=rem/10=1。  <br />\n4）i=2:rem=rem+num[2]*9=1+27=28。num[2]=rem%10=8，rem=rem/10=2。  <br />\n5）i=3:rem=rem+num[3]*9=2+0=2。num[3]=rem%10=2，rem=rem/10=0。  <br />\n6）i=4:rem=rem+num[4]*9=0+36=36。num[4]=rem%10=6，rem=rem/10=3。  <br />\n7）rem=3，说明有进位，数组最高位增加1，len=len+1=5，num[5]=rem%10=3，rem=rem/10=0，结束。  <br />\nnum各位结果为：3、6、2、8、8、0。即9！=362880 </font></p>','C语言 基础练习','一级难度','2019-01-01 17:03:02',1,128,0,'N',0,0,0),(1040,'【C语言训练】计算1~N之间所有奇数之和','<p><font size=\"3\" face=\"Times New Roman\">计算1~N之间所有奇数之和</font></p>','<p><font size=\"3\" face=\"Times New Roman\">正整数N</font></p>','<p><font size=\"3\" face=\"Times New Roman\">1~N之间所有奇数之和</font></p>','10','25','0','','基础练习 C语言','二级难度','2019-01-01 17:03:02',1,128,0,'N',0,0,0),(1041,'【C语言训练】计算t=1+1/2+1/3+...+1/n','<p><font size=\"3\" face=\"Times New Roman\">计算t=1+1/2+1/3+...+1/n</font></p>','<p><font size=\"3\" face=\"Times New Roman\">整型变量n </font></p>','<p><font size=\"3\" face=\"Times New Roman\">t(保留六位小数)</font></p>','10','2.928968 ','0','','基础练习 C语言','二级难度','2019-01-01 17:03:02',1,128,0,'N',0,0,0),(1042,'【C语言训练】计算一个整数N的阶乘','<p><font size=\"3\" face=\"Times New Roman\">计算一个整数N的阶乘</font></p>','<p><font size=\"3\" face=\"Times New Roman\">一个整数N, (0〈=N〈=12)</font></p>','<p><font size=\"3\" face=\"Times New Roman\">整数N的阶乘.</font></p>','5','120','0','','基础练习 C语言','二级难度','2019-01-01 17:03:02',1,128,0,'N',0,0,0),(1043,'【C语言训练】计算：t=1-1/(2*2)-1/(3*3)-...-1/(m*m)','<p><font size=\"3\" face=\"Times New Roman\">计算：t=1-1/(2*2)-1/(3*3)-...-1/(m*m)</font></p>','<p><font size=\"3\" face=\"Times New Roman\">整型变量m</font></p>','<p><font size=\"3\" face=\"Times New Roman\">t(保留六位小数)</font></p>','10','0.450232','0','','基础练习 C语言','二级难度','2019-01-01 17:03:02',1,128,0,'N',0,0,0),(1044,'【C语言训练】谁家孩子跑最慢* ','<p><font size=\"3\" face=\"Times New Roman\">张王李三家各有三个小孩。一天，三家的九个孩子在一起比赛短跑，规定不分年龄大小，跑第一得9分，跑第2得8分，依此类推。比赛结果各家的总分相同，且这些孩子没有同时到达终点的，也没有一家的两个或三个孩子获得相连的名次。已知获第一名的是李家的孩子，获得第二的是王家的孩子。问获得最后一名的是谁家的孩子？</font></p>','','<p><font size=\"3\" face=\"Times New Roman\">输出最后一名的那家的姓的一个字母且以大写输出(若为张家,则输出Z)</font></p>','','W','0','<p><font size=\"3\" face=\"Times New Roman\">按题目的条件，共有1+2+3+...+9=45分，每家的孩子的得分应为15分。根据题意可知：获第一名的是李家的孩子，获第二名的是王家的孩子，则可推出：获第三名的一定是张家的孩子。由&ldquo;这些孩子没有同时到达终点的&rdquo;可知：名次不能并列，由&ldquo;没有一家的两个或三个孩子获得相连的名次&rdquo;可知：第四名不能是张家的孩子。</font></p>','基础练习 C语言','二级难度','2019-01-01 17:03:02',1,128,0,'N',0,0,0),(1045,'【C语言训练】邮票组合问题*','<p><font size=\"3\" face=\"Times New Roman\">某人有四张3分的邮票和三张5分的邮票，用这些邮票中的一张或若干张可以得到多少种不同的邮资？</font></p>','','<p><font size=\"3\" face=\"Times New Roman\">可得到多少种 <br />\n</font></p>','','19','0','<p><font size=\"3\" face=\"Times New Roman\">将问题进行数学分析，不同张数和面值的邮票组成的邮资可用下列公式计算：  <br />\nS=3*i+5*j  <br />\n其中i为3分邮柰的张数，j为5分的张数  <br />\n按题目的要求，3分的邮票可以取0、1、2、3、4张，5分的邮票可以取0、1、2、3张。采用穷举方法进行组合，可以求出这些不同面值不同张数的邮标组合后的邮资。  </font></p>','基础练习 C语言','二级难度','2019-01-01 17:03:02',1,128,0,'N',0,0,0),(1046,'【C语言训练】阶乘和数*','<p><font size=\"3\" face=\"Times New Roman\">一个正整数如果等于组成它的各位数字的阶乘之和，该整数称为阶乘和数。 <br />\n例如，145=1!+4!+5!，则145是一个三位阶详细和数。 <br />\n请问:共有多少个阶乘和数？</font></p>','','<p><font size=\"3\" face=\"Times New Roman\">所有的阶乘和数(按字典序，即1打头的在前，2打头的次之,..., 空格分隔)</font></p>','','1 145 2 40585 ','0','<p><font size=\"3\" face=\"Times New Roman\">提示：8*9!=8*362880&lt;10000000</font></p>','基础练习 C语言','二级难度','2019-01-01 17:03:02',1,128,0,'N',0,0,0),(1047,'【C语言训练】阿姆斯特朗数','<p><font size=\"3\" face=\"Times New Roman\">如果一个正整数等于其各个数字的立方和，则称该数为阿姆斯特朗数(亦称为自恋性数)。 <br />\n如 407=4^3+0^3+7^3就是一个阿姆斯特朗数。试编程求大于1小于1000的所有阿姆斯特朗数。</font></p>','','<p><font size=\"3\" face=\"Times New Roman\">从小到大输出,数之间用两个空格分开</font></p>','','153  370  371  407  ','0','<p><font size=\"3\" face=\"Times New Roman\">可采用穷举法，依次取1000以内的各数(设为i)，将i的各位数字分解后，据阿姆斯特朗数的性质进行计算和判断。</font></p>','基础练习 C语言','二级难度','2019-01-01 17:03:02',1,128,0,'N',0,0,0),(1048,'【亲和数】','<p><font size=\"3\" face=\"Times New Roman\">古希腊数学家毕达哥拉斯在自然数研究中发现，220的所有真约数(即不是自身的约数)之和为：  <br />\n<br />\n1+2+4+5+10+11+20+22+44+55+110＝284。  <br />\n<br />\n而284的所有真约数为1、2、4、71、 142，加起来恰好为220。人们对这样的数感到很惊奇，并称之为亲和数。一般地讲，如果两个数中任何一个数都是另一个数的真约数之和，则这两个数就是亲和数。  <br />\n你的任务就编写一个程序，判断给定的两个数是否是亲和数  </font></p>','<p><font size=\"3\" face=\"Times New Roman\">输入数据第一行包含一个数M，接下有M行，每行一个实例,包含两个整数A,B； 其中 0 ＜＝A,B ＜＝600000 ; </font></p>','<p><font size=\"3\" face=\"Times New Roman\">对于每个测试实例，如果A和B是亲和数的话输出YES，否则输出NO。</font></p>','2\n220 284\n100 200','YES\nNO','0','','基础练习 C语言','二级难度','2019-01-01 17:03:02',1,128,0,'N',0,0,0),(1049,'【作业调度方案】','<p><font size=\"3\" face=\"Times New Roman\">我们现在要利用m台机器加工n个工件，每个工件都有m道工序，每道工序都在不同的指定的机器上完成。每个工件的每道工序都有指定的加工时间。  <br />\n每个工件的每个工序称为一个操作，我们用记号j-k表示一个操作，其中j为1到n中的某个数字，为工件号；k为1到m中的某个数字，为工序号，例如2-4表示第2个工件第4道工序的这个操作。在本题中，我们还给定对于各操作的一个安排顺序。  <br />\n例如，当n=3，m=2时，&ldquo;1-1，1-2，2-1，3-1，3-2，2-2&rdquo;就是一个给定的安排顺序，即先安排第1个工件的第1个工序，再安排第1个工件的第2个工序，然后再安排第2个工件的第1个工序，等等。  <br />\n一方面，每个操作的安排都要满足以下的两个约束条件。  <br />\n(1) 对同一个工件，每道工序必须在它前面的工序完成后才能开始；  <br />\n(2) 同一时刻每一台机器至多只能加工一个工件。  <br />\n另一方面，在安排后面的操作时，不能改动前面已安排的操作的工作状态。  <br />\n由于同一工件都是按工序的顺序安排的，因此，只按原顺序给出工件号，仍可得到同样的安排顺序，于是，在输入数据中，我们将这个安排顺序简写为&ldquo;1 1 2 3 3 2&rdquo;。  <br />\n还要注意，&ldquo;安排顺序&rdquo;只要求按照给定的顺序安排每个操作。不一定是各机器上的实际操作顺序。在具体实施时，有可能排在后面的某个操作比前面的某个操作先完成。  <br />\n例如，取n=3,m=2，已知数据如下：  <br />\n<br />\n则对于安排顺序&ldquo;1 1 2 3 3 2&rdquo;，下图中的两个实施方案都是正确的。但所需要的总时间分别是10与12。 <br />\n<br />\n当一个操作插入到某台机器的某个空档时（机器上最后的尚未安排操作的部分也可以看作一个空档），可以靠前插入，也可以靠后或居中插入。为了使问题 简单一些，我们约定：在保证约束条件（1）（2）的条件下，尽量靠前插入。并且，我们还约定，如果有多个空档可以插入，就在保证约束条件（1）（2）的条 件下，插入到最前面的一个空档。于是，在这些约定下，上例中的方案一是正确的，而方案二是不正确的。  <br />\n显然，在这些约定下，对于给定的安排顺序，符合该安排顺序的实施方案是唯一的，请你计算出该方案完成全部任务所需的总时间。 </font></p>','<p><font size=\"3\" face=\"Times New Roman\">第1行为两个正整数，用一个空格隔开：  <br />\nm n  <br />\n（其中m（〈20）表示机器数，n（〈20）表示工件数）  <br />\n第2行： 2n个用空格隔开的数，为给定的安排顺序。  <br />\n接下来的2n行，每行都是用空格隔开的m个正整数，每个数不超过20。  <br />\n其中前n行依次表示每个工件的每个工序所使用的机器号，第1个数为第1个工序的机器号，第2个数为第2个工序机器号，等等。  <br />\n后n行依次表示每个工件的每个工序的加工时间。  <br />\n可以保证，以上各数据都是正确的，不必检验。  </font></p>','<p><font size=\"3\" face=\"Times New Roman\">只有一个正整数，为最少的加工时间。</font></p>','2 3\n1 1 2 3 3 2\n1 2 \n1 2 \n2 1\n3 2 \n2 5 \n2 4\n','10','0','','基础练习 C语言','二级难度','2019-01-01 17:03:02',1,128,0,'N',0,0,0),(1050,'【偶数求和】','<p><font size=\"3\" face=\"Times New Roman\">有一个长度为n(n&lt;=100)的数列，该数列定义为从2开始的递增有序偶数（公差为2的等差数列），现在要求你按照顺序每m个数求出一个平均值，如果最后不足m个，则以实际数量求平均值。编程输出该平均值序列。</font></p>','<p><font size=\"3\" face=\"Times New Roman\">输入数据有多组，每组占一行，包含两个正整数n和m，n和m的含义如上所述。</font></p>','<p><font size=\"3\" face=\"Times New Roman\">对于每组输入数据，输出一个平均值序列，每组输出占一行</font></p>','3 2\n4 2','3 6\n3 7','0','','基础练习 C语言','二级难度','2019-01-01 17:03:02',1,128,0,'N',0,0,0),(1051,'【出圈】','<p><font size=\"3\" face=\"Times New Roman\">设有n个人围坐一圈并按顺时针方向从1到n编号，从第1个人开始进行1到m的报数，报数到第个m人，此人出圈，再从他的下一个人重新开始1到m的报数，如此进行下去直到所剩下一人为止。</font></p>','<p><font size=\"3\" face=\"Times New Roman\">输入多行，每行２个数，分别表示n和m.</font></p>','<p><font size=\"3\" face=\"Times New Roman\">计算每一行中最后剩下这个人的编号．</font></p>','10 3','4','0','','基础练习 C语言','二级难度','2019-01-01 17:03:02',1,128,0,'N',0,0,0),(1052,'【回文数(二)】','<p><font size=\"3\" face=\"Times New Roman\">若一个数（首位不为零）从左向右读与从右向左读都一样，我们就将其称之为回文数。  <br />\n例如：给定一个10进制数56，将56加65（即把56从右向左读），得到121是一个回文数。  <br />\n又如：对于10进制数87：  <br />\nSTEP1：87+78 = 165　　　　　　　　 STEP2：165+561 = 726  <br />\nSTEP3：726+627 = 1353　　　　　　　　STEP4：1353+3531 = 4884  <br />\n在这里的一步是指进行了一次N进制的加法，上例最少用了4步得到回文数4884。  <br />\n写一个程序，给定一个N（2&lt;=N&lt;=16）进制数M，求最少经过几步可以得到回文数。如果在30步以内（包含30步）不可能得到回文数，则输出&ldquo;Impossible!&rdquo;  </font></p>','<p><font size=\"3\" face=\"Times New Roman\">共两行  <br />\n第一行为进制数N（2&lt;=N&lt;=16）  <br />\n第二行为N进制数M（0&lt;=M&lt;=maxlongint）  </font></p>','<p><font size=\"3\" face=\"Times New Roman\">共一行，为&ldquo;STEP=经过的步数&rdquo;或&ldquo;Impossible!&rdquo;</font></p>','9\n87','STEP=6','0','','基础练习 C语言','二级难度','2019-01-01 17:03:02',1,128,0,'N',0,0,0),(1053,'【密码】','<p><font size=\"3\" face=\"Times New Roman\">网上流传一句话:&quot;常在网上飘啊，哪能不挨刀啊～&quot;。其实要想能安安心心地上网其实也不难，学点安全知识就可以。  <br />\n首先，我们就要设置一个安全的密码。那什么样的密码才叫安全的呢？一般来说一个比较安全的密码至少应该满足下面两个条件：  <br />\n(1).密码长度大于等于8，且不要超过16。  <br />\n(2).密码中的字符应该来自下面&ldquo;字符类别&rdquo;中四组中的至少三组。  <br />\n这四个字符类别分别为：  <br />\n1.大写字母：A,B,C...Z;  <br />\n2.小写字母：a,b,c...z;  <br />\n3.数字：0,1,2...9;  <br />\n4.特殊符号：~,!,@,#,$,%,^;  <br />\n给你一个密码，你的任务就是判断它是不是一个安全的密码。 </font></p>','<p><font size=\"3\" face=\"Times New Roman\">输入数据第一行包含一个数M，接下有M行，每行一个密码（长度最大可能为50），密码仅包括上面的四类字符。</font></p>','<p><font size=\"3\" face=\"Times New Roman\">对于每个测试实例，判断这个密码是不是一个安全的密码，是的话输出YES，否则输出NO。</font></p>','3\na1b2c3d4\nLinle@ACM\n^~^@^@!%','NO\nYES\nNO','0','','基础练习 C语言','二级难度','2019-01-01 17:03:02',1,128,0,'N',0,0,0),(1054,'【排队买票】','<p><font size=\"3\" face=\"Times New Roman\">有M个小孩到公园玩，门票是1元。其中N个小孩带的钱为1元，K个小孩带的钱为2元。售票员没有零钱，问这些小孩共有多少种排队方法，使得售票员总能找得开零钱。注意：两个拿一元零钱的小孩，他们的位置互换，也算是一种新的排法。（M&lt;=10） </font></p>','<p><font size=\"3\" face=\"Times New Roman\">输入一行，M,N,K(其中M=N+K,M&lt;=10).</font></p>','<p><font size=\"3\" face=\"Times New Roman\">输出一行，总的排队方案。</font></p>','4 2 2','8','0','','基础练习 C语言','二级难度','2019-01-01 17:03:02',1,128,0,'N',0,0,0),(1055,'【数组的距离】','<p><font size=\"3\" face=\"Times New Roman\">已知元素从小到大排列的两个数组x[]和y[]，请写出一个程序算出两个数组彼此之间差的绝对值中最小的一个，这叫做数组的距离</font></p>','<p><font size=\"3\" face=\"Times New Roman\">第一行为两个整数m, n(1&le;m, n&le;1000)，分别代表数组f[], g[]的长度。 <br />\n第二行有m个元素，为数组f[]。 <br />\n第三行有n个元素，为数组g[]。</font></p>','<p><font size=\"3\" face=\"Times New Roman\">数组的最短距离</font></p>','5 5\n1 2 3 4 5\n6 7 8 9 10\n','1','0','','基础练习 C语言','二级难度','2019-01-01 17:03:02',1,128,0,'N',0,0,0),(1056,'【明明的随机数】','<p><font size=\"3\" face=\"Times New Roman\">明明想在学校中请一些同学一起做一项问卷调查，为了实验的客观性，他先用 计算机生成了N个1到1000之间的随机整数（N&le;100），对于其中重复的数字，只保留一个，把其余相同的数去掉，不同的数对应着不同的学生的学号。然 后再把这些数从小到大排序，按照排好的顺序去找同学做调查。请你协助明明完成&ldquo;去重&rdquo;与&ldquo;排序&rdquo;的工作。</font></p>','<p><font size=\"3\" face=\"Times New Roman\">有2行，第1行为1个正整数，表示所生成的随机数的个数：  <br />\nN  <br />\n第2行有N个用空格隔开的正整数，为所产生的随机数。  </font></p>','<p><font size=\"3\" face=\"Times New Roman\">也是2行，第1行为1个正整数M，表示不相同的随机数的个数。第2行为M个用空格隔开的正整数，为从小到大排好序的不相同的随机数。</font></p>','10\n20 40 32 67 40 20 89 300 400 15','8\n15 20 32 40 67 89 300 400','0','','基础练习 C语言','二级难度','2019-01-01 17:03:02',1,128,0,'N',0,0,0),(1057,'【求[X,Y]内被除3余1并且被除5余3的整数的和】','<p><font face=\"Times New Roman\" size=\"3\">输入两个正整数X,Y,求出[X,Y]内被除3余1并且被除5余3的整数的和</font></p>','<p><font face=\"Times New Roman\" size=\"3\">输入两个正整数X,Y</font></p>','<p><font face=\"Times New Roman\" size=\"3\">求所有满足条件的数的和</font></p>','200 800\n','20020\n','0','','基础练习 C语言','二级难度','2019-01-01 17:03:02',1,128,0,'N',0,0,0),(1058,'【矩阵】','<p><span style=\"color: rgb(0, 0, 0); font-family: \'Times New Roman\'; font-style: normal; font-variant: normal; font-weight: normal; letter-spacing: normal; line-height: normal; orphans: 2; text-align: -webkit-auto; text-indent: 0px; text-transform: none; white-space: normal; widows: 2; word-spacing: 0px; -webkit-text-decorations-in-effect: none; -webkit-text-size-adjust: auto; -webkit-text-stroke-width: 0px; font-size: medium; \" class=\"Apple-style-span\">给一个n*n的矩阵A，它的每一个元素Ai,j都是整数( 0 &lt;= i &lt; n, 0 &lt;= j &lt; n )。在每一行i( 0 &lt;= i &lt; n )给一个右移操作，使第i行的整数整体向右移动一个位置，最右边的整数将会移动到最左端的那一列。<span class=\"Apple-converted-space\">&nbsp;</span><br />\n你可以在任意行做右移操作，这样你会得到一个新的矩阵，对于新的矩阵你当然也可以做右移操作。你的任务就是求列最小值ColMin,它是每个矩阵的列最大值，但同时又是所有矩阵中的列最小值。<span class=\"Apple-converted-space\">&nbsp;</span><br />\nmax(0 &lt;= j &lt; n){Cj|Cj=&Sigma;0&lt;=i &lt; nAi,j}<span class=\"Apple-converted-space\"> </span><br />\n</span></p>','<p><span style=\"color: rgb(0, 0, 0); font-family: \'Times New Roman\'; font-style: normal; font-variant: normal; font-weight: normal; letter-spacing: normal; line-height: normal; orphans: 2; text-align: -webkit-auto; text-indent: 0px; text-transform: none; white-space: normal; widows: 2; word-spacing: 0px; -webkit-text-decorations-in-effect: none; -webkit-text-size-adjust: auto; -webkit-text-stroke-width: 0px; font-size: medium; \" class=\"Apple-style-span\">可能包含多次输入。第一行是一个整数n，接下来n行每行包含n个整数，这些数据就是n*n的矩阵A的元素。如果输入仅含有-1的一行，就表示输入终止。其中1 &lt;= n &lt;= 7 而且 |Ai,j| &lt; 104 。</span></p>','<p><span style=\"color: rgb(0, 0, 0); font-family: \'Times New Roman\'; font-style: normal; font-variant: normal; font-weight: normal; letter-spacing: normal; line-height: normal; orphans: 2; text-align: -webkit-auto; text-indent: 0px; text-transform: none; white-space: normal; widows: 2; word-spacing: 0px; -webkit-text-decorations-in-effect: none; -webkit-text-size-adjust: auto; -webkit-text-stroke-width: 0px; font-size: medium; \" class=\"Apple-style-span\">对于每组测试，打印一行包含一个数值，它在一个矩阵中是列最大值，但是在所有的变换矩阵中又是列最小值。</span></p>','2 \n4 6 \n3 7 \n3 \n1 2 3 \n4 5 6 \n7 8 9 \n-1\n','11 \n15','0','<p><span style=\"color: rgb(0, 0, 0); font-family: \'Times New Roman\'; font-style: normal; font-variant: normal; font-weight: normal; letter-spacing: normal; line-height: normal; orphans: 2; text-align: -webkit-auto; text-indent: 0px; text-transform: none; white-space: normal; widows: 2; word-spacing: 0px; -webkit-text-decorations-in-effect: none; -webkit-text-size-adjust: auto; -webkit-text-stroke-width: 0px; font-size: medium; \" class=\"Apple-style-span\">例如：<span class=\"Apple-converted-space\">&nbsp;</span><br />\n2<span class=\"Apple-converted-space\">&nbsp;</span><br />\n4 6<span class=\"Apple-converted-space\">&nbsp;</span><br />\n3 7<span class=\"Apple-converted-space\">&nbsp;</span><br />\n列最大值是：13<span class=\"Apple-converted-space\">&nbsp;</span><br />\n右移操作：<span class=\"Apple-converted-space\">&nbsp;</span><br />\n6 4<span class=\"Apple-converted-space\">&nbsp;</span><br />\n3 7<span class=\"Apple-converted-space\">&nbsp;</span><br />\n列最大值是：11<span class=\"Apple-converted-space\">&nbsp;</span><br />\n右移操作：<span class=\"Apple-converted-space\">&nbsp;</span><br />\n4 6<span class=\"Apple-converted-space\">&nbsp;</span><br />\n7 3<span class=\"Apple-converted-space\">&nbsp;</span><br />\n列最大值是：11<span class=\"Apple-converted-space\">&nbsp;</span><br />\n右移操作：<span class=\"Apple-converted-space\">&nbsp;</span><br />\n6 4<span class=\"Apple-converted-space\">&nbsp;</span><br />\n7 3<span class=\"Apple-converted-space\">&nbsp;</span><br />\n列最大值是13<span class=\"Apple-converted-space\">&nbsp;</span><br />\n显然在所有的变换矩阵中列最大值是小是11<span class=\"Apple-converted-space\"> </span><br />\n</span></p>','基础练习 C语言','二级难度','2019-01-01 17:03:02',1,128,0,'N',0,0,0),(1059,'【简单计算】','<p><font face=\"Times New Roman\">有一个n+2个元素a[0], a[1], ..., a[n+1] (n &lt;= 3000, -1000 &lt;= a[i] &lt;=1000)构成的数列. <br />\n已知对i=1, 2, ..., n有a[i] = (a[i-1] + a[i+1])/2 - c[i]. <br />\n<br />\n给定a0, a[n+1], c[1], ... , c[n]. 写一个程序计算a[1]. </font><br />\n</p>','<p><font face=\"Times New Roman\" size=\"3\">第一行是整数n. 接下来两行是a[0]和a[n+1], 其小数点后有两位数字. 其后的n行为c[i](同样是两位小数), 每行一个数.</font></p>','<p><font face=\"Times New Roman\" size=\"3\">输出为a[1], 格式与a[0], a[n+1]相同.</font></p>','1\n50.50\n25.50\n10.15\n','27.85\n','0','','基础练习 C语言','二级难度','2019-01-01 17:03:02',1,128,0,'N',0,0,0),(1060,'【绝对值排序】','<p><font size=\"3\" face=\"Times New Roman\">输入n(n&lt;=100)个整数，按照绝对值从大到小排序后输出。题目保证对于每一个测试实例，所有的数的绝对值都不相等。</font></p>','<p><font size=\"3\" face=\"Times New Roman\">输入数据有多组，每组占一行，每行的第一个数字为n,接着是n个整数，n=0表示输入数据的结束，不做处理。</font></p>','<p><font size=\"3\" face=\"Times New Roman\">对于每个测试实例，输出排序后的结果，两个数之间用一个空格隔开。每个测试实例占一行</font></p>','3 3 -4 2\n4 0 1 2 -3\n0','-4 3 2\n-3 2 1 0','0','','基础练习 C语言','二级难度','2019-01-01 17:03:02',1,128,0,'N',0,0,0),(1061,'【能量项链】','<p><font face=\"Times New Roman\">在Mars星球上，每个Mars人都随身佩带着一串能量项链。在项链上有N颗能量珠。能量珠是一颗有头标记与尾标记的珠子，这些标记对应着某个正整数。并且，对于相邻的两颗珠子，前一颗珠子的尾标记一定等于后一颗珠子的头标记。因为只有这样，通过吸盘（吸盘是Mars人吸收能量的一种器官）的作用，这两颗珠子才能聚合成一颗珠子，同时释放出可以被吸盘吸收的能量。如果前一颗能量珠的头标记为m，尾标记为r，后一颗能量珠的头标记为r，尾标记为n，则聚合后释放的能量为m*r*n（Mars单位），新产生的珠子的头标记为m，尾标记为n。 <br />\n需要时，Mars人就用吸盘夹住相邻的两颗珠子，通过聚合得到能量，直到项链上只剩下一颗珠子为止。显然，不同的聚合顺序得到的总能量是不同的，请你设计一个聚合顺序，使一串项链释放出的总能量最大。 <br />\n例如：设N=4，4颗珠子的头标记与尾标记依次为(2，3) (3，5) (5，10) (10，2)。我们用记号◎表示两颗珠子的聚合操作，(j◎k)表示第j，k两颗珠子聚合后所释放的能量。则第4、1两颗珠子聚合后释放的能量为： <br />\n(4◎1)=10*2*3=60。 <br />\n这一串项链可以得到最优值的一个聚合顺序所释放的总能量为 <br />\n((4◎1)◎2)◎3）=10*2*3+10*3*5+10*5*10=710。</font></p>','<p><font face=\"Times New Roman\">第一行是一个正整数N（4&le;N&le;100），表示项链上珠子的个数。第二行是N个用空格隔开的正整数，所有的数均不超过1000。第i个数为第i颗珠子的头标记（1&le;i&le;N），当i〈N时，第i颗珠子的尾标记应该等于第i+1颗珠子的头标记。第N颗珠子的尾标记应该等于第1颗珠子的头标记。 <br />\n至于珠子的顺序，你可以这样确定：将项链放到桌面上，不要出现交叉，随意指定第一颗珠子，然后按顺时针方向确定其他珠子的顺序。</font></p>','<p><font face=\"Times New Roman\" size=\"3\">只有一行，是一个正整数E（E&le;2.1*10^9），为一个最优聚合顺序所释放的总能量。</font></p>','4\n2  3  5  10\n\n','710\n','0','','基础练习 C语言','二级难度','2019-01-01 17:03:02',1,128,0,'N',0,0,0),(1062,'【蟠桃记】','<p><font size=\"3\" face=\"Times New Roman\">喜欢西游记的同学肯定都知道悟空偷吃蟠桃的故事，你们一定都觉得这猴子太闹腾了，其实你们是有所不知：悟空是在研究一个数学问题！  <br />\n什么问题？他研究的问题是蟠桃一共有多少个！  <br />\n不过，到最后，他还是没能解决这个难题，呵呵^-^  <br />\n当时的情况是这样的：  <br />\n第一天悟空吃掉桃子总数一半多一个，第二天又将剩下的桃子吃掉一半多一个，以后每天吃掉前一天剩下的一半多一个，到第n天准备吃的时候只剩下一个桃子。聪明的你，请帮悟空算一下，他第一天开始吃的时候桃子一共有多少个呢？  </font></p>','<p><font size=\"3\" face=\"Times New Roman\">输入数据有多组，每组占一行，包含一个正整数n（1＜n＜30），表示只剩下一个桃子的时候是在第n天发生的</font></p>','<p><font size=\"3\" face=\"Times New Roman\"> 对于每组输入数据，输出第一天开始吃的时候桃子的总数，每个测试实例占一行。</font></p>\n<p align=\"left\"><b><font size=\"5\" color=\"#333399\"><br />\n</font> </b></p>','2\n4','4\n22','0','','基础练习 C语言','二级难度','2019-01-01 17:03:02',1,128,0,'N',0,0,0),(1063,'【计算两点间的距离】','<p><font size=\"3\" face=\"Times New Roman\">输入两点坐标（X1,Y1）,（X2,Y2）,计算并输出两点间的距离。</font></p>','<p><font size=\"3\" face=\"Times New Roman\">输入数据有多组，每组占一行，由4个实数组成，分别表示x1,y1,x2,y2,数据之间用空格隔开。</font></p>','<p><font size=\"3\" face=\"Times New Roman\">对于每组输入数据，输出一行，结果保留两位小数。</font></p>','0 0 0 1\n0 1 1 0','1.00\n1.41','0','','基础练习 C语言','二级难度','2019-01-01 17:03:02',1,128,0,'N',0,0,0),(1064,'【计算球体积】','<p><font size=\"3\" face=\"Times New Roman\">根据输入的半径值，计算球的体积。</font></p>','<p><font size=\"3\" face=\"Times New Roman\">输入数据有多组，每组占一行，每行包括一个实数，表示球的半径。 </font></p>','<p><font size=\"3\" face=\"Times New Roman\">输出对应的球的体积，对于每组输入数据，输出一行，计算结果保留三位小数。</font></p>','1\n1.5','4.189\n14.137','0','','基础练习 C语言','二级难度','2019-01-01 17:03:02',1,128,0,'N',0,0,0),(1065,'【计算直线的交点数】','<p><font size=\"3\" face=\"Times New Roman\">平面上有n条直线，且无三线共点，问这些直线能有多少种不同交点数。  <br />\n比如,如果n=2,则可能的交点数量为0(平行)或者1(不平行)。  </font></p>','<p><font size=\"3\" face=\"Times New Roman\">输入数据包含多个测试实例,每个测试实例占一行,每行包含一个正整数n（n&lt;=20）,n表示直线的数量.</font></p>','<p align=\"left\"><b><font size=\"5\" color=\"#333399\">Output</font> </b></p>\n<p><font size=\"3\" face=\"Times New Roman\"> 每个测试实例对应一行输出，从小到大列出所有相交方案，其中每个数为可能的交点数,每行的整数之间用一个空格隔开。 </font></p>','2\n3','0 1\n0 2 3','0','','C语言 C++ 算法','二级难度','2019-01-01 17:03:02',1,128,0,'N',0,0,0),(1066,'【金明的预算方案】','<p><font size=\"3\" face=\"Times New Roman\">金明今天很开心，家里购置的新房就要领钥匙了，新房里有一间金明自己专用 的很宽敞的房间。更让他高兴的是，妈妈昨天对他说：&ldquo;你的房间需要购买哪些物品，怎么布置，你说了算，只要不超过N元钱就行&rdquo;。今天一早，金明就开始做预 算了，他把想买的物品分为两类：主件与附件，附件是从属于某个主件的，下表就是一些主件与附件的例子： <br />\n<br />\n主件 	附件  <br />\n电脑 	打印机，扫描仪  <br />\n书柜 	图书  <br />\n书桌 	台灯，文具  <br />\n工作椅 	无  <br />\n<br />\n如果要买归类为附件的物品，必须先买该附件所属的主件。每个主件可以有0个、1个或2个附件。附件不再有从属于自己的附件。金明想买的东西很 多，肯定会超过妈妈限定的N元。于是，他把每件物品规定了一个重要度，分为5等：用整数1~5表示，第5等最重要。他还从因特网上查到了每件物品的价格 （都是10元的整数倍）。他希望在不超过N元（可以等于N元）的前提下，使每件物品的价格与重要度的乘积的总和最大。  <br />\n设第j件物品的价格为v[j]，重要度为w[j]，共选中了k件物品，编号依次为j1，j2，&hellip;&hellip;，jk，则所求的总和为：  <br />\nv[j1]*w[j1]+v[j2]*w[j2]+ &hellip;+v[jk]*w[jk]。（其中*为乘号）  <br />\n请你帮助金明设计一个满足要求的购物单。  </font></p>','<p><font size=\"3\" face=\"Times New Roman\">第1行，为两个正整数，用一个空格隔开：  <br />\nN m  <br />\n（其中N（&lt;32000）表示总钱数，m（&lt;60）为希望购买物品的个数。）  <br />\n从第2行到第m+1行，第j行给出了编号为j-1的物品的基本数据，每行有3个非负整数  <br />\nv p q  <br />\n（其中v表示该物品的价格（v&lt;10000），p表示该物品的重要度（1~5），q表示该物品是主件还是附件。如果q=0，表示该物品为主件，如果q&gt;0，表示该物品为附件，q是所属主件的编号）  </font></p>','<p><font size=\"3\" face=\"Times New Roman\">只有一个正整数，为不超过总钱数的物品的价格与重要度乘积的总和的最大值（&lt;200000）。</font></p>','1000 5\n800 2 0\n400 5 1\n300 5 1\n400 3 0\n500 2 0\n','2200','0','','C语言 C++ 算法','二级难度','2019-01-01 17:03:02',1,128,0,'N',0,0,0),(1067,'【魔板】','<p><font size=\"3\" face=\"Times New Roman\">在魔方风靡全球之后不久，Rubik先生发明了它的简化版――魔板。魔板 由8个同样大小的方块组成，每个方块颜色均不相同，可用数字1-8分别表示。任一时刻魔板的状态可用方块的颜色序列表示：从魔板的左上角开始，按顺时针方 向依次写下各方块的颜色代号，所得到的数字序列即可表示此时魔板的状态。例如，序列(1,2,3,4,5,6,7,8)表示魔板状态为：  <br />\n1 2 3 4  <br />\n8 7 6 5  <br />\n对于魔板，可施加三种不同的操作，具体操作方法如下：  <br />\nA: 上下两行互换,如上图可变换为状态87654321  <br />\nB: 每行同时循环右移一格,如上图可变换为41236785  <br />\nC: 中间4个方块顺时针旋转一格,如上图可变换为17245368  <br />\n给你魔板的初始状态与目标状态，请给出由初态到目态变换数最少的变换步骤，若有多种变换方案则取字典序最小的那种。 </font></p>','<p><font size=\"3\" face=\"Times New Roman\">每组测试数据包括两行，分别代表魔板的初态与目态。</font></p>','<p><font size=\"3\" face=\"Times New Roman\">对每组测试数据输出满足题意的变换步骤。</font></p>','12345678\n17245368\n12345678\n82754631','C\nAC','0','','C语言 C++ 算法','二级难度','2019-01-01 17:03:02',1,128,0,'N',0,0,0),(1068,'三角形','<p><span style=\"color: rgb(0, 0, 0); font-family: \'Times New Roman\'; font-style: normal; font-variant: normal; font-weight: normal; letter-spacing: normal; line-height: normal; orphans: 2; text-align: -webkit-auto; text-indent: 0px; text-transform: none; white-space: normal; widows: 2; word-spacing: 0px; -webkit-text-decorations-in-effect: none; -webkit-text-size-adjust: auto; -webkit-text-stroke-width: 0px; font-size: medium; \" class=\"Apple-style-span\">7<span class=\"Apple-converted-space\">&nbsp;</span><br />\n3 8<span class=\"Apple-converted-space\">&nbsp;</span><br />\n<br />\n8 1 0<span class=\"Apple-converted-space\">&nbsp;</span><br />\n<br />\n2 7 4 4<span class=\"Apple-converted-space\">&nbsp;</span><br />\n<br />\n4 5 2 6 5<span class=\"Apple-converted-space\">&nbsp;</span><br />\n<br />\n(图一)<span class=\"Apple-converted-space\">&nbsp;</span><br />\n<br />\n图一表示一个5行的数字三角形。假设给定一个n行数字三角形,计算出从三角形顶至底的一条路径，使该路径经过的数字总和最大。<span class=\"Apple-converted-space\">&nbsp;</span><br />\n每一步只能由当前位置向左下或右下。<span class=\"Apple-converted-space\"> </span><br />\n</span></p>','<p><span style=\"color: rgb(0, 0, 0); font-family: \'Times New Roman\'; font-style: normal; font-variant: normal; font-weight: normal; letter-spacing: normal; line-height: normal; orphans: 2; text-align: -webkit-auto; text-indent: 0px; text-transform: none; white-space: normal; widows: 2; word-spacing: 0px; -webkit-text-decorations-in-effect: none; -webkit-text-size-adjust: auto; -webkit-text-stroke-width: 0px; font-size: medium; \" class=\"Apple-style-span\">你的程序要能接受标准输入。第一行包含一个整数T，表示总的测试次数。<span class=\"Apple-converted-space\">&nbsp;</span><br />\n对于每一种情况：第一行包含一个整数N,其中1 &lt; N &lt; 100,表示三角形的行数。<span class=\"Apple-converted-space\">&nbsp;</span><br />\n接下来的N行输入表示三角形的每一行的元素Ai,j，其中0 &lt; Ai,j &lt; 100。</span></p>','<p><span style=\"color: rgb(0, 0, 0); font-family: \'Times New Roman\'; font-style: normal; font-variant: normal; font-weight: normal; letter-spacing: normal; line-height: normal; orphans: 2; text-align: -webkit-auto; text-indent: 0px; text-transform: none; white-space: normal; widows: 2; word-spacing: 0px; -webkit-text-decorations-in-effect: none; -webkit-text-size-adjust: auto; -webkit-text-stroke-width: 0px; font-size: medium; \" class=\"Apple-style-span\">输出每次测试的最大值并且占一行。</span></p>','1 \n5 \n7 \n3 8 \n8 1 0  \n2 7 4 4 \n4 5 2 6 5','30','0','','C语言 C++ 算法','二级难度','2019-01-01 17:03:02',1,128,0,'N',0,0,0),(1069,'三进制小数','<p><font face=\"Times New Roman\">你的任务呢，是将一个有理数转换成三进制小数。&ldquo;什么是三进制小数呢？&rdquo;你一定会问，这很明白，就是以三为基（二进制数以2为基，而十进制数则以10为基）的小数。 </font><br />\n</p>','<p><font size=\"3\" face=\"Times New Roman\">有理数的值都是在0与1之间的，每个有理数都由一个分子和一个分母表示，分子与分母之间隔着一个斜杠。有理数的个数不会超过1000个。</font></p>','<p><font size=\"3\" face=\"Times New Roman\">输出格式见样本输出，它是以小数点开头的具有10位精度的3进制数。 <br />\n<br />\n</font></p>','1/3\n1/4\n1/6\n7/8','.1000000000\n.0202020202\n.0111111111\n.2121212122\n','0','','C语言 C++ 算法','二级难度','2019-01-01 17:03:02',1,128,0,'N',0,0,0),(1070,'上车人数','<p><font size=\"3\" face=\"Times New Roman\">公共汽车从始发站(称为第1站)开出,在始发站上车的人数为a,然后到达 第2站,在第2站有人上、下车,但上、下车的人数相同，因此在第2站开出时（即在到达第3站之前）车上的人数保持为a人。从第3站起（包括第3站）上、下 车的人数有一定的规律：上车的人数都是前两站上车人数之和，而下车人数等于上一站上车人数，一直到终点站的前一站（第n-1站），都满足此规律。现给出的 条件是：共有n个车站，始发站上车的人数为a,最后一站下车的人数是m（全部下车）。试问从x站开出时车上的人数是多少？</font></p>','<p><font size=\"3\" face=\"Times New Roman\">只有一行，四个整数a,n,m和x </font></p>','<p><font size=\"3\" face=\"Times New Roman\">x站开出时车上的人数</font></p>','5 7 32 4','13','0','','C语言 C++ 算法','二级难度','2019-01-01 17:03:02',1,128,0,'N',0,0,0),(1071,'不容易系列','<p><font face=\"Times New Roman\">你活的不容易，我活的不容易，他活的也不容易。不过，如果你看了下面的故事，就会知道，有位老汉比你还不容易。 <br />\n重庆市郊黄泥板村的徐老汉（大号徐东海，简称XDH）这两年辛辛苦苦养了不少羊，到了今年夏天，由于众所周知的高温干旱，实在没办法解决牲畜的饮水问题，就决定把这些羊都赶到集市去卖。从黄泥板村到交易地点要经过N个收费站，按说这收费站和徐老汉没什么关系，但是事实却令徐老汉欲哭无泪： <br />\n（镜头回放） <br />\n近景：老汉，一群羊 <br />\n远景：公路，收费站 <br />\n...... <br />\n收费员（彬彬有礼+职业微笑）：&ldquo;老同志，请交过路费！&rdquo; <br />\n徐老汉（愕然，反应迟钝状）：&ldquo;锅，锅，锅，锅-炉-费？我家不烧锅炉呀？&rdquo; <br />\n收费员（职业微笑依然）：&ldquo;老同志，我说的是过-路-费，就是你的羊要过这个路口必须交费，understand?&rdquo; <br />\n徐老汉（近镜头10秒，嘴巴张开）：&ldquo;我-我-我知道汽车过路要收费，这羊也要收费呀？&rdquo; <br />\n收费员（居高临下+不解状）：&ldquo;老同志，你怎么就不明白呢，那么我问你，汽车几个轮子？&rdquo; <br />\n徐老汉（稍放松）：&ldquo;这个我知道，今天在家里我孙子还问我这个问题，4个！&rdquo; <br />\n收费员（生气，站起）：&ldquo;嘿！老头，你还骂人不带脏字，既然知道汽车四个轮子，难道就不知道这羊有几条腿吗？！&rdquo; <br />\n徐老汉（尴尬，依然不解状）：&ldquo;也，也，也是4个呀，这有关系吗？&rdquo; <br />\n收费员（生气，站起）：&ldquo;怎么没关系！我们头说了，只要是4条腿的都要收费！&rdquo; <br />\n...... <br />\n(画外音) <br />\n由于徐老汉没钱，收费员就将他的羊拿走一半，看到老汉泪水涟涟，犹豫了一下，又还给老汉一只。巧合的是，后面每过一个收费站，都是拿走当时羊的一半，然后退还一只，等到老汉到达市场，就只剩下3只羊了。 <br />\n你,当代有良知的青年，能帮忙算一下老汉最初有多少只羊吗？ </font><br />\n</p>','<p><font face=\"Times New Roman\">输入数据第一行是一个整数N，下面由N行组成， <br />\n每行包含一个整数a(0＜a＜=30),表示收费站的数量。</font></p>','<p><font size=\"3\" face=\"Times New Roman\">对于每个测试实例，请输出最初的羊的数量,每个测试实例的输出占一行。</font></p>','2\n1\n2\n\n','4\n6\n\n','0','','C语言 C++ 算法','二级难度','2019-01-01 17:03:02',1,128,0,'N',0,0,0),(1072,'不容易系列2','<p><font size=\"3\" face=\"Times New Roman\">大家常常感慨，要做好一件事情真的不容易，确实，失败比成功容易多了！ <br />\n做好&ldquo;一件&rdquo;事情尚且不易，若想永远成功而总从不失败，那更是难上加难了，就像花钱总是比挣钱容易的道理一样。 <br />\n话虽这样说，我还是要告诉大家，要想失败到一定程度也是不容易的。比如，我高中的时候，就有一个神奇的女生，在英语考试的时候，竟然把40个单项选择题全部做错了！大家都学过概率论，应该知道出现这种情况的概率，所以至今我都觉得这是一件神奇的事情。如果套用一句经典的评语，我们可以这样总结：一个人做错一道选择题并不难，难的是全部做错，一个不对。 <br />\n不幸的是，这种小概率事件又发生了，而且就在我们身边： <br />\n事情是这样的――HDU有个网名叫做8006的男性同学，结交网友无数，最近该同学玩起了浪漫，同时给n个网友每人写了一封信，这都没什么，要命的是，他竟然把所有的信都装错了信封！注意了，是全部装错哟！ <br />\n现在的问题是：请大家帮可怜的8006同学计算一下，一共有多少种可能的错误方式呢？ <br />\n</font></p>','<p><font size=\"3\" face=\"Times New Roman\">输入数据包含多个多个测试实例，每个测试实例占用一行，每行包含一个正整数n（２＜n＜=20），n表示8006的网友的人数。</font></p>','<p><font size=\"3\" face=\"Times New Roman\">对于每行输入请输出可能的错误方式的数量，每个实例的输出占用一行。</font></p>','2\n3\n\n','1\n2\n\n','0','<p><font face=\"Times New Roman\">装错信封问题 <br />\n这个问题是由 18 世纪初的法国数学家蒙摩提出来的。 <br />\n<br />\n某人给五个朋友写信，邀请他们来家中聚会。请柬和信封交由助手去处理。粗心的助手却把请柬全装错了信封。请问：助手会有多少种装错的可能呢？ <br />\n<br />\n<br />\n-------------------------------------------------------------------------------- <br />\n<br />\n<br />\n瑞士数学家欧拉按一般情况给出了一个递推公式： <br />\n<br />\n用Ａ、Ｂ、Ｃ&hellip;&hellip;表示写着ｎ位友人名字的信封，ａ、ｂ、ｃ&hellip;&hellip;表示ｎ份相应的写好的信纸。把错装的总数为记作 f(n) 。假设把ａ错装进Ｂ里了，包含着这个错误的一切错装法分两类： <br />\n<br />\n（１）ｂ装入Ａ里，这时每种错装的其余部分都与Ａ、Ｂ、ａ、ｂ无关，应有 f(n-2) 种错装法。　　　　 <br />\n<br />\n（２）ｂ装入Ａ、Ｂ之外的一个信封，这时的装信工作实际是把（除ａ之外的）　　份信纸ｂ、ｃ&hellip;&hellip;装入（除Ｂ以外的）ｎ－１个信封Ａ、Ｃ&hellip;&hellip;，显然这时装错的方法有 f(n-1) 种。 <br />\n<br />\n总之在ａ装入Ｂ的错误之下，共有错装法 f(n-2)+f(n-1) 种。ａ装入Ｃ，装入Ｄ&hellip;&hellip;的ｎ－２种错误之下，同样都有 f(n-2)+f(n-1) 种错装法，因此 : <br />\n<br />\nf(n)=(n-1) {f(n-1)+f(n-2)} <br />\n<br />\n这是递推公式，令ｎ＝１、２、３、４、５逐个推算就能解答蒙摩的问题。 <br />\n<br />\nf(1)= 0， f (2)= 1， f (3)= 2， f (4)= 9， f (5)=44。 </font><br />\n<br />\n</p>','C语言 C++ 算法','二级难度','2019-01-01 17:03:02',1,128,0,'N',0,0,0),(1073,'人民币问题','<p><font face=\"Times New Roman\" size=\"3\">给出任意的人民币(&gt;10元)的整币兑换成5元、2元和1元币值（要求三种币值均有）的方法有多少种。</font></p>','<p><font face=\"Times New Roman\" size=\"3\">输入任意的人民币(&gt;10元)的整币100,50,20,10</font></p>','<p><font face=\"Times New Roman\" size=\"3\">计算出兑换成5元、2元和1元币值（要求三种币值均有）的方法有多少种</font></p>','50\n','106\n','0','','C语言 C++ 算法','二级难度','2019-01-01 17:03:02',1,128,0,'N',0,0,0),(1074,'人见人爱A+B','<p><font size=\"3\" face=\"Times New Roman\">&nbsp;&nbsp;&nbsp;&nbsp;&nbsp;&nbsp; 北大的acm上面已经有10来道A+B的题目了，相信这些题目曾经是大家的最爱，希望今天的这个A+B能给大家带来好运，也希望这个题目能唤起大家对ACM曾经的热爱。 <br />\n&nbsp;&nbsp;&nbsp;&nbsp;&nbsp; 这个题目的A和B不是简单的整数，而是两个时间，A和B 都是由3个整数组成，分别表示时分秒，比如，假设A为34 45 56，就表示A所表示的时间是34小时 45分钟 56秒。 <br />\n</font></p>','<p><font size=\"3\" face=\"Times New Roman\">输入数据有多行组成，首先是一个整数N，表示测试实例的个数，然后是N行数据，每行有6个整数AH,AM,AS,BH,BM,BS，分别表示时间A和B所对应的时分秒。题目保证所有的数据合法。 </font></p>','<p>对于每个测试实例，输出A+B，每个输出结果也是由时分秒3部分组成，同时也要满足时间的规则（即：分和秒的取值范围在0~59），每个输出占一行，并且所有的部分都可以用32位整数表示。</p>','1\n1 2 3 4 5 6\n','5 7 9\n','0','','C语言 C++ 算法','二级难度','2019-01-01 17:03:02',1,128,0,'N',0,0,0),(1075,'众数问题','<p><font face=\"Times New Roman\">问题描述： <br />\n给定含有n个元素的多重集合S，每个元素在S中出现的次数称为该元素的重数。多重集S中重数最大的元素称为众数。 <br />\n例如，S={1，2，2，2，3，5}。多重集S的众数是2，其重数为3。 <br />\n编程任务： <br />\n对于给定的由n 个自然数组成的多重集S，编程计算S 的众数及其重数。 </font></p>','<p><font face=\"Times New Roman\">第1行多重集S中元素个数n(n&lt;=50000)；接下来的n 行中，每行有一个自然数。</font></p>','<p><font face=\"Times New Roman\">输出文件有2 行，第1 行给出众数，第2 行是重数。(如果有多个众数，只输出最小的)</font></p>','6\n1\n2\n2\n2\n3\n5\n','2\n3','0','','C语言 C++ 算法','二级难度','2019-01-01 17:03:02',1,128,0,'N',0,0,0),(1076,'作业调度方案','<p><font size=\"3\" face=\"Times New Roman\">我们现在要利用m台机器加工n个工件，每个工件都有m道工序，每道工序都在不同的指定的机器上完成。每个工件的每道工序都有指定的加工时间。  <br />\n每个工件的每个工序称为一个操作，我们用记号j-k表示一个操作，其中j为1到n中的某个数字，为工件号；k为1到m中的某个数字，为工序号，例如2-4表示第2个工件第4道工序的这个操作。在本题中，我们还给定对于各操作的一个安排顺序。  <br />\n例如，当n=3，m=2时，&ldquo;1-1，1-2，2-1，3-1，3-2，2-2&rdquo;就是一个给定的安排顺序，即先安排第1个工件的第1个工序，再安排第1个工件的第2个工序，然后再安排第2个工件的第1个工序，等等。  <br />\n一方面，每个操作的安排都要满足以下的两个约束条件。  <br />\n(1) 对同一个工件，每道工序必须在它前面的工序完成后才能开始；  <br />\n(2) 同一时刻每一台机器至多只能加工一个工件。  <br />\n另一方面，在安排后面的操作时，不能改动前面已安排的操作的工作状态。  <br />\n由于同一工件都是按工序的顺序安排的，因此，只按原顺序给出工件号，仍可得到同样的安排顺序，于是，在输入数据中，我们将这个安排顺序简写为&ldquo;1 1 2 3 3 2&rdquo;。  <br />\n还要注意，&ldquo;安排顺序&rdquo;只要求按照给定的顺序安排每个操作。不一定是各机器上的实际操作顺序。在具体实施时，有可能排在后面的某个操作比前面的某个操作先完成。  <br />\n例如，取n=3,m=2，已知数据如下：  <br />\n<br />\n则对于安排顺序&ldquo;1 1 2 3 3 2&rdquo;，下图中的两个实施方案都是正确的。但所需要的总时间分别是10与12。 <br />\n<br />\n当一个操作插入到某台机器的某个空档时（机器上最后的尚未安排操作的部分也可以看作一个空档），可以靠前插入，也可以靠后或居中插入。为了使问题 简单一些，我们约定：在保证约束条件（1）（2）的条件下，尽量靠前插入。并且，我们还约定，如果有多个空档可以插入，就在保证约束条件（1）（2）的条 件下，插入到最前面的一个空档。于是，在这些约定下，上例中的方案一是正确的，而方案二是不正确的。  <br />\n显然，在这些约定下，对于给定的安排顺序，符合该安排顺序的实施方案是唯一的，请你计算出该方案完成全部任务所需的总时间。 </font></p>','<p><font size=\"3\" face=\"Times New Roman\">第1行为两个正整数，用一个空格隔开：  <br />\nm n  <br />\n（其中m（〈20）表示机器数，n（〈20）表示工件数）  <br />\n第2行： 2n个用空格隔开的数，为给定的安排顺序。  <br />\n接下来的2n行，每行都是用空格隔开的m个正整数，每个数不超过20。  <br />\n其中前n行依次表示每个工件的每个工序所使用的机器号，第1个数为第1个工序的机器号，第2个数为第2个工序机器号，等等。  <br />\n后n行依次表示每个工件的每个工序的加工时间。  <br />\n可以保证，以上各数据都是正确的，不必检验。  </font></p>','<p><font size=\"3\" face=\"Times New Roman\">只有一个正整数，为最少的加工时间。</font></p>','2 3\n1 1 2 3 3 2\n1 2 \n1 2 \n2 1\n3 2 \n2 5 \n2 4','10','0','','C语言 C++ 算法','二级难度','2019-01-01 17:03:02',1,128,0,'N',0,0,0),(1077,'倒杨辉三角形','<p><font size=\"3\" face=\"Times New Roman\">Fans喜欢图形，而且喜欢把图形倒过来欣赏。有一次，他看见杨辉三角形 了，觉得很新鲜，于是就把它们大大小小地摆布出来。输入一些整数n（1&le;n&le;10），读入其每个整数，以该整数为行数，其画出来的倒杨辉三角形（每个数据 占三个字符）就是fans所喜欢欣赏的。Fans是手工做的，你却可以用编程更快捷地做出来，多爽啊! </font></p>','','','5\n3','1 4 6 4 1\n 1 3 3 1\n  1 2 1\n   1 1\n    1\n\n1 2 1\n 1 1\n  1','0','','C语言 C++ 算法','二级难度','2019-01-01 17:03:02',1,128,0,'N',0,0,0),(1078,'假币问题','<p><span style=\"color: rgb(0, 0, 0); font-family: \'Times New Roman\'; font-style: normal; font-variant: normal; font-weight: normal; letter-spacing: normal; line-height: normal; orphans: 2; text-align: -webkit-auto; text-indent: 0px; text-transform: none; white-space: normal; widows: 2; word-spacing: 0px; -webkit-text-decorations-in-effect: none; -webkit-text-size-adjust: auto; -webkit-text-stroke-width: 0px; font-size: medium; \" class=\"Apple-style-span\">居然有假币！！！<span class=\"Apple-converted-space\">&nbsp;</span><br />\n事情是这样的，现在猪肉涨了，但是农民的工资却不见涨啊，没钱怎么买猪肉啊。老王这就去买猪肉，结果找来的零钱中有假币！！！可惜老王一不小心把它混进了一堆真币里面去了。现在知道假币的重量比真币的质量要轻。给你一个天平，请用最快的时间把那个可恶的假币找出来。</span></p>','<p><span style=\"color: rgb(0, 0, 0); font-family: \'Times New Roman\'; font-style: normal; font-variant: normal; font-weight: normal; letter-spacing: normal; line-height: normal; orphans: 2; text-align: -webkit-auto; text-indent: 0px; text-transform: none; white-space: normal; widows: 2; word-spacing: 0px; -webkit-text-decorations-in-effect: none; -webkit-text-size-adjust: auto; -webkit-text-stroke-width: 0px; font-size: medium; \" class=\"Apple-style-span\">输入有多行,每一行的值为硬币的数目n,1&le;n&le;2^30,输入0结束程序</span></p>','<p><span style=\"color: rgb(0, 0, 0); font-family: \'Times New Roman\'; font-style: normal; font-variant: normal; font-weight: normal; letter-spacing: normal; line-height: normal; orphans: 2; text-align: -webkit-auto; text-indent: 0px; text-transform: none; white-space: normal; widows: 2; word-spacing: 0px; -webkit-text-decorations-in-effect: none; -webkit-text-size-adjust: auto; -webkit-text-stroke-width: 0px; font-size: medium; \" class=\"Apple-style-span\">最少要称多少次一定能把那个假币找出来。输出对应输入行数.</span></p>','3\n12\n0\n','1\n3','0','<p><span style=\"color: rgb(0, 0, 0); font-family: \'Times New Roman\'; font-style: normal; font-variant: normal; font-weight: normal; letter-spacing: normal; line-height: normal; orphans: 2; text-align: -webkit-auto; text-indent: 0px; text-transform: none; white-space: normal; widows: 2; word-spacing: 0px; -webkit-text-decorations-in-effect: none; -webkit-text-size-adjust: auto; -webkit-text-stroke-width: 0px; font-size: medium; \" class=\"Apple-style-span\">示例1中共有3枚硬币，所以任意取2个放天平上称量一下。<span class=\"Apple-converted-space\">&nbsp;</span><br />\n因为假币的重量比较轻。<span class=\"Apple-converted-space\">&nbsp;</span><br />\n如果天平不平衡，则较轻的那枚就是假币。<span class=\"Apple-converted-space\">&nbsp;</span><br />\n如果天平平衡，则说明这两枚硬币都是真的，而剩下那枚是假币。<span class=\"Apple-converted-space\"> </span><br />\n</span></p>','C语言 C++ 算法','二级难度','2019-01-01 17:03:02',1,128,0,'N',0,0,0),(1079,'做幻方','<p><font size=\"3\" face=\"Times New Roman\">Apple最近迷上了做幻方，Apple还是个中高手，只要你说个奇数N就能把N*N的幻方做出来。其实你可以比他做得更好的。Apple总是画得很乱，而你可以利用程序排得很整齐^_^ 幻方的要求：每一行，每一列，还有两条斜线上数字的和都相等. </font></p>','<p><font size=\"3\" face=\"Times New Roman\">每行一个奇数N(0&lt; N &lt; 30),输入0结束  </font></p>','<p><font size=\"3\" face=\"Times New Roman\">输入一个奇数，输出一个幻方，顺序参照样板输出；同一列的数右对齐，数与数用一个空格分开；输出完以后加一个回车。</font></p>','5\n1\n0','11 18 25  2  9\n10 12 19 21  3\n 4  6 13 20 22\n23  5  7 14 16\n17 24  1  8 15\n\n1','0','','C语言 C++ 算法','二级难度','2019-01-01 17:03:02',1,128,0,'N',0,0,0),(1080,'内码对称','<p><font size=\"3\" face=\"Times New Roman\">C++中int型整数内码是一个32位的01序列，该01序列有些是对称的，有些是不对称的。对于给定的一个整数，在一些场合，需要判断其整数内码的对称性。这个事情要做好还非你不行呢。</font></p>','<p><font size=\"3\" face=\"Times New Roman\">输入中含有一些整数n（0&le;n〈2^32）。</font></p>','<p><font size=\"3\" face=\"Times New Roman\">统计其中一共有多少个其内码对称的整数，输出之。</font></p>','0\n1\n2147483649\n2\n3','2','0','','C语言 C++ 算法','二级难度','2019-01-01 17:03:02',1,128,0,'N',0,0,0),(1081,'剔除相关数','<p><font face=\"Times New Roman\">一个数与另一个数如果含有相同数字和个数的字符，则称两数相关。现有一堆乱七八糟的整数，里面可能充满了彼此相关的数，请你用一下手段，自动地将其剔除。</font></p>','<p><font size=\"3\" face=\"Times New Roman\">每组数据前有一个N(&lt;1000)，表示跟随的整数P(0</font>\n<p></p>\n</p>','<p>按从小到大的顺序输出非相关数，若没有非相关数，则输出None</p>','8\n213 667 3 213 43 34 677 2\n3\n322 232 232\n0\n\n','2 3 667 677\nNone\n','0','','C语言 C++ 算法','二级难度','2019-01-01 17:03:02',1,128,0,'N',0,0,0),(1082,'化学品问题','<p><font size=\"3\" face=\"Times New Roman\">一个实验室有N个放化学品的试管，排列在一条直线上。如果连续M个试管中放入药品，则会发生爆炸，于是，在某些试管中可能不放药品。 <br />\n任务：对于给定的N和M，求不发生爆炸的放置药品的方案总数 <br />\n</font></p>','<p><font size=\"3\" face=\"Times New Roman\">第一行是一个正整数L，代表输入数据的组数 <br />\n接下来L行，每行有两个正整数N，M( 1＜N＜32，2&le;M&le;5) <br />\n</font></p>','<p><font size=\"3\" face=\"Times New Roman\">输出L行，每行只有一个正整数S，表示对应输入数据的方案总数。</font></p>','2\n4 3\n3 2\n\n','13\n5\n\n','0','','C语言 C++ 算法','二级难度','2019-01-01 17:03:02',1,128,0,'N',0,0,0),(1083,'十->二进制转换','<p><font face=\"Times New Roman\">将十进制整数转换成二进制数</font></p>','<p><font face=\"Times New Roman\">输入数据中含有不多于50个整数n（-2^16＜n＜2^16）。</font></p>','<p><font face=\"Times New Roman\">对于每个n，以11位的宽度右对齐输出n值，然后输出&ldquo;--&gt;&rdquo;，再然后输出二进制数。每个整数n的输出，独立占一行。</font></p>','2\n0\n-12\n1\n','2―->10\n0-->0\n-12-->-1100\n1-->1\n','0','','C语言 C++ 算法','二级难度','2019-01-01 17:03:02',1,128,0,'N',0,0,0),(1084,'半数集问题','<p><font face=\"Times New Roman\">问题描述： <br />\n给定一个自然数n，由n开始可以依次产生半数集set(n)中的数如下。 <br />\n(1) n&isin;set(n)； <br />\n(2) 在n的左边加上一个自然数，但该自然数不能超过最近添加的数的一半； <br />\n(3) 按此规则进行处理，直到不能再添加自然数为止。 <br />\n例如，set(6)={6,16,26,126,36,136}。半数集set(6)中有6 个元素。 <br />\n注意半数集是多重集。 <br />\n<br />\n编程任务： <br />\n对于给定的自然数n，编程计算半数集set(n)中的元素个数。 </font></p>','<p><font face=\"Times New Roman\">输入数据m行，每行给出一个整数n。(0〈n〈1000)</font></p>','<p><font size=\"3\" face=\"Times New Roman\">输出只有m行，每行给出半数集set(n)中的元素个数。</font></p>','6\n99\n','6\n9042\n','0','','C语言 C++ 算法','二级难度','2019-01-01 17:03:02',1,128,0,'N',0,0,0),(1085,'去括号','<p><font size=\"3\" face=\"Times New Roman\">当老师不容易，尤其是当小学的老师更难:现在的小朋友做作业喜欢滥用括号。 <br />\n虽然不影响计算结果，但不够美观，容易出错，而且可读性差。但又不能一棒子打死，也许他们就是将来的&ldquo;陈景润&rdquo;呢！ <br />\n为了减轻老师的工作，不至于他们工作到深夜，我们来写个程序把小朋友的作业做一下简单地处理，去掉那些多余的括号。 <br />\n为了简化问题，所有式子里只存在小括号，运算符号包括+(加)、-(减)、*(乘)、/(除)、^(幂)。 <br />\n注意：去掉多余的小括号不是指运算结果一样就可以。 <br />\n比如：(1+2)^1 = 3。虽然把括号去掉1+2^1也等于3，但我们说这个括号不能去。 <br />\n但如：1+(2+3) = 1+2+3只要是允许的，因为加法是满足交换律和结合律的。</font></p>','<p><font size=\"3\" face=\"Times New Roman\">输入包括多组测试数据。 <br />\n每组测试数据为一行算术表达式，只包括数字和运算符号，长度小于16。 <br />\n输入以#行结束，该行不做处理。</font></p>','<p><font size=\"3\" face=\"Times New Roman\">对应每组数据输入都有一行输出。 <br />\n输出去掉多余的括号后的表达式。</font></p>','((((1))))+((((1))))\n1\n1+1+1+1\n((1+2)+3)*4\n(1+(2+3))*4\n((1*2)*3)*4\n(1*(2*3))*4\n((1*2)*(3*4))\n1*((2*3)*4)\n1*(2*(3*4))\n((1*2)*4)*3\n(1*(2*4))*3\n((1*2)*(4*3))\n1*((2*4)*3)\n1*(2*(4*3))\n((1+3)+2)*4\n(1+(3+2))*4\n((1+3)*(2+4))\n((1*3)*2)*4\n(1*(3*2))*4\n((1*3)*(2*4))\n1*((3*2)*4)\n1*(3*(2*4))\n((1+3)*(4+2))\n((1*3)*4)*2\n(1*(3*4))*2\n((1*3)*(4*2))\n1*((3*4)*2)\n1*(3*(4*2))\n((1*4)*3)*2\n(1*(4*3))*2\n((1*4)*(3*2))\n1*((4*3)*2)\n1*(4*(3*2))\n((1*4)*2)*3\n(1*(4*2))*3\n((1*4)*(2*3))\n1*((4*2)*3)\n1*(4*(2*3))\n((2+1)+3)*4\n(2+(1+3))*4\n((2*1)*3)*4\n(2*(1*3))*4\n((2*1)*(3*4))\n2*((1*3)*4)\n2*(1*(3*4))\n((2/1)*3)*4\n((2/1)*(3*4))\n(2/(1/3))*4\n2/(1/(3*4))\n2/((1/3)/4)\n((2^1)*3)*4\n((2^1)*(3*4))\n((2*1)*4)*3\n(2*(1*4))*3\n((2*1)*(4*3))\n2*((1*4)*3)\n2*(1*(4*3))\n((2/1)*4)*3\n((2/1)*(4*3))\n(2/(1/4))*3\n2/(1/(4*3))\n2/((1/4)/3)\n((2^1)*4)*3\n((2^1)*(4*3))\n((2+3)+1)*4\n(2+(3+1))*4\n((2*3)*1)*4\n(2*(3*1))*4\n((2*3)*(1*4))\n2*((3*1)*4)\n2*(3*(1*4))\n((2*3)/1)*4\n(2*(3/1))*4\n2*((3/1)*4)\n((2*3)/(1/4))\n2*(3/(1/4))\n((2*3)^1)*4\n(2*(3^1))*4\n2*((3^1)*4)\n((2*3)*4)*1\n(2*(3*4))*1\n((2*3)*(4*1))\n2*((3*4)*1)\n2*(3*(4*1))\n((2*3)*4)/1\n(2*(3*4))/1\n((2*3)*(4/1))\n2*((3*4)/1)\n2*(3*(4/1))\n((2*3)*4)^1\n(2*(3*4))^1\n((2*3)*(4^1))\n2*((3*4)^1)\n2*(3*(4^1))\n((2^3)*(4-1))\n((2+4)*(3+1))\n((2*4)*3)*1\n(2*(4*3))*1\n((2*4)*(3*1))\n2*((4*3)*1)\n2*(4*(3*1))\n((2*4)*3)/1\n(2*(4*3))/1\n((2*4)*(3/1))\n2*((4*3)/1)\n2*(4*(3/1))\n((2*4)*3)^1\n(2*(4*3))^1\n((2*4)*(3^1))\n2*((4*3)^1)\n2*(4*(3^1))\n((2+4)*(1+3))\n((2*4)*1)*3\n(2*(4*1))*3\n((2*4)*(1*3))\n2*((4*1)*3)\n2*(4*(1*3))\n((2*4)/1)*3\n(2*(4/1))*3\n2*((4/1)*3)\n((2*4)/(1/3))\n2*(4/(1/3))\n((2*4)^1)*3\n(2*(4^1))*3\n2*((4^1)*3)\n(2^(4-1))*3\n((3+2)+1)*4\n(3+(2+1))*4\n((3*2)*1)*4\n(3*(2*1))*4\n((3*2)*(1*4))\n3*((2*1)*4)\n3*(2*(1*4))\n((3*2)/1)*4\n(3*(2/1))*4\n3*((2/1)*4)\n((3*2)/(1/4))\n3*(2/(1/4))\n((3*2)^1)*4\n(3*(2^1))*4\n3*((2^1)*4)\n3/(2^(1-4))\n((3*2)*4)*1\n(3*(2*4))*1\n((3*2)*(4*1))\n3*((2*4)*1)\n3*(2*(4*1))\n((3*2)*4)/1\n(3*(2*4))/1\n((3*2)*(4/1))\n3*((2*4)/1)\n3*(2*(4/1))\n((3*2)*4)^1\n(3*(2*4))^1\n((3*2)*(4^1))\n3*((2*4)^1)\n3*(2*(4^1))\n3*(2^(4-1))\n((3+1)+2)*4\n(3+(1+2))*4\n((3+1)*(2+4))\n((3*1)*2)*4\n(3*(1*2))*4\n((3*1)*(2*4))\n3*((1*2)*4)\n3*(1*(2*4))\n((3/1)*2)*4\n((3/1)*(2*4))\n(3/(1/2))*4\n3/(1/(2*4))\n3/((1/2)/4)\n((3^1)*2)*4\n((3^1)*(2*4))\n((3+1)*(4+2))\n((3*1)*4)*2\n(3*(1*4))*2\n((3*1)*(4*2))\n3*((1*4)*2)\n3*(1*(4*2))\n((3/1)*4)*2\n((3/1)*(4*2))\n(3/(1/4))*2\n3/(1/(4*2))\n3/((1/4)/2)\n((3^1)*4)*2\n((3^1)*(4*2))\n((3*4)*1)*2\n(3*(4*1))*2\n((3*4)*(1*2))\n3*((4*1)*2)\n3*(4*(1*2))\n((3*4)/1)*2\n(3*(4/1))*2\n3*((4/1)*2)\n((3*4)/(1/2))\n3*(4/(1/2))\n((3*4)^1)*2\n(3*(4^1))*2\n3*((4^1)*2)\n((3*4)*2)*1\n(3*(4*2))*1\n((3*4)*(2*1))\n3*((4*2)*1)\n3*(4*(2*1))\n((3*4)*2)/1\n(3*(4*2))/1\n((3*4)*(2/1))\n3*((4*2)/1)\n3*(4*(2/1))\n((3*4)*2)^1\n(3*(4*2))^1\n((3*4)*(2^1))\n3*((4*2)^1)\n3*(4*(2^1))\n((4+2)*(3+1))\n4*((2+3)+1)\n4*(2+(3+1))\n((4*2)*3)*1\n(4*(2*3))*1\n((4*2)*(3*1))\n4*((2*3)*1)\n4*(2*(3*1))\n((4*2)*3)/1\n(4*(2*3))/1\n((4*2)*(3/1))\n4*((2*3)/1)\n4*(2*(3/1))\n((4*2)*3)^1\n(4*(2*3))^1\n((4*2)*(3^1))\n4*((2*3)^1)\n4*(2*(3^1))\n((4+2)*(1+3))\n4*((2+1)+3)\n4*(2+(1+3))\n((4*2)*1)*3\n(4*(2*1))*3\n((4*2)*(1*3))\n4*((2*1)*3)\n4*(2*(1*3))\n((4*2)/1)*3\n(4*(2/1))*3\n4*((2/1)*3)\n((4*2)/(1/3))\n4*(2/(1/3))\n((4*2)^1)*3\n(4*(2^1))*3\n4*((2^1)*3)\n4*((3+2)+1)\n4*(3+(2+1))\n((4*3)*2)*1\n(4*(3*2))*1\n((4*3)*(2*1))\n4*((3*2)*1)\n4*(3*(2*1))\n((4*3)*2)/1\n(4*(3*2))/1\n((4*3)*(2/1))\n4*((3*2)/1)\n4*(3*(2/1))\n((4*3)*2)^1\n(4*(3*2))^1\n((4*3)*(2^1))\n4*((3*2)^1)\n4*(3*(2^1))\n4*((3+1)+2)\n4*(3+(1+2))\n((4*3)*1)*2\n(4*(3*1))*2\n((4*3)*(1*2))\n4*((3*1)*2)\n4*(3*(1*2))\n((4*3)/1)*2\n(4*(3/1))*2\n4*((3/1)*2)\n((4*3)/(1/2))\n4*(3/(1/2))\n((4*3)^1)*2\n(4*(3^1))*2\n4*((3^1)*2)\n4*((1+3)+2)\n4*(1+(3+2))\n((4*1)*3)*2\n(4*(1*3))*2\n((4*1)*(3*2))\n4*((1*3)*2)\n4*(1*(3*2))\n((4/1)*3)*2\n((4/1)*(3*2))\n(4/(1/3))*2\n4/(1/(3*2))\n4/((1/3)/2)\n((4^1)*3)*2\n((4^1)*(3*2))\n((4-1)*(2^3))\n4*((1+2)+3)\n4*(1+(2+3))\n((4*1)*2)*3\n(4*(1*2))*3\n((4*1)*(2*3))\n4*((1*2)*3)\n4*(1*(2*3))\n((4/1)*2)*3\n((4/1)*(2*3))\n(4/(1/2))*3\n4/(1/(2*3))\n4/((1/2)/3)\n((4^1)*2)*3\n((4^1)*(2*3))\n#\n','1+1\n1\n1+1+1+1\n(1+2+3)*4\n(1+2+3)*4\n1*2*3*4\n1*2*3*4\n1*2*3*4\n1*2*3*4\n1*2*3*4\n1*2*4*3\n1*2*4*3\n1*2*4*3\n1*2*4*3\n1*2*4*3\n(1+3+2)*4\n(1+3+2)*4\n(1+3)*(2+4)\n1*3*2*4\n1*3*2*4\n1*3*2*4\n1*3*2*4\n1*3*2*4\n(1+3)*(4+2)\n1*3*4*2\n1*3*4*2\n1*3*4*2\n1*3*4*2\n1*3*4*2\n1*4*3*2\n1*4*3*2\n1*4*3*2\n1*4*3*2\n1*4*3*2\n1*4*2*3\n1*4*2*3\n1*4*2*3\n1*4*2*3\n1*4*2*3\n(2+1+3)*4\n(2+1+3)*4\n2*1*3*4\n2*1*3*4\n2*1*3*4\n2*1*3*4\n2*1*3*4\n2/1*3*4\n2/1*3*4\n2/(1/3)*4\n2/(1/(3*4))\n2/(1/3/4)\n2^1*3*4\n2^1*3*4\n2*1*4*3\n2*1*4*3\n2*1*4*3\n2*1*4*3\n2*1*4*3\n2/1*4*3\n2/1*4*3\n2/(1/4)*3\n2/(1/(4*3))\n2/(1/4/3)\n2^1*4*3\n2^1*4*3\n(2+3+1)*4\n(2+3+1)*4\n2*3*1*4\n2*3*1*4\n2*3*1*4\n2*3*1*4\n2*3*1*4\n2*3/1*4\n2*3/1*4\n2*3/1*4\n2*3/(1/4)\n2*3/(1/4)\n(2*3)^1*4\n2*3^1*4\n2*3^1*4\n2*3*4*1\n2*3*4*1\n2*3*4*1\n2*3*4*1\n2*3*4*1\n2*3*4/1\n2*3*4/1\n2*3*4/1\n2*3*4/1\n2*3*4/1\n(2*3*4)^1\n(2*3*4)^1\n2*3*4^1\n2*(3*4)^1\n2*3*4^1\n2^3*(4-1)\n(2+4)*(3+1)\n2*4*3*1\n2*4*3*1\n2*4*3*1\n2*4*3*1\n2*4*3*1\n2*4*3/1\n2*4*3/1\n2*4*3/1\n2*4*3/1\n2*4*3/1\n(2*4*3)^1\n(2*4*3)^1\n2*4*3^1\n2*(4*3)^1\n2*4*3^1\n(2+4)*(1+3)\n2*4*1*3\n2*4*1*3\n2*4*1*3\n2*4*1*3\n2*4*1*3\n2*4/1*3\n2*4/1*3\n2*4/1*3\n2*4/(1/3)\n2*4/(1/3)\n(2*4)^1*3\n2*4^1*3\n2*4^1*3\n2^(4-1)*3\n(3+2+1)*4\n(3+2+1)*4\n3*2*1*4\n3*2*1*4\n3*2*1*4\n3*2*1*4\n3*2*1*4\n3*2/1*4\n3*2/1*4\n3*2/1*4\n3*2/(1/4)\n3*2/(1/4)\n(3*2)^1*4\n3*2^1*4\n3*2^1*4\n3/2^(1-4)\n3*2*4*1\n3*2*4*1\n3*2*4*1\n3*2*4*1\n3*2*4*1\n3*2*4/1\n3*2*4/1\n3*2*4/1\n3*2*4/1\n3*2*4/1\n(3*2*4)^1\n(3*2*4)^1\n3*2*4^1\n3*(2*4)^1\n3*2*4^1\n3*2^(4-1)\n(3+1+2)*4\n(3+1+2)*4\n(3+1)*(2+4)\n3*1*2*4\n3*1*2*4\n3*1*2*4\n3*1*2*4\n3*1*2*4\n3/1*2*4\n3/1*2*4\n3/(1/2)*4\n3/(1/(2*4))\n3/(1/2/4)\n3^1*2*4\n3^1*2*4\n(3+1)*(4+2)\n3*1*4*2\n3*1*4*2\n3*1*4*2\n3*1*4*2\n3*1*4*2\n3/1*4*2\n3/1*4*2\n3/(1/4)*2\n3/(1/(4*2))\n3/(1/4/2)\n3^1*4*2\n3^1*4*2\n3*4*1*2\n3*4*1*2\n3*4*1*2\n3*4*1*2\n3*4*1*2\n3*4/1*2\n3*4/1*2\n3*4/1*2\n3*4/(1/2)\n3*4/(1/2)\n(3*4)^1*2\n3*4^1*2\n3*4^1*2\n3*4*2*1\n3*4*2*1\n3*4*2*1\n3*4*2*1\n3*4*2*1\n3*4*2/1\n3*4*2/1\n3*4*2/1\n3*4*2/1\n3*4*2/1\n(3*4*2)^1\n(3*4*2)^1\n3*4*2^1\n3*(4*2)^1\n3*4*2^1\n(4+2)*(3+1)\n4*(2+3+1)\n4*(2+3+1)\n4*2*3*1\n4*2*3*1\n4*2*3*1\n4*2*3*1\n4*2*3*1\n4*2*3/1\n4*2*3/1\n4*2*3/1\n4*2*3/1\n4*2*3/1\n(4*2*3)^1\n(4*2*3)^1\n4*2*3^1\n4*(2*3)^1\n4*2*3^1\n(4+2)*(1+3)\n4*(2+1+3)\n4*(2+1+3)\n4*2*1*3\n4*2*1*3\n4*2*1*3\n4*2*1*3\n4*2*1*3\n4*2/1*3\n4*2/1*3\n4*2/1*3\n4*2/(1/3)\n4*2/(1/3)\n(4*2)^1*3\n4*2^1*3\n4*2^1*3\n4*(3+2+1)\n4*(3+2+1)\n4*3*2*1\n4*3*2*1\n4*3*2*1\n4*3*2*1\n4*3*2*1\n4*3*2/1\n4*3*2/1\n4*3*2/1\n4*3*2/1\n4*3*2/1\n(4*3*2)^1\n(4*3*2)^1\n4*3*2^1\n4*(3*2)^1\n4*3*2^1\n4*(3+1+2)\n4*(3+1+2)\n4*3*1*2\n4*3*1*2\n4*3*1*2\n4*3*1*2\n4*3*1*2\n4*3/1*2\n4*3/1*2\n4*3/1*2\n4*3/(1/2)\n4*3/(1/2)\n(4*3)^1*2\n4*3^1*2\n4*3^1*2\n4*(1+3+2)\n4*(1+3+2)\n4*1*3*2\n4*1*3*2\n4*1*3*2\n4*1*3*2\n4*1*3*2\n4/1*3*2\n4/1*3*2\n4/(1/3)*2\n4/(1/(3*2))\n4/(1/3/2)\n4^1*3*2\n4^1*3*2\n(4-1)*2^3\n4*(1+2+3)\n4*(1+2+3)\n4*1*2*3\n4*1*2*3\n4*1*2*3\n4*1*2*3\n4*1*2*3\n4/1*2*3\n4/1*2*3\n4/(1/2)*3\n4/(1/(2*3))\n4/(1/2/3)\n4^1*2*3\n4^1*2*3\n','0','','C语言 C++ 算法','二级难度','2019-01-01 17:03:02',1,128,0,'N',0,0,0),(1086,'去掉双斜杠注释','<p>\n<table border=\"0\" width=\"100%\" background=\"images/table_back.jpg\">\n    <tbody>\n        <tr>\n            <td>\n            <p><font size=\"3\" face=\"Times New Roman\">将C程序代码中的双斜杠注释去掉。</font></p>\n            </td>\n        </tr>\n    </tbody>\n</table>\n</p>','<p><font face=\"Times New Roman\">输入数据中含有一些符合C++语法的代码行。需要说明的是，为了方便编程，规定双斜杠注释内容不含有双引号,源程序中没空行。</font></p>','<p><font size=\"3\" face=\"Times New Roman\">输出不含有双斜杠注释的C++代码，除了注释代码之外，原语句行格式不变。 </font></p>','//======================\n// simplest program\n//======================\n#include\nusing namespace std;\n//----------------------\nint main(){\n  cout<<”hello world!\\n”;\n}//---------------------\n\n','#include\nusing namespace std;\nint main(){\n  cout<<”hello world!\\n”;\n}\n\n','0','','C语言 C++ 算法','二级难度','2019-01-01 17:03:02',1,128,0,'N',0,0,0),(1087,'去掉空格','<p><font size=\"3\" face=\"Times New Roman\">读入一些字符串，将其中的空格去掉。</font></p>','<p><font size=\"3\" face=\"Times New Roman\">输入为多行，每行为一个字符串，字符串只由字母、数字和空格组成，长度不超过80。输入以&ldquo;End of file&rdquo;结束。</font></p>','<p><font size=\"3\" face=\"Times New Roman\">对于每行输入，输出转换后的字符串。</font></p>','\nHello World\n1 2 3\nNice to meet you\nabc\n','HelloWorld\n123\nNicetomeetyou\nabc\n\n','0','<p><font face=\"Times New Roman\">用scanf是不能读入一行有空格的字符串的，用gets吧。 用&ldquo;gets(str) != NULL&rdquo;可以判断输入是否结束，如果此条件为假（即gets(str) == NULL），则表示输入结束（对于本题）。</font></p>','C语言 C++ 算法','二级难度','2019-01-01 17:03:02',1,128,0,'N',0,0,0),(1088,'发工资咯','<p><font face=\"Times New Roman\">作为吉大的老师，最盼望的日子就是每月的9号了，因为这一天是发工资的日子，养家糊口就靠它了，呵呵 <br />\n但是对于学校财务处的工作人员来说，这一天则是很忙碌的一天，财务处的小胡老师最近就在考虑一个问题：如果每个老师的工资额都知道，最少需要准备多少张人民币，才能在给每位老师发工资的时候都不用老师找零呢？ <br />\n这里假设老师的工资都是正整数，单位元，人民币一共有100元、50元、10元、5元、2元和1元六种。</font></p>','<p><font face=\"Times New Roman\">输入数据包含多个测试实例，每个测试实例的第一行是一个整数n（n&lt;100），表示老师的人数，然后是n个老师的工资。 <br />\nn=0表示输入的结束，不做处理。</font></p>','<p><font face=\"Times New Roman\">对于每个测试实例输出一个整数x,表示至少需要准备的人民币张数。每个输出占一行。</font></p>','3 1 2 3\n0','4','0','','C语言 C++ 算法','二级难度','2019-01-01 17:03:02',1000,65536,0,'N',0,0,0),(1089,'取石子游戏','<p><font size=\"3\" face=\"Times New Roman\">有两堆石子，数量任意，可以不同。游戏开始由两个人轮流取石子。游戏规定，每次有两种不同的取法，一是可以在任意的一堆中取走任意多的石子；二是可以在两堆中同时取走相同数量的石子。最后把石子全部取完者为胜者。现在给出初始的两堆石子的数目，如果轮到你先取，假设双方都采取最好的策略，问最后你是胜者还是败者。 </font></p>','<p><font size=\"3\" face=\"Times New Roman\">输入包含若干行，表示若干种石子的初始情况，其中每一行包含两个非负整数a和b，表示两堆石子的数目，a和b都不大于1,000,000,000。 </font></p>','<p><font size=\"3\" face=\"Times New Roman\">输出对应也有若干行，每行包含一个数字1或0，如果最后你是胜者，则为1，反之，则为0。 </font></p>','2	1\n','0\n','0','','C语言 C++ 算法','二级难度','2019-01-01 17:03:02',1,128,0,'N',0,0,0),(1090,'哥德巴赫曾猜测','<p><font face=\"Times New Roman\" size=\"3\">德国数学家哥德巴赫曾猜测：任何大于6的偶数都可以分解成两个素数（素数对）的和。但有些偶数可以分解成多种素数对的和，如：  10=3+7，10=5+5，即10可以分解成两种不同的素数对</font></p>','<p><font face=\"Times New Roman\" size=\"3\">输入任意的&gt;6的正偶数(&lt;32767)</font></p>','<p><font face=\"Times New Roman\" size=\"3\">试求给出的偶数可以分解成多少种不同的素数对（注：  A+B与B+A认为是相同素数对）</font></p>','1234\n','25\n','0','','算法','三级难度','2019-01-01 17:03:02',1,128,0,'N',0,0,0),(1091,'回文串','<p><font face=\"Times New Roman\" size=\"3\">回文串是从左到右或者从右到左读起来都一样的字符串，试编程判别一个字符串是否为回文串。</font></p>','<p><font face=\"Times New Roman\" size=\"3\">输入一个字符串。串长度&lt;255.</font></p>','<p><font face=\"Times New Roman\" size=\"3\">判别输入的字符串是否为回文串，是输出&quot;Y&quot;,否则输出&quot;N&quot;。</font></p>','abcba\n','Y\n','0','','算法','三级难度','2019-01-01 17:03:02',1,128,0,'N',0,0,0),(1092,'回文数(一)','<p>若一个数（首位不为0）从左到右读与从右到左读都是一样，这个数就叫做回文数，例如12521就是一个回文数。 <br />\n给定一个正整数，把它的每一个位上的数字倒过来排列组成一个新数，然后与原数相加，如果是回文数则停止，如果不是，则重复这个操作，直到和为回文数为止。给定的数本身不为回文数。 <br />\n例如：87则有： <br />\nSTEP1: 87+78=165 <br />\nSTEP2: 165+561=726 <br />\nSTEP3: 726+627=1353 <br />\nSTEP4: 1353+3531=4884 <br />\n编写一个程序，输入M（12&lt;=M&lt;=100）,输出最少经过几步可以得到回文数。如果在8步以内（含8步）不可能得到回文数，则输出0。 <br />\n</p>','<p><font size=\"3\" face=\"Times New Roman\">第1行一个正整数L,代表测试数据的组数。 <br />\n接下来L行每行一个整数M（12&lt;=M&lt;=100），M本身不为回文数； <br />\n</font></p>','<p><font size=\"3\" face=\"Times New Roman\">输出L行，第i行对应输入数据的第i+1行，输出最少需要的步数；如果步数大于8，则输出0。</font></p>','3\n12\n87\n89\n\n','1\n4\n0\n\n','0','','算法','三级难度','2019-01-01 17:03:02',1,128,0,'N',0,0,0),(1093,'多输入输出练习1','<p><font size=\"3\" face=\"Times New Roman\">给定很多行数据,要求输出每一行的最大值.</font></p>','<p><font size=\"3\" face=\"Times New Roman\">程序有多行输入,每一行以0结束. </font></p>','<p><font size=\"3\" face=\"Times New Roman\">有多行输出,对应输入的行数.</font></p>','23 -456 33 78 0\n43 23 987 66 -137 324 0\n544 27 7 9 102 234 -44 -732 723 0','78\n987\n723','0','','算法','三级难度','2019-01-01 17:03:02',1,128,0,'N',0,0,0),(1094,'多输入输出练习2','<p><font size=\"3\" face=\"Times New Roman\">已之一个圆的半径,求面积.</font></p>','<p><font size=\"3\" face=\"Times New Roman\">输入有多行,第一行是一个整数n(对应总行数),以下每一行只有一个浮点数(对应一个圆的半径).</font></p>','<font size=\"3\" face=\"Times New Roman\"> 输出有多行,每一行是跟输入对应面积.  <br />\n输出保留6位小数</font>','4\n3.14\n2.13\n6\n5.3','30.973933\n14.252671\n113.094000\n88.244735','0','','算法','三级难度','2019-01-01 17:03:02',1,128,0,'N',0,0,0),(1095,'大小写转换','<p><font size=\"3\" face=\"Times New Roman\">读入一些字符串，将其中的小写字母转成大写字母（其他字符不变）。</font></p>','<p><font size=\"3\" face=\"Times New Roman\">输入为多行，每行为一个字符串，字符串只由字母和数字组成，长度不超过80。输入以&ldquo;End of file&rdquo;结束。</font></p>','<p><font size=\"3\" face=\"Times New Roman\">对于每行输入，输出转换后的字符串。</font></p>','Hello\nICPC2004\n12345abcde','HELLO\nICPC2004\n12345ABCDE','0','','算法','三级难度','2019-01-01 17:03:02',1000,65536,0,'N',0,0,0),(1096,'字符串的修改','<p>设A和B是两个字符串。我们要用最少的字符操作次数，将字符串A转换为字符串B。这里所说的字符操作共有三种： <br />\n<br />\n1. 删除一个字符； <br />\n2. 插入一个字符； <br />\n3. 将一个字符改为另一个字符。 <br />\n对任给的两个字符串A和B，计算出将字符串A变换为字符串B所用的最少字符操作次数。</p>','<p><font size=\"3\" face=\"Times New Roman\">第一行为字符串A；第二行为字符串B；字符串A和B的长度均小于200。 </font></p>','<p>只有一个正整数，为最少字符操作次数。</p>','sfdxbqw\ngfdgw\n\n','4\n','0','','算法','三级难度','2019-01-01 17:03:02',1,128,0,'N',0,0,0),(1097,'字符串问题','<p><font face=\"Times New Roman\" size=\"3\">字符串处理在计算机中有很多复杂的操作，但是这些复杂的操作都是由基本的字符串操作复合而成，要求编写一字符串颠倒的程序，把字符串中的字符颠倒位置。</font></p>','<p><font face=\"Times New Roman\" size=\"3\">输入一字符串（&lt;255）</font></p>','<p><font face=\"Times New Roman\" size=\"3\">按位进行颠倒的结果。</font></p>','COMPUTER\n','RETUPMOC','0','','算法','三级难度','2019-01-01 17:03:02',1,128,0,'N',0,0,0),(1098,'字符排列问题','<p><font size=\"3\" face=\"Times New Roman\">有n个字母，列出由该字母组成的字符串的全排列（相同的排列只计一次）。</font></p>','<p><font face=\"Times New Roman\">第一行输入是字母个数n，1&lt;=n&lt;=20。接下来一行输入的是待排列的n个字母。</font></p>','<p><font size=\"3\" face=\"Times New Roman\">计算出的n 个字母的所有不同排列总数</font></p>','4\naacc\n\n','6','0','','算法','三级难度','2019-01-01 17:03:02',1,128,0,'N',0,0,0),(1099,'孤独的骑士','<p><font face=\"Times New Roman\" size=\"3\">任务很简单. 确定国际象棋棋盘上处于骑士攻击之下的格子个数. 棋盘上没有其它棋子. 骑士的走法: 横(纵)向走两个格, 再纵(横)向走一个格(类似于中国象棋中的马).</font></p>','<p><font face=\"Times New Roman\" size=\"3\">第一行为测试次数N, 1 &le; N &le; 100. <br />\n后面N行每行包含一个坐标表示骑士的位置. <br />\n字母表示横向位置, 数字表示纵向位置. <br />\n</font></p>','<p><font face=\"Times New Roman\" size=\"3\">输出N行. 每行一个整数, 表示骑士可攻击的格子个数.</font></p>','3\na1\nd4\ng6\n\n','2\n8\n6\n\n','0','','算法','三级难度','2019-01-01 17:03:02',1,128,0,'N',0,0,0),(1100,'密码截获','<p><font size=\"3\" face=\"Times New Roman\">Catcher是MCA国的情报员，他工作时发现敌国会用一些对称的密码 进行通信，比如像这些ABBA，ABA，A，123321，但是他们有时会在开始或结束时加入一些无关的字符以防止别国破解。比如进行下列变化 ABBA-&gt;12ABBA,ABA-&gt;ABAKK,123321-&gt;51233214　。因为截获的串太长了，而且存在多种可能的情况 （abaaab可看作是aba,或baaab的加密形式），Cathcer的工作量实在是太大了，他只能向电脑高手求助，你能帮Catcher找出最长的 有效密码串吗？ </font></p>','<p><font size=\"3\" face=\"Times New Roman\">测试数据有若干行字符串，包括字母，数字，符号。（字母区分大小写） </font></p>','<p><font size=\"3\" face=\"Times New Roman\">与输入相对应每一行输出一个整数，代表最长有效密码串的长度。</font></p>','ABBA\n12ABBA\nA\nABAKK\n51233214\nabaaab','4\n4\n1\n3\n6\n5','0','','算法','三级难度','2019-01-01 17:03:02',1,128,0,'N',0,0,0),(1101,'小明A+B','<p><font size=\"3\" face=\"Times New Roman\">小明今年3岁了, 现在他已经能够认识100以内的非负整数,  并且能够进行100以内的非负整数的加法计算. 对于大于等于100的整数, 小明仅保留该数的最后两位进行计算, 如果计算结果大于等于100,  那么小明也仅保留计算结果的最后两位. 例如, 对于小明来说: 1) 1234和34是相等的 2) 35+80=15 给定非负整数A和B,  你的任务是代表小明计算出A+B的值.</font></p>','<p><font size=\"3\" face=\"Times New Roman\">输入数据的第一行为一个正整数T, 表示测试数据的组数. 然后是T组测试数据. 每组测试数据包含两个非负整数A和B(A和B均在int型可表示的范围内). </font></p>','<p><font size=\"3\" face=\"Times New Roman\">对于每组测试数据, 输出小明A+B的结果.</font></p>','2\n35 80\n15 1152','15\n67','0','','算法','三级难度','2019-01-01 17:03:02',1,128,0,'N',0,1,0),(1102,'平方和与立方和','<p><font size=\"3\" face=\"Times New Roman\">给定一段连续的整数，求出他们中所有偶数的平方和以及所有奇数的立方和。</font></p>','<p><font size=\"3\" face=\"Times New Roman\">输入数据包含多组测试实例，每组测试实例包含一行，由两个整数m和n组成。</font></p>','<p><font size=\"3\" face=\"Times New Roman\">对于每组输入数据，输出一行，应包括两个整数x和y，分别表示该段连续的整数中所有偶数的平方和以及所有奇数的立方和。 <br />\n你可以认为32位整数足以保存结果。</font></p>','1 3\n2 5\n\n','4 28\n20 152\n\n','0','','算法','三级难度','2019-01-01 17:03:02',1,128,0,'N',0,0,0),(1103,'年会','<p><font size=\"3\" face=\"Times New Roman\">背景  <br />\n某大学校长准备开一次年会. 该校的员工具有等级结构, 即师生关系构成一棵树, 以校长为树根. 员工号是1到N之间的整数. 人事部门把所有员工按活跃度排序. 为了让年会使所有参加者都玩的高兴, 校长不想让任何一个员工和他/她的直接导师同时被邀请.  <br />\n<br />\n你的任务是列一张客人名单, 以使客人活跃度最大. </font></p>','<p><font size=\"3\" face=\"Times New Roman\">第1行是一个整数N. 1 &le; N &le; 6000.  <br />\n接着的N行包含相应员工的活跃度.活跃度是一个-128到127之间的整数.  <br />\n其后是师生关系表. 每行有如下形式:  <br />\nL K  <br />\n表示第K个员工是第L个的直接导师.  <br />\n输入以  <br />\n0 0  <br />\n结束.</font></p>','<p><font size=\"3\" face=\"Times New Roman\">输出是客人最大总活跃度.</font></p>','7\n1\n1\n1\n1\n1\n1\n1\n1 3\n2 3\n6 4\n7 4\n4 5\n3 5\n0 0','5','0','','算法','三级难度','2019-01-01 17:03:02',1,128,0,'N',0,1,0),(1104,'幸运儿','<p><font size=\"3\" face=\"Times New Roman\">n 个人围成一圈, 并依次编号1～n，。从编号为1 的人开始，按顺时针方向每隔一人选出一个，剩下的人重新围成一圈，如此循环直到剩下两人，这剩下的两人就是幸运儿。如果你想成为最后两个幸运儿，请问开始时应该站在什么位置？（设3&lt;=n&lt;=50） </font></p>','<p><font size=\"3\" face=\"Times New Roman\">有多个测试序列。每行是开始时的人数n </font></p>','<p>第1 行是选出顺序，第2 行是两名幸运儿的开始位置（按升序排列），位置编号之间用一个空格分开。</p>','12\n20\n45\n\n','2 4 6 8 10 12 3 7 11 5 \n1 9\n2 4 6 8 10 12 14 16 18 20 3 7 11 15 19 5 13 9 \n1 17\n2 4 6 8 10 12 14 16 18 20 22 24 26 28 30 32 34 36 38 40 42 44 3 7 11 15 19 23 27 31 35 39 43 5 13 21 29 37 45 9 25 41 17 \n1 33 \n\n','0','','算法','三级难度','2019-01-01 17:03:03',1,128,0,'N',0,0,0),(1105,'开心的金明','<p><font size=\"3\" face=\"Times New Roman\">金明今天很开心，家里购置的新房就要领钥匙了，新房里有一间他自己专用的 很宽敞的房间。更让他高兴的是，妈妈昨天对他说：&ldquo;你的房间需要购买哪些物品，怎么布置，你说了算，只要不超过N元钱就行&rdquo;。今天一早金明就开始做预算， 但是他想买的东西太多了，肯定会超过妈妈限定的N元。于是，他把每件物品规定了一个重要度，分为5等：用整数1~5表示，第5等最重要。他还从因特网上查 到了每件物品的价格（都是整数元）。他希望在不超过N元（可以等于N元）的前提下，使每件物品的价格与重要度的乘积的总和最大。  <br />\n<br />\n设第j件物品的价格为v[j]，重要度为w[j]，共选中了k件物品，编号依次为j1，j2，&hellip;&hellip;，jk，则所求的总和为：  <br />\nv[j1]*w[j1]+v[j2]*w[j2]+ &hellip;+v[jk]*w[jk]。（其中*为乘号）  <br />\n<br />\n请你帮助金明设计一个满足要求的购物单。  </font></p>','<p><font size=\"3\" face=\"Times New Roman\">第1行，为两个正整数，用一个空格隔开：  <br />\nN m  <br />\n（其中N（&lt;30000）表示总钱数，m（&lt;25）为希望购买物品的个数。）  <br />\n从第2行到第m+1行，第j行给出了编号为j-1的物品的基本数据，每行有2个非负整数  <br />\nv p  <br />\n（其中v表示该物品的价格(v&lt;=10000)，p表示该物品的重要度(1~5)）  </font></p>','<p><font size=\"3\" face=\"Times New Roman\">只有一个正整数，为不超过总钱数的物品的价格与重要度乘积的总和的最大值（&lt;100000000）。</font></p>','1000 5\n800 2\n400 5\n300 5\n400 3\n200 2','3900','0','','算法','三级难度','2019-01-01 17:03:03',1,128,0,'N',0,0,0),(1106,'恺撒密码','<p><font face=\"Times New Roman\" size=\"3\">恺撒生活在充满危险和阴谋的时代. 恺撒面对的最困难的问题是生存. 为了生存, 他决定创造一种密码. 这种密码听起来难以置信, 如果不知 <br />\n<br />\n道方法, 没有人可以破解. <br />\n<br />\n你是恺撒军队的一个上尉. 你的工作是解密消息并将之提供给将军. 密码很简单. 对明文的每个字母右移5个位置以创建密文 (如字母\'A\', 密 <br />\n<br />\n文是\'F\'). <br />\n有如下对应: <br />\n<br />\n密文 <br />\nA B C D E F G H I J K L M N O P Q R S T U V W X Y Z <br />\n<br />\n明文 <br />\nV W X Y Z A B C D E F G H I J K L M N O P Q R S T U <br />\n<br />\n只有字母需要移位, 其它字符保持不变, 所有字母均是大写. <br />\n</font></p>','<p><font face=\"Times New Roman\" size=\"3\">输入为至多100组数据. 每组数据有如下格式, 中间无空行. <br />\n<br />\n一组数据有3部分: <br />\n<br />\n起始行 - 单独一行: &quot;START&quot; <br />\n密文 - 单独一行, 包含1到200个字符, 组成恺撒的消息. <br />\n结束行 - 单独一行: &quot;END&quot; <br />\n<br />\n最后一组输入是单独一行: &quot;ENDOFINPUT&quot;. </font></p>','<p><font face=\"Times New Roman\">对每组数据有一行输出. 即恺撒的原始消息. </font></p>','START\nNS BFW, JAJSYX TK NRUTWYFSHJ FWJ YMJ WJXZQY TK YWNANFQ HFZXJX\nEND\nSTART\nN BTZQI WFYMJW GJ KNWXY NS F QNYYQJ NGJWNFS ANQQFLJ YMFS XJHTSI NS WTRJ\nEND\nSTART\nIFSLJW PSTBX KZQQ BJQQ YMFY HFJXFW NX RTWJ IFSLJWTZX YMFS MJ\nEND\nENDOFINPUT\n\n','IN WAR, EVENTS OF IMPORTANCE ARE THE RESULT OF TRIVIAL CAUSES\nI WOULD RATHER BE FIRST IN A LITTLE IBERIAN VILLAGE THAN SECOND IN ROME\nDANGER KNOWS FULL WELL THAT CAESAR IS MORE DANGEROUS THAN HE\n\n','0','','算法','三级难度','2019-01-01 17:03:03',1,128,0,'N',0,0,0),(1107,'愚蠢的摄影师','<p><font face=\"Times New Roman\" size=\"3\">背景 <br />\n&quot;如果两个人相差一秒出生, 其中一个是小孩, 那么另一个也是小孩. 由此可以推论, 所有人均是小孩.&quot; <br />\n<br />\n问题 <br />\n数计系是一个由N个人组成的大家庭, 分别为1, 2, 3, ..., N岁. <br />\n<br />\n有一次系主任想为全系拍张合照. 需要所有学生站成一排. <br />\n起先他想按他们的岁数从小到大安排, 但后来又觉得这样不自然. <br />\n于是他建议按如下方案站排: <br />\n1岁的在最左边. <br />\n每相邻两人不得相差超过2岁. <br />\n<br />\n这样学生的岁数看起来显得很平均(25岁和27岁的人差别很难看出). <br />\n存在多种方案满足此要求. <br />\n摄影师不想违反系主任的意愿, 就为每种可能的安排分别拍了一张照片. <br />\n</font></p>','<p><font face=\"Times New Roman\" size=\"3\">整数N, 1&lt;=N&lt;=55.</font></p>','<p><font face=\"Times New Roman\" size=\"3\">所拍照片张数.</font></p>','4','4\n','0','<p><font face=\"Times New Roman\" size=\"3\">若N=4, 则有4种可能的安排: (1,2,3,4), (1,2,4,3), (1,3,2,4) and (1,3,4,2).</font></p>','算法','三级难度','2019-01-01 17:03:03',1,128,0,'N',0,0,0),(1108,'成绩转换','<p><font face=\"Times New Roman\">输入一个百分制的成绩t，将其转换成对应的等级，具体转换规则如下： <br />\n90~100为A; <br />\n80~89为B; <br />\n70~79为C; <br />\n60~69为D; <br />\n0~59为E; </font><br />\n</p>','<p><font size=\"3\" face=\"Times New Roman\">输入数据有多组，每组占一行，由一个整数组成。</font></p>','<p><font size=\"3\" face=\"Times New Roman\">对于每组输入数据，输出一行。如果输入数据不在0~100范围内，请输出一行：&ldquo;Score is error!&rdquo;。</font></p>','56\n67\n100\n123\n\n','E\nD\nA\nScore is error!\n\n','0','','算法','三级难度','2019-01-01 17:03:03',1,128,0,'N',0,0,0),(1109,'换位置','<p><font size=\"3\" face=\"Times New Roman\">M个人围成一圈，每分钟相邻的两个人可以交换位置（只能有一对交换）。求使M个人的顺序颠倒（即每个人左边相邻的人换到右边，右边相邻的人换到左边）所需的最少时间（分钟数）。</font></p>','<p><font size=\"3\" face=\"Times New Roman\">第一行为测试数据的组数n，以后n行中每行为一个小于32767的正整数，表示M</font></p>','<p><font size=\"3\" face=\"Times New Roman\">对于每组测试数据，输出一个数，表示最少需要的分钟数。</font></p>','3\n4\n5\n6\n','2\n4\n6\n\n','0','','算法','三级难度','2019-01-01 17:03:03',1,128,0,'N',0,0,0),(1110,'排列','<p><font size=\"3\" face=\"Times New Roman\">Ray又对数字的列产生了兴趣: 现有四张卡片，用这四张卡片能排列出很多不同的4位数，要求按从小到大的顺序输出这些4位数。</font></p>','<p><font size=\"3\" face=\"Times New Roman\">第一行是一个整数N，表示数据的组数。每组数据占一行，代表四张卡片上的数字（保证四个数字都不同，且0&lt;数字&lt;10）。</font></p>','<p><font size=\"3\" face=\"Times New Roman\">对每组卡片按从小到大的顺序输出所有能由这四张卡片组成的4位数，千位数字相同的在同一行，同一行中每个四位数间用空格分隔，每组输出数据间空一行，最后一组数据后面没有空行。</font></p>','2\n1 2 3 4\n1 2 3 5','1234 1243 1324 1342 1423 1432\n2134 2143 2314 2341 2413 2431\n3124 3142 3214 3241 3412 3421\n4123 4132 4213 4231 4312 4321\n\n1235 1253 1325 1352 1523 1532\n2135 2153 2315 2351 2513 2531\n3125 3152 3215 3251 3512 3521\n5123 5132 5213 5231 5312 5321','0','','算法','三级难度','2019-01-01 17:03:03',1,128,0,'N',0,2,0),(1111,'数列','<p><font size=\"3\" face=\"Times New Roman\">给定一个正整数k(3&le;k&le;15),把所有k的方幂及所有有限个互不相等的k的方幂之和构成一个递增的序列，例如，当k=3时，这个序列是：  <br />\n1，3，4，9，10，12，13，&hellip;  <br />\n（该序列实际上就是：3^0，3^1，3^0+3^1，3^2，3^0+3^2，3^1+3^2，3^0+3^1+3^2，&hellip;）  <br />\n请你求出这个序列的第N项的值（用10进制数表示）。  <br />\n例如，对于k=3，N=100，正确答案应该是981。  </font></p>','<p><font size=\"3\" face=\"Times New Roman\">只有1行，为2个正整数，用一个空格隔开：  <br />\nk N  <br />\n（k、N的含义与上述的问题描述一致，且3&le;k&le;15，10&le;N&le;1000）。 </font></p>','<p><font size=\"3\" face=\"Times New Roman\">计算结果，是一个正整数（在所有的测试数据中，结果均不超过2.1*10^9）。（整数前不要有空格和其他符号）。</font></p>','3 100','981','0','','算法','三级难度','2019-01-01 17:03:03',1,128,0,'N',0,0,0),(1112,'数列排序','<p><font size=\"3\" face=\"Times New Roman\">将一正整数序列{K1,K2,...,K9}重新排列成一个新的序列。新序列中，比K1小的数都在K1的前面(左面)，比K1大的数都在K1的后面(右面)。</font></p>','<p><font size=\"3\" face=\"Times New Roman\">输入有多行,第一行为N表示行数,每行9个整数.</font></p>','<p><font size=\"3\" face=\"Times New Roman\">输出N行,按要求进行排序的结果.</font></p>','2\n6 8 9 1 2 5 4 7 3\n3 5 8 9 1 2 6 4 7\n\n','3 4 5 2 1 6 8 9 7\n2 1 3 5 8 9 6 4 7\n\n','0','','算法','三级难度','2019-01-01 17:03:03',1,128,0,'N',0,0,0),(1113,'数列有序','<p>有n(n&lt;=100)个整数，已经按照从小到大顺序排列好，现在另外给一个整数x，请将该数插入到序列中，并使新的序列仍然有序。</p>','<p><font size=\"3\" face=\"Times New Roman\">输入数据包含多个测试实例，每组数据由两行组成，第一行是n和m，第二行是已经有序的n个数的数列。n和m同时为0标示输入数据的结束，本行不做处理。</font></p>','<p><font size=\"3\" face=\"Times New Roman\">对于每个测试实例，输出插入新的元素后的数列。</font></p>','3 3\n1 2 4\n0 0\n\n','1 2 3 4\n','0','','算法','三级难度','2019-01-01 17:03:03',1,128,0,'N',0,0,0),(1114,'数列问题','<p><font face=\"Times New Roman\" size=\"3\">已知一个数列的前3个数为3，4，5，以后每个数为前3个数的和，编程序求此数列的第N项</font></p>','<p><font face=\"Times New Roman\" size=\"3\">输入N(N&lt;=35)</font></p>','<p><font face=\"Times New Roman\" size=\"3\">求出第N项的值</font></p>','28\n','25527448\n','0','','算法','三级难度','2019-01-01 17:03:03',1,128,0,'N',0,0,0),(1115,'数字统计','<p><font face=\"Times New Roman\" size=\"3\">一本书的页码从自然数1 开始顺序编码直到自然数n。书的页码按照通常的习惯编排，  <br />\n每个页码都不含多余的前导数字0。例如，第6 页用数字6 表示，而不是06 或006 等。数  <br />\n字计数问题要求对给定书的总页码n，计算出书的全部页码中分别用到多少次数字0，1， <br />\n2，&hellip;，9。</font></p>','<p><font face=\"Times New Roman\" size=\"3\">给出表示书的总页码的整数n（1&le;n&le;2^31-1）</font></p>','<p><font face=\"Times New Roman\" size=\"3\">输出10行，在第k行输出页码中用到数字k-1 的次数，k=1，2，&hellip;，10。</font></p>','11\n','1\n4\n1\n1\n1\n1\n1\n1\n1\n1','0','','数学题','二级难度','2019-01-01 17:03:03',1,128,0,'N',0,0,0),(1116,'敲七','<p><font face=\"Times New Roman\" size=\"3\">输出7和7的倍数，还有包含7的数字例如（17，27，37...70，71，72，73...）</font></p>','<p><font face=\"Times New Roman\" size=\"3\">一个整数N。(N不大于30000) </font></p>','<p><font face=\"Times New Roman\" size=\"3\">统计出不大于N的与7有关的数字的个数。如20以内与7有关的数为7、14、17共3个。</font></p>','20\n','3\n','0','','数学题','二级难度','2019-01-01 17:03:03',1,128,0,'N',0,0,0),(1117,'整除的尾数','<p><font size=\"3\" face=\"Times New Roman\">一个整数，只知道前几位，不知道末二位，被另一个整数除尽了，那么该数的末二位该是什么呢</font></p>','<p><font size=\"3\" face=\"Times New Roman\">输入数据有若干组，每组数据包含二个整数a，b（0＜a＜10000, 10＜b＜100），若遇到0 0则处理结束</font></p>','<p><font size=\"3\" face=\"Times New Roman\">对应每组数据，将满足条件的所有尾数在一行内输出，格式见样本输出。同组数据的输出，其每个尾数之间空一格，行末没有空格。</font></p>','200 40\n1992 95\n0 0','00 40 80\n15\n','0','','数学题','二级难度','2019-01-01 17:03:03',1,128,0,'N',0,0,0),(1118,'文科生的悲哀','<p><font size=\"3\" face=\"Times New Roman\">化学不及格的Matrix67无奈选择了文科。他必须硬着头皮准备一次又一次的文科考试。  <br />\n在这一学期一共有n次文科考试，考试科目有4种，分别为政治、历史、地理和综合。每次考哪一科是不定的，因此在考试前Matrix67不知道应该 去复习哪一科的功课。他希望能预测出下一次可能考的科目。于是，他收集到了以往的文科考试的资料。从以往的考试中，他发现了这样几个规律：  <br />\n1.如果这次考的是政治，那么下一次一定会考历史；  <br />\n2.如果这次考的是综合，那么下一次一定会考地理；  <br />\n3.如果这次考的是历史，那么下一次要么考政治，要么考地理；  <br />\n4.如果这次考的是地理，那么下一次要么考历史，要么考综合。  <br />\nMatrix67已经知道，本学期的第一次考试科目为政治。他打算拟定一个可以应对所有可能情况的应考复习计划。因此，他想知道，整个学期有多少种可能的考试科目安排满足以上规律。你能帮他算出来吗？</font></p>','<p><font size=\"3\" face=\"Times New Roman\">一个正整数n，代表本学期总的考试次数。（输入数据保证n&lt;=10000） </font></p>','<p><font size=\"3\" face=\"Times New Roman\">一个正整数，表示符合规律的科目安排方案的总数。  <br />\n考虑到这个结果可能会很大，因此你只需要输出它mod 7654321的值即可。</font></p>','5','5','0','','数学题','二级难度','2019-01-01 17:03:03',1,128,0,'N',0,0,0),(1119,'方砖问题','<p><span style=\"color: rgb(0, 0, 0); font-family: \'Times New Roman\'; font-style: normal; font-variant: normal; font-weight: normal; letter-spacing: normal; line-height: normal; orphans: 2; text-align: -webkit-auto; text-indent: 0px; text-transform: none; white-space: normal; widows: 2; word-spacing: 0px; -webkit-text-decorations-in-effect: none; -webkit-text-size-adjust: auto; -webkit-text-stroke-width: 0px; font-size: medium; \" class=\"Apple-style-span\">用边长小于N的正方形方砖（注意，不要求所有的方砖大小相同，请看样例说明）不重叠地铺满N*N的正方形房间，最少要几块方砖。</span></p>','<p><span style=\"color: rgb(0, 0, 0); font-family: \'Times New Roman\'; font-style: normal; font-variant: normal; font-weight: normal; letter-spacing: normal; line-height: normal; orphans: 2; text-align: -webkit-auto; text-indent: 0px; text-transform: none; white-space: normal; widows: 2; word-spacing: 0px; -webkit-text-decorations-in-effect: none; -webkit-text-size-adjust: auto; -webkit-text-stroke-width: 0px; font-size: medium; \" class=\"Apple-style-span\">第一行是一个整数T,表示测试数据的组数,接下来的T 行，每一行是一个N(2&lt;=N&lt;=100)</span></p>','<p><span style=\"color: rgb(0, 0, 0); font-family: \'Times New Roman\'; font-style: normal; font-variant: normal; font-weight: normal; letter-spacing: normal; line-height: normal; orphans: 2; text-align: -webkit-auto; text-indent: 0px; text-transform: none; white-space: normal; widows: 2; word-spacing: 0px; -webkit-text-decorations-in-effect: none; -webkit-text-size-adjust: auto; -webkit-text-stroke-width: 0px; font-size: medium; \" class=\"Apple-style-span\">对于每一组测试数据输出一行，为最少需要的块数。</span></p>','2 \n4 \n5','4 \n8','0','<p><span style=\"color: rgb(0, 0, 0); font-family: \'Times New Roman\'; font-style: normal; font-variant: normal; font-weight: normal; letter-spacing: normal; line-height: normal; orphans: 2; text-align: -webkit-auto; text-indent: 0px; text-transform: none; white-space: normal; widows: 2; word-spacing: 0px; -webkit-text-decorations-in-effect: none; -webkit-text-size-adjust: auto; -webkit-text-stroke-width: 0px; font-size: medium; \" class=\"Apple-style-span\">当N＝4时<span class=\"Apple-converted-space\">&nbsp;</span><br />\n最优的铺砖方法<span class=\"Apple-converted-space\">&nbsp;</span><br />\nAABB<span class=\"Apple-converted-space\">&nbsp;</span><br />\nAABB<span class=\"Apple-converted-space\">&nbsp;</span><br />\nCCDD<span class=\"Apple-converted-space\">&nbsp;</span><br />\nCCDD<span class=\"Apple-converted-space\">&nbsp;</span><br />\nA，B，C，D为四块方砖的代号。<span class=\"Apple-converted-space\">&nbsp;</span><br />\n其他的铺砖方法，例如：<span class=\"Apple-converted-space\">&nbsp;</span><br />\nAAAB<span class=\"Apple-converted-space\">&nbsp;</span><br />\nAAAC<span class=\"Apple-converted-space\">&nbsp;</span><br />\nAAAD<span class=\"Apple-converted-space\">&nbsp;</span><br />\nEFGH<span class=\"Apple-converted-space\">&nbsp;</span><br />\n需要的8块方砖，不是最少的。<span class=\"Apple-converted-space\"> </span><br />\n</span></p>','数学题','二级难度','2019-01-01 17:03:03',1,128,0,'N',0,0,0),(1120,'日期排序','<p><font size=\"3\" face=\"Times New Roman\">有一些日期，日期格式为&ldquo;MM/DD/YYYY&rdquo;。编程将其按日期大小排列。</font></p>','','','15/12/1999\n10/21/2003\n10/22/2003\n02/12/2004\n11/30/2005\n12/31/2005\n','15/12/1999\n10/21/2003\n10/22/2003\n02/12/2004\n11/30/2005\n12/31/2005\n','0','','数学题','二级难度','2019-01-01 17:03:03',1,128,0,'N',0,0,0),(1121,'明明的随机数','<p><font face=\"Times New Roman\" size=\"3\">明明想在学校中请一些同学一起做一项问卷调查，为了实验的客观性，他先用计算机生成了N个1到1000之间的随机整数（N&le;100），对于其中重复的数字，只保留一个，把其余相同的数去掉，不同的数对应着不同的学生的学号。然后再把这些数从小到大排序，按照排好的顺序去找同学做调查。请你协助明明完成&ldquo;去重&rdquo;与&ldquo;排序&rdquo;的工作。</font></p>','<p><font face=\"Times New Roman\" size=\"3\">有2行，第1行为1个正整数，表示所生成的随机数的个数： <br />\nN <br />\n第2行有N个用空格隔开的正整数，为所产生的随机数。 <br />\n</font></p>','<p><font face=\"Times New Roman\" size=\"3\">也是2行，第1行为1个正整数M，表示不相同的随机数的个数。第2行为M个用空格隔开的正整数，为从小到大排好序的不相同的随机数。</font></p>','10\n20 40 32 67 40 20 89 300 400 15\n\n','8\n15 20 32 40 67 89 300 400\n\n','0','','数学题','二级难度','2019-01-01 17:03:03',1,128,0,'N',0,0,0),(1122,'最多约数问题','<p><font face=\"Times New Roman\" size=\"3\">正整数x 的约数是能整除x 的正整数。正整数x  的约数个数记为div(x)。例如，1，2， <br />\n5，10 都是正整数10 的约数，且div(10)=4。设a 和b 是2 个正整数，a&le;b，找出a 和b  <br />\n之间约数个数最多的数x <br />\n</font></p>','<p><font face=\"Times New Roman\" size=\"3\">输入2 个正整数a&le;b，编程计算a 和b  之间约数个数最多的数。</font></p>','<p><font face=\"Times New Roman\" size=\"3\">程序运行结束时，找到a 和b  之间约数个数最多的数是x，将div(x)输出</font></p>','1 36\n','9\n','0','','数学题','二级难度','2019-01-01 17:03:03',1,128,0,'N',0,0,0),(1123,'最小公倍数','<p><font size=\"3\" face=\"Times New Roman\">两个正整数，计算这两个数的最小公倍数</font></p>','<p><font size=\"3\" face=\"Times New Roman\">输入数据只有一行，包括两个不大于1000的正整数.</font></p>','<p><font size=\"3\" face=\"Times New Roman\">输出数据也只有一行，给出这两个数的最小公倍数。</font></p>','10 14','70','0','','数学题','二级难度','2019-01-01 17:03:03',1,128,0,'N',0,0,0),(1124,'最小重量机器设计问题','<p><span style=\"color: rgb(0, 0, 0); font-family: \'Times New Roman\'; font-style: normal; font-variant: normal; font-weight: normal; letter-spacing: normal; line-height: normal; orphans: 2; text-align: -webkit-auto; text-indent: 0px; text-transform: none; white-space: normal; widows: 2; word-spacing: 0px; -webkit-text-decorations-in-effect: none; -webkit-text-size-adjust: auto; -webkit-text-stroke-width: 0px; font-size: medium; \" class=\"Apple-style-span\">设某一机器由n个部件组成，每一种部件都可以从m个不同的供应商处购得。设Wij 是<span class=\"Apple-converted-space\">&nbsp;</span><br />\n从供应商j处购得的部件i的重量，Cij 是相应的价格。<span class=\"Apple-converted-space\">&nbsp;</span><br />\n试设计一个算法，给出总价格不超过c的最小重量机器设计。<span class=\"Apple-converted-space\">&nbsp;</span><br />\n&prime;编程任务：<span class=\"Apple-converted-space\">&nbsp;</span><br />\n对于给定的机器部件重量和机器部件价格，编程计算总价格不超过d的最小重量机器设<span class=\"Apple-converted-space\">&nbsp;</span><br />\n计。<span class=\"Apple-converted-space\"> </span><br />\n</span></p>','<p><span style=\"color: rgb(0, 0, 0); font-family: \'Times New Roman\'; font-style: normal; font-variant: normal; font-weight: normal; letter-spacing: normal; line-height: normal; orphans: 2; text-align: -webkit-auto; text-indent: 0px; text-transform: none; white-space: normal; widows: 2; word-spacing: 0px; -webkit-text-decorations-in-effect: none; -webkit-text-size-adjust: auto; -webkit-text-stroke-width: 0px; font-size: medium; \" class=\"Apple-style-span\">第一行有 3 个正整数 n ，m和 d。接下来的 2n 行，每<span class=\"Apple-converted-space\">&nbsp;</span><br />\n行m个数。前n行是c，后n行是w。</span></p>','<p><span style=\"color: rgb(0, 0, 0); font-family: \'Times New Roman\'; font-style: normal; font-variant: normal; font-weight: normal; letter-spacing: normal; line-height: normal; orphans: 2; text-align: -webkit-auto; text-indent: 0px; text-transform: none; white-space: normal; widows: 2; word-spacing: 0px; -webkit-text-decorations-in-effect: none; -webkit-text-size-adjust: auto; -webkit-text-stroke-width: 0px; font-size: medium; \" class=\"Apple-style-span\">将计算出的最小重量，以及每个部件的供应商输出</span></p>','3 3 4 \n1 2 3 \n3 2 1 \n2 2 2 \n1 2 3 \n3 2 1 \n2 2 2','4 \n1 3 1 ','0','','数学题','二级难度','2019-01-01 17:03:03',1,128,0,'N',0,0,0),(1125,'杨辉三角','<p><font size=\"3\" face=\"Times New Roman\">还记得中学时候学过的杨辉三角吗？具体的定义这里不再描述，你可以参考以下的图形： <br />\n1 <br />\n1 1 <br />\n1 2 1 <br />\n1 3 3 1 <br />\n1 4 6 4 1 <br />\n1 5 10 10 5 1 <br />\n</font></p>','<p><font size=\"3\" face=\"Times New Roman\">输入数据包含多个测试实例，每个测试实例的输入只包含一个正整数n（1＜=n＜=30），表示将要输出的杨辉三角的层数。</font></p>','<p>对应于每一个输入，请输出相应层数的杨辉三角，每一层的整数之间用一个空格隔开，每一个杨辉三角后面加一个空行。</p>','2 3\n','1\n1 1\n\n1\n1 1\n1 2 1\n\n','0','','数学题','二级难度','2019-01-01 17:03:03',1,128,0,'N',0,0,0),(1126,'查找最大元素','<p><font size=\"3\" face=\"Times New Roman\">对于输入的每个字符串，查找其中的最大字母，在该字母后面插入字符串&ldquo;(max)&rdquo;。</font></p>','<p><font size=\"3\" face=\"Times New Roman\">输入数据包括多个测试实例，每个实例由一行长度不超过100的字符串组成，字符串仅由大小写字母及数字构成</font></p>','<p><font size=\"3\" face=\"Times New Roman\">对于每个测试实例输出一行字符串，输出的结果是插入字符串&ldquo;(max)&rdquo;后的结果，如果存在多个最大的字母，就在每一个最大字母后面都插入&quot;(max)&quot;。</font></p>','abcdefgfedcba\nxxxxx\n','abcdefg(max)fedcba\nx(max)x(max)x(max)x(max)x(max)\n\n','0','','数学题','二级难度','2019-01-01 17:03:03',1,128,0,'N',0,0,0),(1127,'核电站问题','<p><font size=\"3\" face=\"Times New Roman\">一个核电站有N个放核物质的坑，坑排列在一条直线上。如果连续３个坑中放入核物质，则会发生爆炸，于是，在某些坑中可能不放核物质。现在，请你计算：对于给定的N，求不发生爆炸的放置核物质的方案总数。</font></p>','<p><font size=\"3\" face=\"Times New Roman\">输入文件只有多行，每行对应一个正整数N＜＝４０；</font></p>','<p><font size=\"3\" face=\"Times New Roman\">输出文件有多行，每行只有一个正整数，表示方案总数</font></p>','1\n2\n3\n4\n10','2\n4\n7\n13\n504','0','','数学题','二级难度','2019-01-01 17:03:03',1,128,0,'N',0,0,0),(1128,'检查一个数是否为质数','<p><font size=\"3\" face=\"Times New Roman\">输入一个正整数，检查该数是否为质数</font></p>','<p><font size=\"3\" face=\"Times New Roman\">输入一个正整数</font></p>','<p><font size=\"3\" face=\"Times New Roman\">输出Y或者N</font></p>','34','N','0','','数学题','二级难度','2019-01-01 17:03:03',1,128,0,'N',0,0,0),(1129,'检查金币','<p><span style=\"color: rgb(0, 0, 0); font-family: \'Times New Roman\'; font-style: normal; font-variant: normal; font-weight: normal; letter-spacing: normal; line-height: normal; orphans: 2; text-align: -webkit-auto; text-indent: 0px; text-transform: none; white-space: normal; widows: 2; word-spacing: 0px; -webkit-text-decorations-in-effect: none; -webkit-text-size-adjust: auto; -webkit-text-stroke-width: 0px; font-size: medium; \" class=\"Apple-style-span\">ACM公司生产金币的设备出了问题，使得最近生产的10批金币的重量出现了波动：本来金币的标准重量是10克，但现在有的可能是11克，有的可能9克，也有可能是10克。<span class=\"Apple-converted-space\">&nbsp;</span><br />\n现在只知道同一批金币的重量是相同的，你的任务是要把每批的单枚金币的重量找出来。<span class=\"Apple-converted-space\">&nbsp;</span><br />\n你的设备有一个电子秤，但只允许称量一次！<span class=\"Apple-converted-space\">&nbsp;</span><br />\n你从第1批中取1枚金币，第2批取3枚，...第i批取3^(i&minus;1)枚...，第10批取3^9枚，总共29524枚。将这29524枚金币放在电子秤上，得到了总重量，就交给你的程序去！<span class=\"Apple-converted-space\"> </span><br />\n</span></p>','<p><span style=\"color: rgb(0, 0, 0); font-family: \'Times New Roman\'; font-style: normal; font-variant: normal; font-weight: normal; letter-spacing: normal; line-height: normal; orphans: 2; text-align: -webkit-auto; text-indent: 0px; text-transform: none; white-space: normal; widows: 2; word-spacing: 0px; -webkit-text-decorations-in-effect: none; -webkit-text-size-adjust: auto; -webkit-text-stroke-width: 0px; font-size: medium; \" class=\"Apple-style-span\">有多个测试序列，每个测试序列一行，包含一个6位的正整数W(265716&le;W&le;324764)，表示29524枚金币的总重量</span></p>','<p><span style=\"color: rgb(0, 0, 0); font-family: \'Times New Roman\'; font-style: normal; font-variant: normal; font-weight: normal; letter-spacing: normal; line-height: normal; orphans: 2; text-align: -webkit-auto; text-indent: 0px; text-transform: none; white-space: normal; widows: 2; word-spacing: 0px; -webkit-text-decorations-in-effect: none; -webkit-text-size-adjust: auto; -webkit-text-stroke-width: 0px; font-size: medium; \" class=\"Apple-style-span\">每个测试序列输出一行，包含10个用空格分开的正整数，分别表示10批金币的单枚重量，注意行尾没有空格。</span></p>','265716\n324764\n295240','9 9 9 9 9 9 9 9 9 9\n11 11 11 11 11 11 11 11 11 11\n10 10 10 10 10 10 10 10 10 10','0','','数学题','二级难度','2019-01-01 17:03:03',1,128,0,'N',0,0,0),(1130,'母牛生小牛','<p><font face=\"Times New Roman\" size=\"3\">设有一头小母牛，从出生第四年起每年生一头小母牛，按此规律，第N年时有几头母牛？</font></p>','<p><font face=\"Times New Roman\" size=\"3\">输入一个整数N。(1&le;N&le;50)</font></p>','<p><font face=\"Times New Roman\" size=\"3\">第N年时母牛的数量</font></p>','5\n','3\n','0','','数学题','二级难度','2019-01-01 17:03:03',1,128,0,'N',0,0,0),(1131,'求组合数','<p><font face=\"Times New Roman\">组合数的计算虽说简单但也不乏有些陷阱，这主要是因为语言中的数据类型在表示范围上是有限的。更何况还有中间结果溢出的现象，所以千万要小心。</font></p>','<p><font face=\"Times New Roman\">求组合数的数据都是成对（M与N）出现的，每对整数M和N满足0＜m, n&le;20，以EOF结束。</font></p>','<p><font size=\"3\" face=\"Times New Roman\">输出该组合数。每个组合数换行。</font></p>','5 2\n18 13\n','10\n8568\n','0','','数学题','二级难度','2019-01-01 17:03:03',1,128,0,'N',0,0,0),(1132,'演讲大赛评分','<p><span style=\"color: rgb(0, 0, 0); font-family: \'Times New Roman\'; font-style: normal; font-variant: normal; font-weight: normal; letter-spacing: normal; line-height: normal; orphans: 2; text-align: -webkit-auto; text-indent: 0px; text-transform: none; white-space: normal; widows: 2; word-spacing: 0px; -webkit-text-decorations-in-effect: none; -webkit-text-size-adjust: auto; -webkit-text-stroke-width: 0px; font-size: medium; \" class=\"Apple-style-span\">最近&quot;老王&quot;很开心.他在大一的时候参加过数计学院的&ldquo;软件小组&rdquo;。告诉你个秘密，这个小组是个好地方，不但活动精彩而且有MM。<span class=\"Apple-converted-space\">&nbsp;</span><br />\n这不，这个小组举办了一个叫做&ldquo;计算机演讲大赛&rdquo;的节目。这个节目有好多人参加，这不，成绩出来了，&quot;老王&quot;当是很勇敢，自告奋勇接下了算出大家的总得分的任务。<span class=\"Apple-converted-space\">&nbsp;</span><br />\n当时有7个评委，每个评委都要给选手打分，现在要求去掉一个最高分和去掉一个最低分，再算出平均分。结果精确到小数点后两位。<span class=\"Apple-converted-space\"> <br />\n</span></span></p>','<p><span style=\"color: rgb(0, 0, 0); font-family: \'Times New Roman\'; font-style: normal; font-variant: normal; font-weight: normal; letter-spacing: normal; line-height: normal; orphans: 2; text-align: -webkit-auto; text-indent: 0px; text-transform: none; white-space: normal; widows: 2; word-spacing: 0px; -webkit-text-decorations-in-effect: none; -webkit-text-size-adjust: auto; -webkit-text-stroke-width: 0px; font-size: medium; \" class=\"Apple-style-span\">测试数据包括多个实例。<span class=\"Apple-converted-space\">&nbsp;</span><br />\n每组数据包括7个实数，代表评委们对该选手的评分。紧接着是选手的名字，名字的长度不超过30个字符。<span class=\"Apple-converted-space\">&nbsp;</span><br />\n输入直到文件结束。<span class=\"Apple-converted-space\"> <br />\n</span></span></p>','<p><span style=\"color: rgb(0, 0, 0); font-family: \'Times New Roman\'; font-style: normal; font-variant: normal; font-weight: normal; letter-spacing: normal; line-height: normal; orphans: 2; text-align: -webkit-auto; text-indent: 0px; text-transform: none; white-space: normal; widows: 2; word-spacing: 0px; -webkit-text-decorations-in-effect: none; -webkit-text-size-adjust: auto; -webkit-text-stroke-width: 0px; font-size: medium; \" class=\"Apple-style-span\">算出每位选手名字和最终得分，结果保留两位有效数字</span></p>','10 10 10 10 10 10 9 xiaoyuanwang\n0 0 0 0 0 0 0 beast','xiaoyuanwang 10.00\nbeast 0.00','0','','数学题','二级难度','2019-01-01 17:03:03',1,128,0,'N',0,0,0),(1133,'班级人数','<p><font size=\"3\" face=\"Times New Roman\">某班学生参加程序设计大赛，最后结果及格有超过P%但不足Q%的人。现在给你P和Q，你要算出该班最少有多少人。（数据弱了一点，所以好通过）。</font></p>','<p><font size=\"3\" face=\"Times New Roman\">两个实数P，Q。用空格隔开。每个数最多有两位小数。0.00＜＝p＜q＜＝99.99 </font></p>','<p><font size=\"3\" face=\"Times New Roman\">神风堂最少的人数。</font></p>','13    14.1\n67.73 67.92','15\n28','0','','数学题','二级难度','2019-01-01 17:03:03',1,128,0,'N',0,0,0),(1134,'生日日数','<p><font size=\"3\" face=\"Times New Roman\">CCC老师的生日是YY年MM月DD日，他想知道自己出生后第一万天纪念日的日期（出生日算第0天）。</font></p>','<p><font size=\"3\" face=\"Times New Roman\">输入有多行，格式为YY MM DD 其中1949&lt;=YY&lt;=2006，日期绝对合法。</font></p>','<p><font size=\"3\" face=\"Times New Roman\">输出有多行。即CCC老师生日第一万天以后的日期，格式为 &ldquo;Y-M-D&rdquo;。</font></p>','1979 4 16','2006-9-1','0','','数学题','二级难度','2019-01-01 17:03:03',1,128,0,'N',0,0,0),(1135,'盐水的故事','<p><font size=\"3\" face=\"Times New Roman\">挂盐水的时候，如果滴起来有规律，先是滴一滴，停一下；然后滴二滴，停一 下；再滴三滴，停一下...，现在有一个问题：这瓶盐水一共有VUL毫升，每一滴是D毫升，每一滴的速度是一秒（假设最后一滴不到D毫升，则花费的时间也 算一秒），停一下的时间也是一秒这瓶水什么时候能挂完呢？</font></p>','<p><font size=\"3\" face=\"Times New Roman\">输入数据占一行,由VUL和D组成,其中0&lt; D&lt; VUL&lt; 5000。</font></p>','<p><font size=\"3\" face=\"Times New Roman\">请输出挂完盐水需要的时间。</font></p>','10 1','13','0','','数学题','二级难度','2019-01-01 17:03:03',1,128,0,'N',0,0,0),(1136,'矩阵转置','<p><span style=\"color: rgb(0, 0, 0); font-family: \'Times New Roman\'; font-style: normal; font-variant: normal; font-weight: normal; letter-spacing: normal; line-height: normal; orphans: 2; text-align: -webkit-auto; text-indent: 0px; text-transform: none; white-space: normal; widows: 2; word-spacing: 0px; -webkit-text-decorations-in-effect: none; -webkit-text-size-adjust: auto; -webkit-text-stroke-width: 0px; font-size: medium; \" class=\"Apple-style-span\">输入N*N的矩阵，输出它的转置矩阵。</span></p>','<p><span style=\"color: rgb(0, 0, 0); font-family: \'Times New Roman\'; font-style: normal; font-variant: normal; font-weight: normal; letter-spacing: normal; line-height: normal; orphans: 2; text-align: -webkit-auto; text-indent: 0px; text-transform: none; white-space: normal; widows: 2; word-spacing: 0px; -webkit-text-decorations-in-effect: none; -webkit-text-size-adjust: auto; -webkit-text-stroke-width: 0px; font-size: medium; \" class=\"Apple-style-span\">第一行为整数N。<span class=\"Apple-converted-space\">&nbsp;</span><br />\n接着是一个N*N的矩阵。</span></p>','<p><span style=\"color: rgb(0, 0, 0); font-family: \'Times New Roman\'; font-style: normal; font-variant: normal; font-weight: normal; letter-spacing: normal; line-height: normal; orphans: 2; text-align: -webkit-auto; text-indent: 0px; text-transform: none; white-space: normal; widows: 2; word-spacing: 0px; -webkit-text-decorations-in-effect: none; -webkit-text-size-adjust: auto; -webkit-text-stroke-width: 0px; font-size: medium; \" class=\"Apple-style-span\">转置矩阵</span></p>','2\n1 2\n1 2','1 1\n2 2','0','','数学题','二级难度','2019-01-01 17:03:03',1,128,0,'N',0,0,0),(1137,'破解平方数','<p><span style=\"color: rgb(0, 0, 0); font-family: \'Times New Roman\'; font-style: normal; font-variant: normal; font-weight: normal; letter-spacing: normal; line-height: normal; orphans: 2; text-align: -webkit-auto; text-indent: 0px; text-transform: none; white-space: normal; widows: 2; word-spacing: 0px; -webkit-text-decorations-in-effect: none; -webkit-text-size-adjust: auto; -webkit-text-stroke-width: 0px; font-size: medium; \" class=\"Apple-style-span\">给出m个数b1, b2,..., bm,每个数的素数因子都在前t个素数之内，任务是寻找这m个数的非空子集的个数x，使得每个子集的乘积都是一个完全平方数。例如t=3,则前3个素数为2, 3, 5。m=4，这4个数为9, 20, 500, 3， 每个数的素因子都是在前3个素数内，则有x=3个非空子集合{9}， {20， 500}， {9， 20， 500}，满足每个集合内的数的乘积是一个完全平方数，输出这样的集合的个数。</span></p>','<p><span style=\"color: rgb(0, 0, 0); font-family: \'Times New Roman\'; font-style: normal; font-variant: normal; font-weight: normal; letter-spacing: normal; line-height: normal; orphans: 2; text-indent: 0px; text-transform: none; white-space: normal; widows: 2; word-spacing: 0px; font-size: medium;\" class=\"Apple-style-span\">每组测试数据的第一行为两个正整数t, m(1 &le; t &le; 100, 1 &le; m &le; 100) 第二行为m个数， 1 &lt;= bi &lt;= 109 处理至文件结束</span><span style=\"color: rgb(0, 0, 0); font-family: \'Times New Roman\'; font-style: normal; font-variant: normal; font-weight: normal; letter-spacing: normal; line-height: normal; orphans: 2; text-align: -webkit-auto; text-indent: 0px; text-transform: none; white-space: normal; widows: 2; word-spacing: 0px; -webkit-text-decorations-in-effect: none; -webkit-text-size-adjust: auto; -webkit-text-stroke-width: 0px; font-size: medium; \" class=\"Apple-style-span\">每行输出一个整数x，对应每组测试数据</span></p>','<p><span style=\"color: rgb(0, 0, 0); font-family: Simsun; font-style: normal; font-variant: normal; font-weight: normal; letter-spacing: normal; line-height: normal; orphans: 2; text-align: -webkit-auto; text-indent: 0px; text-transform: none; white-space: normal; widows: 2; word-spacing: 0px; -webkit-text-decorations-in-effect: none; -webkit-text-size-adjust: auto; -webkit-text-stroke-width: 0px; font-size: medium; \" class=\"Apple-style-span\">\n<pre><span style=\"color: rgb(0, 0, 0); font-family: \'Times New Roman\'; font-style: normal; font-variant: normal; font-weight: normal; letter-spacing: normal; line-height: normal; orphans: 2; text-align: -webkit-auto; text-indent: 0px; text-transform: none; white-space: normal; widows: 2; word-spacing: 0px; -webkit-text-decorations-in-effect: none; -webkit-text-size-adjust: auto; -webkit-text-stroke-width: 0px; font-size: medium; \" class=\"Apple-style-span\">每行输出一个整数x，对应每组测试数据</span></pre>\n</span></p>','3 4 \n9 20 500 3','3','0','','数学题','二级难度','2019-01-01 17:03:03',1,128,0,'N',0,0,0),(1138,'破解简单密码','<p><span style=\"color: rgb(0, 0, 0); font-family: \'Times New Roman\'; font-style: normal; font-variant: normal; font-weight: normal; letter-spacing: normal; line-height: normal; orphans: 2; text-align: -webkit-auto; text-indent: 0px; text-transform: none; white-space: normal; widows: 2; word-spacing: 0px; -webkit-text-decorations-in-effect: none; -webkit-text-size-adjust: auto; -webkit-text-stroke-width: 0px; font-size: medium; \" class=\"Apple-style-span\">密码是我们生活中非常重要的东东，我们的那么一点不能说的秘密就全靠它了。哇哈哈.<span class=\"Apple-converted-space\">&nbsp;</span><br />\n接下来渊子要在密码之上再加一套密码，虽然简单但也安全。<span class=\"Apple-converted-space\">&nbsp;</span><br />\n假设老王原来一个BBS上的密码为zvbo941987,为了方便记忆，他通过一种算法把这个密码变换成YUANzi1987，这个密码是他的名字和出生年份，怎么忘都忘不了，而且可以明目张胆地放在显眼的地方而不被别人知道真正的密码。<span class=\"Apple-converted-space\">&nbsp;</span><br />\n他是这么变换的，大家都知道手机上的字母： 1--1， abc--2, def--3, ghi--4, jkl--5, mno--6, pqrs--7, tuv--8 wxyz--9, 0--0,就这么简单，老王把密码中出现的小写字母都变成对应的数字，数字和其他的符号都不做变换，声明：密码中没有空格，而密码中出现的大写字母则边成小写之后往后移一位，如：X，先边成小写，再往后移一位，不就是y了嘛，简单吧。记住，z往后移是a哦。</span></p>','<p><span style=\"color: rgb(0, 0, 0); font-family: \'Times New Roman\'; font-style: normal; font-variant: normal; font-weight: normal; letter-spacing: normal; line-height: normal; orphans: 2; text-align: -webkit-auto; text-indent: 0px; text-transform: none; white-space: normal; widows: 2; word-spacing: 0px; -webkit-text-decorations-in-effect: none; -webkit-text-size-adjust: auto; -webkit-text-stroke-width: 0px; font-size: medium; \" class=\"Apple-style-span\">输入包括多个测试数据。输入是一个明文，密码长度不超过100个字符，输入直到文件结尾。<span class=\"Apple-converted-space\"> <br />\n</span></span></p>','<p><span style=\"color: rgb(0, 0, 0); font-family: \'Times New Roman\'; font-style: normal; font-variant: normal; font-weight: normal; letter-spacing: normal; line-height: normal; orphans: 2; text-align: -webkit-auto; text-indent: 0px; text-transform: none; white-space: normal; widows: 2; word-spacing: 0px; -webkit-text-decorations-in-effect: none; -webkit-text-size-adjust: auto; -webkit-text-stroke-width: 0px; font-size: medium; \" class=\"Apple-style-span\">输出渊子真正的密文。</span></p>','YUANzi1987','zvbo941987','0','','数学题','二级难度','2019-01-01 17:03:03',1,128,0,'N',0,0,0),(1139,'神奇的fans','<p><font size=\"3\" face=\"Times New Roman\">传说fans是一个数学天才。在他五岁那年，从一堆数字卡片中选出了4张 卡片：5，7，6，8。这4个数字有什么神秘之处呢？如果把这4张卡片自左往右的排成：5，6，7，8。你就会发现：原来这4个数字构成了等差数列！当年 fans选出了n组卡片，据说都能够构成等差数列。但是事实真的是这样吗？fans真的有这么神奇吗？  n组数据就是fans选出的n组卡片，请你判断每一组卡片是否能构成等差数列.</font></p>','<p><font size=\"3\" face=\"Times New Roman\">第一个数为数据的组数n，表示后面有n行，每行中的第一个数为该组数据的元素个数m（1&le;m&le;100），其后是m个正整数（不会超出int的表示范围）。 </font></p>','<p><font size=\"3\" face=\"Times New Roman\">如果能够构成等差数列，输出&ldquo;yes&rdquo;，否则输出&ldquo;no&rdquo;。</font></p>','2\n4 5 7 6 8\n8 1 7 3 2 8 12 78 3','yes\nno\n','0','','数学题','二级难度','2019-01-01 17:03:03',1,128,0,'N',0,0,0),(1140,'第几天','<p><font face=\"Times New Roman\">给定一个日期，输出这个日期是该年的第几天。</font></p>','<p><font size=\"3\" face=\"Times New Roman\">输入数据有多组，每组占一行，数据格式为YYYY/MM/DD组成，具体参见sample input ,另外，可以向你确保所有的输入数据是合法的。</font></p>','<p><font size=\"3\" face=\"Times New Roman\">对于每组输入数据，输出一行，表示该日期是该年的第几天。</font></p>','1985/1/20\n2006/3/12\n\n','20\n71\n\n','0','','算法','三级难度','2019-01-01 17:03:03',1,128,0,'N',0,0,0),(1141,'筛排处理','<p><font face=\"Times New Roman\">明明想在学校中请一些同学一起做一项问卷调查，为了实验的客观性，他先用计算机生成了N个1到1000之间的随机整数（N&lt;=100），对于其中重复的数字，只保留一个，把其余相同的数去掉，不同的数对应着不同的学生的学号。然后再把这些数从小到大排序，按照排好的顺序去找同学做调查。请你协助明明完成&ldquo;去重&rdquo;与&ldquo;排序&rdquo;的工作</font></p>','<p><font size=\"3\" face=\"Times New Roman\">每组输入数据的第一行含有一个正整数N，表示后面行中有N个随机整数。若N=0，表示处理结束。</font></p>','<p><font size=\"3\" face=\"Times New Roman\">对应每组输入数据，输出一组数据，该数据由单独一行开头，内含一个N，表示后面有N个排好序的整数，整数之间空一格。每组输出数据之间空一行。</font></p>','12\n2 4 6 17 20 40 43 45 60 64 85 98\n17\n35 75 40 61 56 21 85 61 50 83 52 22 44 68 51 80 38\n0\n','12\n2 4 6 17 20 40 43 45 60 64 85 98\n\n16\n21 22 35 38 40 44 50 51 52 56 61 68 75 80 83 85\n\n','0','','算法','三级难度','2019-01-01 17:03:03',1,128,0,'N',0,0,0),(1142,'简单的事情','<p><font size=\"3\" face=\"Times New Roman\">数学天才fans曾经说过一句话：组合数的计算是一件非常简单的事情。组合数的计算真的是一件非常简单的事情吗？请你自己去尝试一下吧！ </font></p>','<p><font size=\"3\" face=\"Times New Roman\">输入中的一些整数对n，m（m&le;n&le;20）</font></p>','<p><font size=\"3\" face=\"Times New Roman\">输出其组合数。</font></p>','5 2\n18 13','10\n8568','0','','算法','三级难度','2019-01-01 17:03:03',1,128,0,'N',0,0,0),(1143,'简单编码','<p><font face=\"Times New Roman\">最近Kingly对编码很感兴趣，于是从网上找了一些编码原则来对字符串做实验。由于Kingly一直很忙，所以希望你这位编程高手来替他解决这个问题。下面是编码原则：（1） 如果访问到字符A，W，F就转化成I；（2） 如果访问到字符C，M，S就分别转化成L，o，v；（3） 如果访问到字符D，P，G，B就转化成e；（4） 如果访问到字符L，X就分别转化成Y，u；（5） 其他字符均保持不变。（6） 遇到END就结束！</font></p>','<p></p>\n<p></p>\n<p></p>','<p></p>\n<p></p>\n<p></p>','A\nCMSD\nLMX\nEND','I\nLove\nYou','0','','算法','三级难度','2019-01-01 17:03:03',1,128,0,'N',0,0,0),(1144,'素数回文','<p><font size=\"3\" face=\"Times New Roman\">小王对既是素数又是回文的数特别感兴趣。比如说151既是素数又是个回文。现在小王想要你帮助他找出某个范围内的素数回文数，请你写个程序找出 a 跟b 之间满足条件的数。(5 &lt;= a &lt; b &lt;= 100,000,000);</font></p>','<p><font size=\"3\" face=\"Times New Roman\">输入a和b</font><font size=\"3\" face=\"Times New Roman\">(5 &lt;= a &lt; b &lt;= 100,000,000)</font></p>','<pre><font size=\"3\" face=\"Times New Roman\">按从小到大输出a，b之间所有满足条件的素数回文数</font></pre>','5 500','5\n7\n11\n101\n131\n151\n181\n191\n313\n353\n373\n383','0','','算法','三级难度','2019-01-01 17:03:03',1,128,0,'N',0,0,0),(1145,'统计字母个数','<p><font face=\"Times New Roman\">给定一段文章，请输出每个字母出现的次数</font></p>','<p><font face=\"Times New Roman\">只有一组输入数据，该数据大小&lt;10KB。在文章中除最后一个字符外，只有小写字母、空格和换行符，没有另外的标点、数字和大写字母等。该文章以&rsquo;#&rsquo;结尾。</font></p>','<p><font face=\"Times New Roman\">输出格式为&ldquo;C A&rdquo;，C为&rsquo;a&rsquo;..&rsquo;z&rsquo;中的字母，A为出现次数，C和A之间空一格</font></p>','here is the input\nthis is the article#\n','a 1\nb 0\nc 1\nd 0\ne 5\nf 0\ng 0\nh 4\ni 5\nj 0\nk 0\nl 1\nm 0\nn 1\no 0\np 1\nq 0\nr 2\ns 3\nt 5\nu 1\nv 0\nw 0\nx 0\ny 0\nz 0\n\n\n','0','','算法','三级难度','2019-01-01 17:03:03',1,128,0,'N',0,0,0),(1146,'统计立方数','<p><font size=\"3\" face=\"Times New Roman\">有一堆正整数，统计其中有多少立方数。</font></p>','<p><font size=\"3\" face=\"Times New Roman\">输入数据有一些正整数，其每个数都小于2^32。若该数为0，则应结束统计。</font></p>','<p><font face=\"Times New Roman\">输出所统计的立方数个数</font></p>','1 3 5 7 9 11 15 17 19 21 23 25 27 0\n','2\n','0','','算法','三级难度','2019-01-01 17:03:03',1,128,0,'N',0,0,0),(1147,'老王赛马','<p><span style=\"color: rgb(0, 0, 0); font-family: \'Times New Roman\'; font-style: normal; font-variant: normal; font-weight: normal; letter-spacing: normal; line-height: normal; orphans: 2; text-align: -webkit-auto; text-indent: 0px; text-transform: none; white-space: normal; widows: 2; word-spacing: 0px; -webkit-text-decorations-in-effect: none; -webkit-text-size-adjust: auto; -webkit-text-stroke-width: 0px; font-size: medium; \" class=\"Apple-style-span\">赛马是一古老的游戏，早在公元前四世纪的中国，处在诸侯割据的状态，历史上称为&ldquo;战国时期&rdquo;。在魏国作官的孙膑，因为受到同僚庞涓的迫害，被齐国使臣救出后，到达齐国国都。<span class=\"Apple-converted-space\">&nbsp;</span><br />\n赛马是当时最受齐国贵族欢迎的娱乐项目。上至国王，下到大臣，常常以赛马取乐，并以重金赌输赢。田忌多次与国王及其他大臣赌输赢，屡赌屡输。一天他赛马又输了，回家后闷闷不乐。孙膑安慰他说：&ldquo;下次有机会带我到马场看看，也许我能帮你。&rdquo;<span class=\"Apple-converted-space\">&nbsp;</span><br />\n孙膑仔细观察后发现，田忌的马和其他人的马相差并不远，只是策略运用不当，以致失败。<span class=\"Apple-converted-space\">&nbsp;</span><br />\n比赛前田忌按照孙膑的主意，用上等马鞍将下等马装饰起来，冒充上等马，与齐王的上等马比赛。第二场比赛，还是按照孙膑的安排，田忌用自己的上等马与国王的中等马比赛，在一片喝彩中，只见田忌的马竟然冲到齐王的马前面，赢了第二场。关键的第三场，田忌的中等马和国王的下等马比赛，田忌的马又一次冲到国王的马前面，结果二比一，田忌赢了国王。<span class=\"Apple-converted-space\">&nbsp;</span><br />\n就是这么简单，现在老王也来赛一赛马。假设每匹马都有恒定的速度，所以速度大的马一定比速度小的马先到终点（没有意外！！）。不允许出现平局。最后谁赢的场数多于一半(不包括一半)，谁就是赢家(可能没有赢家)。老王有N(1&le;N&le;1000)匹马参加比赛。对手的马的数量与渊子马的数量一样，并且知道所有的马的速度。聪明的你来预测一下这场世纪之战的结果，看看老王能否赢得比赛。<span class=\"Apple-converted-space\"> <br />\n</span></span></p>','<p><span style=\"color: rgb(0, 0, 0); font-family: \'Times New Roman\'; font-style: normal; font-variant: normal; font-weight: normal; letter-spacing: normal; line-height: normal; orphans: 2; text-align: -webkit-auto; text-indent: 0px; text-transform: none; white-space: normal; widows: 2; word-spacing: 0px; -webkit-text-decorations-in-effect: none; -webkit-text-size-adjust: auto; -webkit-text-stroke-width: 0px; font-size: medium; \" class=\"Apple-style-span\">输入有多组测试数据。<span class=\"Apple-converted-space\">&nbsp;</span><br />\n每组测试数据包括3行：<span class=\"Apple-converted-space\">&nbsp;</span><br />\n第一行输入N(1&le;N&le;1000)。表示马的数量。<span class=\"Apple-converted-space\">&nbsp;</span><br />\n第二行有N个整型数字，即渊子的N匹马的速度。<span class=\"Apple-converted-space\">&nbsp;</span><br />\n第三行有N个整型数字，即对手的N匹马的速度。<span class=\"Apple-converted-space\">&nbsp;</span><br />\n当N为0时退出。<span class=\"Apple-converted-space\"> <br />\n</span></span></p>','<p><span style=\"color: rgb(0, 0, 0); font-family: \'Times New Roman\'; font-style: normal; font-variant: normal; font-weight: normal; letter-spacing: normal; line-height: normal; orphans: 2; text-align: -webkit-auto; text-indent: 0px; text-transform: none; white-space: normal; widows: 2; word-spacing: 0px; -webkit-text-decorations-in-effect: none; -webkit-text-size-adjust: auto; -webkit-text-stroke-width: 0px; font-size: medium; \" class=\"Apple-style-span\">若通过聪明的你精心安排，如果渊子能赢得比赛，那么输出&ldquo;YES&rdquo;。<span class=\"Apple-converted-space\">&nbsp;</span><br />\n否则输出&ldquo;NO&rdquo;。</span></p>','5\n2 3 3 4 5\n1 2 3 4 5\n4\n2 2 1 2\n2 2 3 1\n0','YES\nNO','0','','算法','三级难度','2019-01-01 17:03:03',1,128,0,'N',0,0,0),(1148,'考试排名','<p><font size=\"3\" face=\"Times New Roman\">C++编程考试使用的实时提交系统，具有即时获得成绩排名的特点。它的功能是怎么实现的呢？  <br />\n我们做好了题目的解答，提交之后，要么&ldquo;AC&rdquo;，要么错误，不管怎样错法，总是给你记上一笔，表明你曾经有过一次错误提交，因而当你一旦提交该题 &ldquo;AC&rdquo;后，就要与你算一算帐了，总共该题错误提交了几回。虽然你在题数上，大步地跃上了一个台阶，但是在耗时上要摊上你共花去的时间。特别是，曾经有过 的错误提交，每次都要摊上一定的单位时间分。这样一来，你在做出的题数上，可能领先别人很多，但是，在做出同样题数的人群中，你可能会在耗时上处于排名的 劣势。  <br />\n例如：某次考试一共8题（A，B，C，D，E，F，G，H），每个人做的题都在对应的题号下有个数量标记，负数表示该学生在该题上有过的错误提交 次数，但到现在还没有AC，正数表示AC所耗的时间，如果正数a跟上一对括号，里面有个整数b，那就表示该学生提交该题AC了，耗去了时间a，同时，曾经 错误提交了b次，因此对于下述输入数据：  <br />\nname A B C D E F G H  <br />\nSmith -1 -16 8 0 0 120 39 0  <br />\nJohn 116 -2 11 0 0 82 55(1) 0  <br />\nJose 72(3) 126 10 -3 0 47 21(2) -2  <br />\nBush 0 -1 -8 0 0 0 0 0  <br />\nAlice -2 67(2) 13 -1 0 133 79(1) -1  <br />\nBob 0 0 57(5) 0 0 168 -7 0  <br />\n若每次错误提交的罚分为20分，则其排名从高到低应该是这样的：  <br />\nJose 5 376  <br />\nJohn 4 284  <br />\nAlice 4 352  <br />\nSmith 3 167  <br />\nBob 2 325  <br />\nBush 0 0 </font></p>','<p><font size=\"3\" face=\"Times New Roman\">输入数据的第一行是考试题数n（1&le;n&le;12）以及单位罚分数 m（10&le;m&le;20），每行数据描述一个学生的用户名（不多于10个字符的字串）以及对所有n道题的答题现状，其描述采用问题描述中的数量标记的格式，见 上面的表格，提交次数总是小于100，AC所耗时间总是小于1000。</font></p>','<p><font size=\"3\" face=\"Times New Roman\">将这些学生的考试现状，输出一个实时排名。实时排名显然先按AC题数的多 少排，多的在前，再按时间分的多少排，少的在前，如果凑巧前两者都相等，则按名字的字典序排，小的在前。每个学生占一行，输出名字（10个字符宽），做出 的题数（2个字符宽，右对齐）和时间分（4个字符宽，右对齐）。名字、题数和时间分相互之间有一个空格。</font></p>','8 20\nSmith     -1      -16     8       0      0      120     39      0\nJohn      116     -2      11      0      0      82      55(1)   0\nJosephus  72(3)   126     10      -3     0      47      21(2)   -2\nBush      0       -1      -8      0      0      0       0       0\nAlice     -2      67(2)   13      -1     0      133     79(1)   -1\nBob       0       0       57(5)   0      0      168     -7      0','Josephus    5  376\nJohn        4  284\nAlice       4  352\nSmith       3  167\nBob         2  325\nBush        0    0','0','','算法','三级难度','2019-01-01 17:03:03',1,128,0,'N',0,0,0),(1149,'能量项链','<p><font size=\"3\" face=\"Times New Roman\">在Mars星球上，每个Mars人都随身佩带着一串能量项链。在项链上有 N颗能量珠。能量珠是一颗有头标记与尾标记的珠子，这些标记对应着某个正整数。并且，对于相邻的两颗珠子，前一颗珠子的尾标记一定等于后一颗珠子的头标 记。因为只有这样，通过吸盘（吸盘是Mars人吸收能量的一种器官）的作用，这两颗珠子才能聚合成一颗珠子，同时释放出可以被吸盘吸收的能量。如果前一颗 能量珠的头标记为m，尾标记为r，后一颗能量珠的头标记为r，尾标记为n，则聚合后释放的能量为m*r*n（Mars单位），新产生的珠子的头标记为m， 尾标记为n。  <br />\n需要时，Mars人就用吸盘夹住相邻的两颗珠子，通过聚合得到能量，直到项链上只剩下一颗珠子为止。显然，不同的聚合顺序得到的总能量是不同的，请你设计一个聚合顺序，使一串项链释放出的总能量最大。  <br />\n例如：设N=4，4颗珠子的头标记与尾标记依次为(2，3) (3，5) (5，10) (10，2)。我们用记号◎表示两颗珠子的聚合操作，(j◎k)表示第j，k两颗珠子聚合后所释放的能量。则第4、1两颗珠子聚合后释放的能量为：  <br />\n(4◎1)=10*2*3=60。  <br />\n这一串项链可以得到最优值的一个聚合顺序所释放的总能量为  <br />\n((4◎1)◎2)◎3）=10*2*3+10*3*5+10*5*10=710。  </font></p>','<p><font size=\"3\" face=\"Times New Roman\">第一行是一个正整数N（4&le;N&le;100），表示项链上珠子的个数。第二行 是N个用空格隔开的正整数，所有的数均不超过1000。第i个数为第i颗珠子的头标记（1&le;i&le;N），当i〈N时，第i颗珠子的尾标记应该等于第i+1颗 珠子的头标记。第N颗珠子的尾标记应该等于第1颗珠子的头标记。  <br />\n至于珠子的顺序，你可以这样确定：将项链放到桌面上，不要出现交叉，随意指定第一颗珠子，然后按顺时针方向确定其他珠子的顺序。  </font></p>','<p><font size=\"3\" face=\"Times New Roman\">只有一行，是一个正整数E（E&le;2.1*10^9），为一个最优聚合顺序所释放的总能量</font></p>','4\n2  3  5  10','710','0','','算法','三级难度','2019-01-01 17:03:03',1,128,0,'N',0,0,0),(1150,'诡秘的余数','<p><font face=\"Times New Roman\">不可否认，小强是一名数学天才，大家都这么说。天才小强的两大最新发现如下：（1） 正整数n除3的余数，等价于，正整数n的各位数字之和除3的余数；（2） 正整数n除9的余数可以通过这样的方法来计算：计算n 的各位数之和，设为m，如果m已经是一位数，那么余数就是m；否则设n=m，重新进行计算n的各位数之和m，直到m是一个一位数。但是，正整数除1，2，4，5，6，7，8，也存在类似的性质吗？这真是一个难题啊！小强想睡觉了，不去管了。现在请你计算一下正整数n除一位数m的余数。文件中有一些数对，一为大整数（可能大到100位）n，另一为一位数m（&gt;0）。求其n除以m的余数。</font></p>','','','23 7\n123 9','2\n6','0','','C语言  递归','二级难度','2019-01-01 17:03:03',1,128,0,'N',0,0,0),(1151,'超级楼梯','<p><font size=\"3\" face=\"Times New Roman\">有一楼梯共M级，刚开始时你在第一级，若每次只能跨上一级或二级，要走上第M级，共有多少种走法？ </font></p>','<p><font face=\"Times New Roman\">输入数据首先包含一个整数N，表示测试实例的个数，然后是N行数据，每行包含一个整数M（1&lt;=M&lt;=40）,表示楼梯的级数。</font></p>','<p><font size=\"3\" face=\"Times New Roman\">对于每个测试实例，请输出不同走法的数量 </font></p>','2\n2\n3\n\n','1\n2\n\n','0','','C语言  递归','二级难度','2019-01-01 17:03:03',1,128,0,'N',0,0,0),(1152,'连续自然数和','<p><font size=\"3\" face=\"Times New Roman\">对一个给定的自然数M，求出所有的连续的自然数段（连续个数大于1），这些连续的自然数段中的全部数之和为M。  <br />\n例子：1998+1999+2000+2001+2002 = 10000，所以从1998到2002的一个自然数段为M=10000的一个解。</font></p>','<p><font size=\"3\" face=\"Times New Roman\">包含一个整数的单独一行给出M的值（10 &lt;= M &lt;= 2,000,000）</font></p>','<p><font size=\"3\" face=\"Times New Roman\">每行两个自然数，给出一个满足条件的连续自然数段中的第一个数和最后一个数，两数之间用一个空格隔开，所有输出行的第一个按从小到大的升序排列，对于给定的输入数据，保证至少有一个解。</font></p>','10000\n\n21334\n\n2000000','18 142 \n297 328 \n388 412 \n1998 2002\n\n5332 5335\n\n923 2202\n2888 3512\n7685 7940\n15938 16062\n79988 80012\n399998 400002','0','','算法','三级难度','2019-01-01 17:03:03',1,128,0,'N',0,0,0),(1153,'送分题素数','<p><span style=\"color: rgb(0, 0, 0); font-family: \'Times New Roman\'; font-style: normal; font-variant: normal; font-weight: normal; letter-spacing: normal; line-height: normal; orphans: 2; text-align: -webkit-auto; text-indent: 0px; text-transform: none; white-space: normal; widows: 2; word-spacing: 0px; -webkit-text-decorations-in-effect: none; -webkit-text-size-adjust: auto; -webkit-text-stroke-width: 0px; font-size: medium; \" class=\"Apple-style-span\">输出100-&gt;200之间的素数的个数，以及所有的素数。</span></p>','','<p><span style=\"color: rgb(0, 0, 0); font-family: \'Times New Roman\'; font-style: normal; font-variant: normal; font-weight: normal; letter-spacing: normal; line-height: normal; orphans: 2; text-align: -webkit-auto; text-indent: 0px; text-transform: none; white-space: normal; widows: 2; word-spacing: 0px; -webkit-text-decorations-in-effect: none; -webkit-text-size-adjust: auto; -webkit-text-stroke-width: 0px; font-size: medium; \" class=\"Apple-style-span\">100-&gt;200之间的素数的个数，以及所有的素数。</span></p>','','21\n101 103 ... 197 199','0','','算法','三级难度','2019-01-01 17:03:03',1,128,0,'N',0,0,0),(1154,'逆反的01串','<p><font size=\"3\" face=\"Times New Roman\">Fans是个ACM程序设计迷。有时侯，他表现出很强烈的逆反心理，你往东，他往西，你往南，他偏往北。这一次，不知道又是谁惹着他了，好端端的一个个01串，到了他的手里，都变成10串了。请你编个程序来模仿他的行为，将01串（长度&le;200），全变成10串吧。</font></p>','<pre><font><font size=\"3\" face=\"Times New Roman\">0110100100100 1000000010000000000</font></font></pre>','<pre><font><font size=\"3\" face=\"Times New Roman\">1001011011011 0111111101111111111</font></font></pre>','0110100100100\n1000000010000000000','1001011011011\n0111111101111111111','0','','算法','三级难度','2019-01-01 17:03:03',1,128,0,'N',0,0,0),(1155,'速算24点','<p><font size=\"3\" face=\"Times New Roman\">速算24点相信绝大多数人都玩过。就是随机给你四张牌，包括 A(1),2,3,4,5,6,7,8,9,10,J(11),Q(12),K(13)。要求只用\'+\',\'-\',\'*\',\'/\'运算符以及括号改变运算 顺序，使得最终运算结果为24(每个数必须且仅能用一次)。游戏很简单，但遇到无解的情况往往让人很郁闷。你的任务就是针对每一组随机产生的四张牌，判断 是否有解。我们另外规定，整个计算过程中都不能出现小数。</font></p>','<p><font size=\"3\" face=\"Times New Roman\">输入数据占一行，给定四张牌。</font></p>','<p><font size=\"3\" face=\"Times New Roman\">如果有解则输出&quot;Y&quot;，无解则输出&quot;N&quot;。</font></p>','A 2 3 6','Y','0','','算法','三级难度','2019-01-01 17:03:03',1,128,0,'N',0,0,0),(1156,'邮局选址问题','<p><font face=\"Times New Roman\">问题描述： <br />\n在一个按照东西和南北方向划分成规整街区的城市里，n个居民点散乱地分布在不同的街区中。用x 坐标表示东西向，用y坐标表示南北向。各居民点的位置可以由坐标(x,y)表示。街区中任意2 点(x1,y1)和(x2,y2)之间的距离可以用数值|x1-x2|+|y1-y2|度量。 <br />\n居民们希望在城市中选择建立邮局的最佳位置，使n个居民点到邮局的距离总和最小。 <br />\n编程任务： <br />\n给定n 个居民点的位置,编程计算n 个居民点到邮局的距离总和的最小值。 </font></p>','<p><font face=\"Times New Roman\">第1 行是居民点数n，1<n></n>&lt;10000。&lt; 个整数x 行是居民点的位置，每行2&gt;</font></p>','<p><font face=\"Times New Roman\">n个居民点到邮局的距离总和的最小值。</font></p>','5\n1 2\n2 2\n1 3\n3 -2\n3 3\n','10','0','','算法','三级难度','2019-01-01 17:03:03',1,128,0,'N',0,0,0),(1157,'金明的预算方案','<p><font size=\"3\" face=\"Times New Roman\">　金明今天很开心，家里购置的新房就要领钥匙了，新房里有一间金明自己专 用的很宽敞的房间。更让他高兴的是，妈妈昨天对他说：&ldquo;你的房间需要购买哪些物品，怎么布置，你说了算，只要不超过N元钱就行&rdquo;。今天一早，金明就开始做 预算了，他把想买的物品分为两类：主件与附件，附件是从属于某个主件的，下表就是一些主件与附件的例子： <br />\n<br />\n主件 	附件  <br />\n电脑 	打印机，扫描仪  <br />\n书柜 	图书  <br />\n书桌 	台灯，文具  <br />\n工作椅 	无  <br />\n<br />\n如果要买归类为附件的物品，必须先买该附件所属的主件。每个主件可以有0个、1个或2个附件。附件不再有从属于自己的附件。金明想买的东西很 多，肯定会超过妈妈限定的N元。于是，他把每件物品规定了一个重要度，分为5等：用整数1~5表示，第5等最重要。他还从因特网上查到了每件物品的价格 （都是10元的整数倍）。他希望在不超过N元（可以等于N元）的前提下，使每件物品的价格与重要度的乘积的总和最大。  <br />\n设第j件物品的价格为v[j]，重要度为w[j]，共选中了k件物品，编号依次为j1，j2，&hellip;&hellip;，jk，则所求的总和为：  <br />\nv[j1]*w[j1]+v[j2]*w[j2]+ &hellip;+v[jk]*w[jk]。（其中*为乘号）  <br />\n请你帮助金明设计一个满足要求的购物单。  </font></p>','<p><font size=\"3\" face=\"Times New Roman\">第1行，为两个正整数，用一个空格隔开：  <br />\nN m  <br />\n（其中N（&lt;32000）表示总钱数，m（&lt;60）为希望购买物品的个数。）  <br />\n从第2行到第m+1行，第j行给出了编号为j-1的物品的基本数据，每行有3个非负整数  <br />\nv p q  <br />\n（其中v表示该物品的价格（v&lt;10000），p表示该物品的重要度（1~5），q表示该物品是主件还是附件。如果q=0，表示该物品为主件，如果q&gt;0，表示该物品为附件，q是所属主件的编号）</font></p>','<p><font size=\"3\" face=\"Times New Roman\">只有一个正整数，为不超过总钱数的物品的价格与重要度乘积的总和的最大值（&lt;200000）。</font></p>','1000 5\n800 2 0\n400 5 1\n300 5 1\n400 3 0\n500 2 0','2200','0','','算法','三级难度','2019-01-01 17:03:03',1,128,0,'N',0,0,0),(1158,'防御导弹','<p><font size=\"3\" face=\"Times New Roman\">某国为了防御敌国的导弹袭击，发展出一种导弹拦截系统。但是这种导弹拦截 系统有一个缺陷：虽然它的第一发炮弹能够达到任意的高度，但是以后每一发炮弹都不能高于前一发的高度。某天，雷达捕捉到敌国的导弹来袭。由于该系统还在试 用阶段，所以只有一套系统，因此有可能不能拦截所有的导弹。</font></p>','<p><font size=\"3\" face=\"Times New Roman\">最多20个整数，分别表示导弹依次飞来的高度（雷达给出高度数据是不大于30000的正整数）</font></p>','<p><font size=\"3\" face=\"Times New Roman\">整数M。表示：这套系统最多能拦截 M 枚导弹.</font></p>','300 250 275 252 200 138 245','5','0','','算法','三级难度','2019-01-01 17:03:03',1,128,0,'N',0,0,0),(1159,'青年歌手大奖赛_评委会打分','<p><font size=\"3\" face=\"Times New Roman\">青年歌手大奖赛中，评委会给参赛选手打分。选手得分规则为去掉一个最高分和一个最低分，然后计算平均得分，请编程输出某选手的得分</font></p>','<p><font size=\"3\" face=\"Times New Roman\">输入数据有多组，每组占一行，每行的第一个数是n(2＜n＜100)，表示评委的人数，然后是n个评委的打分。</font></p>','<p><font size=\"3\" face=\"Times New Roman\">对于每组输入数据，输出选手的得分，结果保留2位小数，每组输出占一行。</font></p>','3 99 98 97\n4 100 99 98 97','98.00\n98.50','0','','算法','三级难度','2019-01-01 17:03:03',1,128,0,'N',0,0,0),(1160,'马拦过河卒','\r\n	<span>棋盘上A点有一个过河卒，需要走到目标B点。卒行走的规则：可以向下、或者向右。同时在棋盘上C点有一个对方的马，该马所在的点和所有跳跃一步可达的点称为对方马的控制点。因此称之为“马拦过河卒”。 <br />\r\n棋盘用坐标表示，A点(0&#44; 0)、B点(n&#44; m)(n&#44; m为不超过15的整数)，同样马的位置坐标是需要给出的。现在要求你计算出卒从A点能够到达B点的路径的条数，假设马的位置是固定不动的，并不是卒走一步马走一步。 </span>\r\n<br />','\r\n	<span>一行四个数据，分别表示B点坐标和马的坐标。（保证所有的数据有解）</span>\r\n<br />','\r\n	<span>一个数据，表示所有的路径条数。</span>\r\n<br />','6 6 3 3','6','0','','算法','三级难度','2019-01-03 18:19:33',1,128,0,'N',0,0,0),(1161,'奖学金','<p><style type=\"text/css\">p { margin-bottom: 0.21cm; }</style>\n<p style=\"text-indent: 0.74cm; margin-bottom: 0cm;\">某小学最近得到了一笔赞助，打算拿出其中一部分为学习成绩优秀的前<font face=\"DejaVu Serif, serif\"><font face=\"Courier New, monospace\">5</font></font>名学生发奖学金。期末，每个学生都有<font face=\"DejaVu Serif, serif\"><font face=\"Courier New, monospace\">3</font></font>门课的成绩<font face=\"DejaVu Serif, serif\"><font face=\"Courier New, monospace\">:</font></font>语文、数学、英语。先按总分从高到低排序，如果两个同学总分相同，再按语文成绩从高到低排序，如果两个同学总分和语文成绩都相同，那么规定学号小的同学 排在前面，这样，每个学生的排序是唯一确定的。</p>\n<p style=\"text-indent: 0.74cm; margin-bottom: 0cm;\">任务：先根据输入的<font face=\"DejaVu Serif, serif\"><font face=\"Courier New, monospace\">3</font></font>门课的成绩计算总分，然后按上述规则排序，最后按排名顺序输出前五名名学生的学号和总分。注意，在前<font face=\"DejaVu Serif, serif\"><font face=\"Courier New, monospace\">5</font></font>名同学中，每个人的奖学金都不相同，因此，你必须严格按上述规则排序。例如，在某个正确答案中，如果前两行的输出数据<font face=\"DejaVu Serif, serif\"><font face=\"Courier New, monospace\">(</font></font>每行输出两个数<font face=\"DejaVu Serif, serif\"><font face=\"Courier New, monospace\">:</font></font>学号、总分<font face=\"DejaVu Serif, serif\"><font face=\"Courier New, monospace\">) </font></font>是<font face=\"DejaVu Serif, serif\"><font face=\"Courier New, monospace\">: </font></font></p>\n<p style=\"text-indent: 0.74cm; margin-bottom: 0cm;\"><font face=\"Courier New, monospace\">7 279</font></p>\n<p style=\"margin-bottom: 0cm;\"></p>\n<p style=\"text-indent: 0.74cm; margin-bottom: 0cm;\"><font face=\"Courier New, monospace\">5 279 </font></p>\n<p style=\"text-indent: 0.74cm; margin-bottom: 0cm;\">这两行数据的含义是<font face=\"DejaVu Serif, serif\"><font face=\"Courier New, monospace\">:</font></font>总分最高的两个同学的学号依次是<font face=\"DejaVu Serif, serif\"><font face=\"Courier New, monospace\">7</font></font>号、<font face=\"DejaVu Serif, serif\"><font face=\"Courier New, monospace\">5</font></font>号。这两名同学的总分都是 <font face=\"DejaVu Serif, serif\"><font face=\"Courier New, monospace\">279 (</font></font>总分等于输入的语文、数学、英语三科成绩之和<font face=\"DejaVu Serif, serif\"><font face=\"Courier New, monospace\">) </font></font>，但学号为<font face=\"DejaVu Serif, serif\"><font face=\"Courier New, monospace\">7</font></font>的学生语文成绩更高一些。如果你的前两名的输出数据是<font face=\"DejaVu Serif, serif\"><font face=\"Courier New, monospace\">: </font></font></p>\n<p style=\"text-indent: 0.74cm; margin-bottom: 0cm;\"><font face=\"Courier New, monospace\">5 279 </font></p>\n<p style=\"margin-bottom: 0cm;\"></p>\n<p style=\"text-indent: 0.74cm; margin-bottom: 0cm;\"><font face=\"Courier New, monospace\">7 279 </font></p>\n<p style=\"text-indent: 0.74cm; margin-bottom: 0cm;\">则按输出错误处理，不能得分。</p>\n</p>','<p><style type=\"text/css\">p { margin-bottom: 0.21cm; }</style>\n<p style=\"text-indent: 0.74cm; margin-bottom: 0cm;\">输入文件<font face=\"DejaVu Serif, serif\"><font face=\"Courier New, monospace\">scholar.in</font></font>包含<font face=\"DejaVu Serif, serif\"><font face=\"Courier New, monospace\">n+1</font></font>行<font face=\"DejaVu Serif, serif\"><font face=\"Courier New, monospace\">: </font></font></p>\n<p style=\"margin-bottom: 0cm;\"></p>\n<p style=\"text-indent: 0.74cm; margin-bottom: 0cm;\">第<font face=\"DejaVu Serif, serif\"><font face=\"Courier New, monospace\">1</font></font>行为一个正整数<font face=\"DejaVu Serif, serif\"><font face=\"Courier New, monospace\">n</font></font>，表示该校参加评选的学生人数。</p>\n<p style=\"margin-bottom: 0cm;\"></p>\n<p style=\"text-indent: 0.74cm; margin-bottom: 0cm;\">第<font face=\"DejaVu Serif, serif\"><font face=\"Courier New, monospace\">2</font></font>到<font face=\"DejaVu Serif, serif\"><font face=\"Courier New, monospace\">n+1</font></font>行，每行有<font face=\"DejaVu Serif, serif\"><font face=\"Courier New, monospace\">3</font></font>个用空格隔开的数字，每个数字都在<font face=\"DejaVu Serif, serif\"><font face=\"Courier New, monospace\">O</font></font>到<font face=\"DejaVu Serif, serif\"><font face=\"Courier New, monospace\">100</font></font>之间<font face=\"DejaVu Serif, serif\"><font face=\"Courier New, monospace\">z</font></font>第<font face=\"DejaVu Serif, serif\"><font face=\"Courier New, monospace\">1</font></font>行的<font face=\"DejaVu Serif, serif\"><font face=\"Courier New, monospace\">3</font></font>个数 字依次表示学号为<font face=\"DejaVu Serif, serif\"><font face=\"Courier New, monospace\">j-1</font></font>的学生的语文、数学、英语的成绩。每个学生的学号按照输入顺序编号为<font face=\"DejaVu Serif, serif\"><font face=\"Courier New, monospace\">l~n (</font></font>恰好是输入数据的行号减<font face=\"DejaVu Serif, serif\"><font face=\"Courier New, monospace\">1)</font></font>。</p>\n<p style=\"margin-bottom: 0cm;\"></p>\n<p style=\"text-indent: 0.74cm; margin-bottom: 0cm;\">所给的数据都是正确的，不必检验。</p>\n</p>','<p><style type=\"text/css\">p { margin-bottom: 0.21cm; }</style>\n<p style=\"text-indent: 0.74cm; margin-bottom: 0cm;\">输出文件<font face=\"DejaVu Serif, serif\"><font face=\"Courier New, monospace\">scholar.out</font></font>共有<font face=\"DejaVu Serif, serif\"><font face=\"Courier New, monospace\">5</font></font>行，每行是两个用空格隔开的正整数，依次表示前<font face=\"DejaVu Serif, serif\"><font face=\"Courier New, monospace\">5</font></font>名学生的学号和总分。</p>\n<p style=\"margin-bottom: 0cm;\"></p>\n</p>','6  	 	 \n90 67 80	 \n87 66 91   	\n78 89 91   	 \n88 99 77   	 \n67 89 64       \n78 89 98  \n','6 265\n4 264\n3 258\n2 244\n1 237\n','/','<p><style type=\"text/css\">p { margin-bottom: 0.21cm; }</style>\n<p style=\"margin-bottom: 0cm;\"><font face=\"DejaVu Serif, serif\"><font face=\"宋体, SimSun\">50%</font></font>的数据满足<font face=\"DejaVu Serif, serif\"><font face=\"宋体, SimSun\">:</font></font>各学生的总成绩各不相同 <font face=\"DejaVu Serif, serif\"><font face=\"宋体, SimSun\">100%</font></font>的数据满足<font face=\"DejaVu Serif, serif\"><font face=\"宋体, SimSun\">: 6&lt;=n&lt;=300 </font></font></p>\n</p>','算法','三级难度','2019-01-05 12:08:09',1,128,0,'N',0,0,0),(1162,'纪念品分组','<p><style type=\"text/css\">p { margin-bottom: 0.21cm; }</style>\n<p style=\"text-indent: 0.74cm; margin-bottom: 0cm;\">元旦快到了，校学生会让乐乐负责新年晚会的纪念品发放工作。为使得参加晚会的同学所获得 的纪念品价值相对均衡，他要把购来的纪念品根据价格进行分组，但每组最多只能包括两件纪念品， 并且每组纪念品的价格之和不能超过一个给定的整数。为了保证在尽量短的时间内发完所有纪念品，乐乐希望分组的数目最少。</p>\n<p style=\"margin-bottom: 0cm;\"></p>\n<p style=\"text-indent: 0.74cm; margin-bottom: 0cm;\">你的任务是写一个程序，找出所有分组方案中分组数最少的一种，输出最少的分组数目。</p>\n</p>','<p><style type=\"text/css\">p { margin-bottom: 0.21cm; }</style>\n<p style=\"text-indent: 0.74cm; margin-bottom: 0cm;\">输入文件<font face=\"DejaVu Serif, serif\"><font face=\"Courier New, monospace\">group.in</font></font>包含<font face=\"DejaVu Serif, serif\"><font face=\"Courier New, monospace\">n+2</font></font>行<font face=\"DejaVu Serif, serif\"><font face=\"Courier New, monospace\">: </font></font></p>\n<p style=\"margin-bottom: 0cm;\"></p>\n<p style=\"text-indent: 0.74cm; margin-bottom: 0cm;\">第<font face=\"Courier New, monospace\">1</font>行包括一个整数<font face=\"Courier New, monospace\">w</font>，为每组纪念品价格之和的上眼<font face=\"Courier New, monospace\">= </font>第<font face=\"Courier New, monospace\">2</font>行为一个整数<font face=\"Courier New, monospace\">n</font>，表示购来的纪念品的总件数<font face=\"Courier New, monospace\">G </font></p>\n<p style=\"margin-bottom: 0cm;\"></p>\n<p style=\"text-indent: 0.74cm; margin-bottom: 0cm;\">第<font face=\"DejaVu Serif, serif\"><font face=\"Courier New, monospace\">3-n+2</font></font>行每行包含一个正整数<font face=\"DejaVu Serif, serif\"><font face=\"Courier New, monospace\">Pi (5 &lt;= Pi &lt;= w3)w</font></font>表示所对应纪念品的价格。</p>\n</p>','<p><style type=\"text/css\">p { margin-bottom: 0.21cm; }</style>\n<p style=\"text-indent: 0.74cm; margin-bottom: 0cm;\">输出文件<font face=\"Courier New, monospace\">group.out</font>仅&rarr;行，包含一个整数， <font face=\"Courier New, monospace\">ep</font>最少的分组数目合</p>\n</p>','100\n9     \n90     \n20     \n20     \n30     \n50     \n60     \n70     \n80     \n90 ','6\n','/','<p><style type=\"text/css\">p { margin-bottom: 0.21cm; }</style>\n<p style=\"margin-bottom: 0cm;\"><font face=\"Courier New, monospace\">50%</font>的数据满足<font face=\"Courier New, monospace\">: 1 &lt;=n &lt;= 15 </font></p>\n<p style=\"margin-bottom: 0cm;\"><style type=\"text/css\">p { margin-bottom: 0.21cm; }</style>\n<p style=\"margin-bottom: 0cm;\"><font face=\"Courier New, monospace\">100%</font>的数据满足<font face=\"Courier New, monospace\">: 1 &lt;= n &lt;= 30000</font>， <font face=\"Courier New, monospace\">80 &lt;= W &lt;= 200 </font></p>\n</p>\n</p>','算法','三级难度','2019-01-05 12:08:09',1,128,0,'N',0,0,0),(1163,'守望者的逃离','<p><style type=\"text/css\">p { margin-bottom: 0.21cm; }</style>\n<p style=\"text-indent: 0.93cm; margin-bottom: 0cm;\">恶魔猎手尤迫安野心勃勃<font face=\"Courier New, monospace\">.</font>他背叛了暗夜精灵，率深藏在海底的那加企图叛变：守望者在与尤迪安的交锋中遭遇了围杀<font face=\"Courier New, monospace\">.</font>被困在一个荒芜的大岛上。为了杀死守望者，尤迪安开始对这个荒岛施咒，这座岛很快就会沉下去，到那时，刀上的所有人都会遇难：守望者的跑步速度，为<font face=\"Courier New, monospace\">17m/s</font>， 以这样的速度是无法逃离荒岛的。庆幸的是守望者拥有闪烁法术，可在<font face=\"Courier New, monospace\">1s</font>内移动<font face=\"Courier New, monospace\">60m</font>，不过每次使用闪烁法术都会消耗魔法值<font face=\"Courier New, monospace\">10</font>点。守望者的魔法值恢复的速度为<font face=\"Courier New, monospace\">4</font>点<font face=\"Courier New, monospace\">/s</font>，只有处在原地休息状态时才能恢复。</p>\n<p style=\"text-indent: 0.74cm; margin-bottom: 0cm;\">现在已知守望者的魔法初值<font face=\"Courier New, monospace\">M</font>，他所在的初始位置与岛的出口之间的距离<font face=\"Courier New, monospace\">S</font>，岛沉没的时间<font face=\"Courier New, monospace\">T</font>。你的任务是写一个程序帮助守望者计算如何在最短的时间内逃离荒岛，若不能逃出，则输出守望者在剩下的时间内能走的最远距离。注意<font face=\"Courier New, monospace\">:</font>守望者跑步、闪烁或休息活动均以秒<font face=\"Courier New, monospace\">(s)</font>为单位。且每次活动的持续时间为整数秒。距离的单位为米<font face=\"Courier New, monospace\">(m)</font>。</p>\n</p>','<p><style type=\"text/css\">p { margin-bottom: 0.21cm; }</style>\n<p style=\"text-indent: 0.74cm; margin-bottom: 0cm;\">输入文件<font face=\"Courier New, monospace\">escape.in</font>仅一行，包括空格隔开的三个非负整数<font face=\"Courier New, monospace\">M</font>，<font face=\"Courier New, monospace\">S</font>，<font face=\"Courier New, monospace\">T</font>。</p>\n</p>','<p><style type=\"text/css\">p { margin-bottom: 0.21cm; }</style>\n<p style=\"text-indent: 0.74cm; margin-bottom: 0cm;\">输出文件<font face=\"Courier New, monospace\">escape.out</font>包含两行<font face=\"Courier New, monospace\">: </font></p>\n<p style=\"margin-bottom: 0cm;\"></p>\n<p style=\"text-indent: 0.74cm; margin-bottom: 0cm;\">第<font face=\"Courier New, monospace\">1</font>行为字符串<font face=\"Courier New, monospace\">&quot;Yes&quot;</font>或<font face=\"Courier New, monospace\">&quot;No&quot; (</font>区分大小写<font face=\"Courier New, monospace\">)</font>，即守望者是否能逃离荒岛。</p>\n<p style=\"margin-bottom: 0cm;\"></p>\n<p style=\"text-indent: 0.74cm; margin-bottom: 0cm;\">第<font face=\"Courier New, monospace\">2</font>行包含一个整数，第一行为<font face=\"Courier New, monospace\">&quot;Yes&quot; (</font>区分大小写）时表示守望着逃离荒岛的最短时间</p>\n<p style=\"margin-bottom: 0cm;\"></p>\n<p style=\"text-indent: 0.74cm; margin-bottom: 0cm;\">第一行为<font face=\"Courier New, monospace\">&quot;No&quot; (</font>区分大小写<font face=\"Courier New, monospace\">) </font>时表示守望者能走的最远距离。</p>\n</p>','39 200 4','No\n197\n','/','<p><style type=\"text/css\">p { margin-bottom: 0.21cm; }</style>\n<p style=\"margin-bottom: 0cm;\"><font face=\"Courier New, monospace\">30%</font>的数据满足<font face=\"Courier New, monospace\">: 1 &lt;= T&lt;= 10</font>， <font face=\"Courier New, monospace\">1 &lt;=S&lt;= 100 </font></p>\n<p style=\"margin-bottom: 0cm;\"></p>\n<p style=\"margin-bottom: 0cm;\"><font face=\"Courier New, monospace\">50%</font>的数据满足<font face=\"Courier New, monospace\">: 1 &lt;= T &lt;= 1000</font>， <font face=\"Courier New, monospace\">1 &lt;= S &lt;= 10000</font></p>\n<p style=\"margin-bottom: 0cm;\"></p>\n<p style=\"margin-bottom: 0cm;\"><font face=\"Courier New, monospace\">100%</font>的数据满足<font face=\"Courier New, monospace\">: 1 &lt;= T &lt;= 300000</font>， <font face=\"Courier New, monospace\">0 &lt;= M&lt;=1000  1 &lt;=S &lt;= 10^8 </font></p>\n<p style=\"margin-bottom: 0cm;\"></p>\n</p>','算法','三级难度','2019-01-05 12:08:09',1,128,0,'N',0,0,0),(1164,'Hanoi双塔问题','<p><style type=\"text/css\">p { margin-bottom: 0.21cm; }</style></p>\n<p style=\"text-indent: 0.74cm; margin-bottom: 0cm;\">给定<font face=\"Courier New, monospace\">A,B,C</font>三根足够长的细柱，在<font face=\"Courier New, monospace\">A</font>柱上放有<font face=\"Courier New, monospace\">2n</font>个中间有空的圆盘，共有<font face=\"Courier New, monospace\">n</font>个不同的尺寸，每个尺寸都有两个相同的圆盘，注意这两个圆盘是不加区分的<font face=\"Courier New, monospace\">(</font>下图为<font face=\"Courier New, monospace\">n=3</font>的情形）。现要将 这些国盘移到<font face=\"Courier New, monospace\">C</font>柱上，在移动过程中可放在<font face=\"Courier New, monospace\">B</font>柱上暂存。要求<font face=\"Courier New, monospace\">: </font></p>\n<p style=\"text-indent: 0.74cm; margin-bottom: 0cm;\"><input type=\"image\" width=\"320\" height=\"176\" longdesc=\"undefined\" src=\"http://www.dictall.com/picture/bkimg/ch_19/19_10_69_0.jpg\" /></p>\n<p style=\"text-indent: 0.74cm; margin-bottom: 0cm;\"></p>\n<p style=\"text-indent: 0.74cm; margin-bottom: 0cm;\"><style type=\"text/css\">p { margin-bottom: 0.21cm; }</style></p>\n<p style=\"text-indent: 0.74cm; margin-bottom: 0cm;\"><font face=\"Courier New, monospace\">(1)</font>每次只能移动一个圆盘；</p>\n<p style=\"margin-bottom: 0cm;\"></p>\n<p style=\"text-indent: 0.74cm; margin-bottom: 0cm;\"><font face=\"Courier New, monospace\">(2) A</font>、<font face=\"Courier New, monospace\">B</font>、<font face=\"Courier New, monospace\">C</font>三根细柱上的圆盘都要保持上小下大的顺序；</p>\n<p style=\"margin-bottom: 0cm;\"></p>\n<p style=\"text-indent: 0.74cm; margin-bottom: 0cm;\">任务<font face=\"Courier New, monospace\">:</font>设<font face=\"Courier New, monospace\">An</font>为<font face=\"Courier New, monospace\">2n</font>个圆盘完成上述任务所需的最少移动次数，对于输入的<font face=\"Courier New, monospace\">n</font>，输出<font face=\"Courier New, monospace\">An</font>。</p>\n<p></p>\n<p></p>','<p><style type=\"text/css\">p { margin-bottom: 0.21cm; }</style></p>\n<p style=\"text-indent: 0.74cm; margin-bottom: 0cm;\">输入文件<font face=\"Courier New, monospace\">hanoi.in</font>为一个正整数<font face=\"Courier New, monospace\">n</font>，表示在<font face=\"Courier New, monospace\">A</font>柱上放有<font face=\"Courier New, monospace\">2n</font>个圆盘。</p>\n<p></p>','<p><style type=\"text/css\">p { margin-bottom: 0.21cm; }</style></p>\n<p style=\"text-indent: 0.74cm; margin-bottom: 0cm;\">输出文件<font face=\"Courier New, monospace\">hanoi.out</font>仅一行，包含一个正整数，为完成上述任务所需的最少移动次数<font face=\"Courier New, monospace\">An</font>。</p>\n<p></p>','1\n','2\n','/','<p><style type=\"text/css\">p { margin-bottom: 0.21cm; }</style></p>\n<p style=\"margin-bottom: 0cm;\">对于<font face=\"Courier New, monospace\">50%</font>的数据， <font face=\"Courier New, monospace\">1&lt;=n&lt;=25 </font></p>\n<p style=\"margin-bottom: 0cm;\">对于<font face=\"Courier New, monospace\">100% </font>数据， <font face=\"Courier New, monospace\">1&lt;=n&lt;=200 </font></p>\n<p style=\"margin-bottom: 0cm;\"></p>\n<p style=\"margin-bottom: 0cm;\"><style type=\"text/css\">p { margin-bottom: 0.21cm; }</style></p>\n<p style=\"margin-bottom: 0cm;\">设法建立<font face=\"Courier New, monospace\">An</font>与<font face=\"Courier New, monospace\">An-1</font>的递推关系式。</p>\n<p></p>\n<p></p>','算法','三级难度','2019-01-05 12:08:09',1,128,0,'N',0,0,0);
/*!40000 ALTER TABLE `problem` ENABLE KEYS */;
UNLOCK TABLES;

--
-- Table structure for table `qa_question`
--

DROP TABLE IF EXISTS `qa_question`;
/*!40101 SET @saved_cs_client     = @@character_set_client */;
/*!40101 SET character_set_client = utf8 */;
CREATE TABLE `qa_question` (
  `qa_question_id` int(11) NOT NULL AUTO_INCREMENT,
  `category_id` int(11) NOT NULL COMMENT 'Ŀ',
  `subject` text NOT NULL COMMENT 'Ŀ',
  `answer` varchar(45) NOT NULL COMMENT 'ο\n',
  `score` int(11) NOT NULL COMMENT 'οֵ',
  `user_id` varchar(48) NOT NULL COMMENT 'ûid',
  `post_time` datetime NOT NULL COMMENT 'ʱ',
  `status` tinyint(2) NOT NULL DEFAULT '1' COMMENT '״̬',
  PRIMARY KEY (`qa_question_id`),
  KEY `category` (`category_id`),
  KEY `user` (`user_id`),
  FULLTEXT KEY `subject` (`subject`)
) ENGINE=MyISAM AUTO_INCREMENT=8 DEFAULT CHARSET=utf8mb4 COMMENT='ʴ\n';
/*!40101 SET character_set_client = @saved_cs_client */;

--
-- Dumping data for table `qa_question`
--

LOCK TABLES `qa_question` WRITE;
/*!40000 ALTER TABLE `qa_question` DISABLE KEYS */;
INSERT INTO `qa_question` VALUES (1,7,'请简述社会主义核心价值观','123条\r\n',20,'admin','2019-01-07 16:55:16',1),(2,7,'简述社会主义核心价值观','爱国守法\r\nxxx',15,'admin','2019-01-10 14:45:55',1),(3,7,'新时期社会主义道路如何走','跟党走',10,'admin','2019-01-10 14:46:22',1),(4,1,'while和do while循环有什么区别？','先判断再执行\r\n先执行在判断',20,'admin','2019-01-12 17:58:17',1),(5,1,'类和结构体有什么区别？','默认访问权限不同\r\n',20,'admin','2019-01-12 17:58:44',1),(6,1,'编程实现罗列所有水仙花数','C++\r\n。。。',20,'admin','2019-01-12 17:59:15',1),(7,5,'这是1234添加的问答题。','不知道对不对',3,'1234','2019-01-15 20:11:26',1);
/*!40000 ALTER TABLE `qa_question` ENABLE KEYS */;
UNLOCK TABLES;

--
-- Table structure for table `question`
--

DROP TABLE IF EXISTS `question`;
/*!40101 SET @saved_cs_client     = @@character_set_client */;
/*!40101 SET character_set_client = utf8 */;
CREATE TABLE `question` (
  `question_id` int(11) NOT NULL AUTO_INCREMENT,
  `category_id` int(11) NOT NULL COMMENT '??id',
  `title` varchar(100) NOT NULL COMMENT '????',
  `content` mediumtext NOT NULL COMMENT '????',
  `status` tinyint(2) NOT NULL COMMENT '????',
  `user_id` varchar(48) NOT NULL COMMENT '??id',
  `post_time` datetime NOT NULL COMMENT '????',
  `choice_number` int(11) DEFAULT NULL COMMENT '?????',
  `choice_total` int(11) DEFAULT NULL COMMENT '?????',
  `qa_number` int(11) DEFAULT NULL COMMENT '?????',
  `qa_total` int(11) DEFAULT NULL COMMENT '?????',
  `total` int(11) DEFAULT NULL COMMENT '??',
  PRIMARY KEY (`question_id`),
  KEY `title` (`title`),
  KEY `post_time` (`post_time`),
  KEY `user_id` (`user_id`)
) ENGINE=MyISAM AUTO_INCREMENT=5 DEFAULT CHARSET=utf8mb4 COMMENT='??';
/*!40101 SET character_set_client = @saved_cs_client */;

--
-- Dumping data for table `question`
--

LOCK TABLES `question` WRITE;
/*!40000 ALTER TABLE `question` DISABLE KEYS */;
INSERT INTO `question` VALUES (3,1,'C++基础测验','{\"choice\":[{\"id\":1,\"choice_question_id\":null,\"subject\":\"1+1等于几\",\"answer\":\"a\",\"score\":\"5\",\"options\":[{\"label\":\"A\",\"content\":\"1\"},{\"label\":\"B\",\"content\":\"2\"},{\"label\":\"C\",\"content\":\"3\"},{\"label\":\"D\",\"content\":\"0\"}]},{\"id\":2,\"choice_question_id\":null,\"subject\":\"int占几个字节\",\"answer\":\"C\",\"score\":\"5\",\"options\":[{\"label\":\"A\",\"content\":\"1\"},{\"label\":\"B\",\"content\":\"2\"},{\"label\":\"C\",\"content\":\"4\"},{\"label\":\"D\",\"content\":\"8\"}]},{\"id\":3,\"choice_question_id\":null,\"subject\":\"面向对象简称什么？\",\"answer\":\"A\",\"score\":\"5\",\"options\":[{\"label\":\"A\",\"content\":\"OOP\"},{\"label\":\"B\",\"content\":\"OPP\"},{\"label\":\"C\",\"content\":\"OCP\"}]},{\"id\":4,\"choice_question_id\":null,\"subject\":\"以下哪个是合法的关键字？\",\"answer\":\"C\",\"score\":\"5\",\"options\":[{\"label\":\"A\",\"content\":\"int\"},{\"label\":\"B\",\"content\":\"2c\"},{\"label\":\"C\",\"content\":\"_abc\"},{\"label\":\"D\",\"content\":\"ab*\"}]}],\"qa\":[{\"id\":1,\"qa_question_id\":null,\"subject\":\"类和结构体有什么区别？\",\"answer\":\"默认访问权限不同\\n\",\"score\":\"20\"},{\"id\":2,\"qa_question_id\":null,\"subject\":\"编程实现罗列所有水仙花数\",\"answer\":\"C++\\n。。。\",\"score\":\"20\"},{\"id\":3,\"qa_question_id\":null,\"subject\":\"while和do while循环有什么区别？\",\"answer\":\"先判断再执行\\n先执行在判断\",\"score\":\"20\"}]}',1,'admin','2019-01-12 18:47:04',4,20,3,60,80),(4,2,'机器人基础考试','{\"choice\":[{\"id\":1,\"choice_question_id\":2,\"subject\":\"一元二次方程求解\",\"answer\":\"A\",\"score\":\"10\",\"options\":[{\"label\":\"A\",\"content\":\"1\"},{\"label\":\"B\",\"content\":\"2\"},{\"label\":\"C\",\"content\":\"9\"}]},{\"id\":2,\"choice_question_id\":3,\"subject\":\"排列组合求结果\",\"answer\":\"A\",\"score\":\"5\",\"options\":[{\"label\":\"A\",\"content\":\"1\"},{\"label\":\"B\",\"content\":\"2\"},{\"label\":\"C\",\"content\":\"4\"},{\"label\":\"D\",\"content\":\"5\"}]},{\"id\":3,\"choice_question_id\":4,\"subject\":\"SQL数据库设计\",\"answer\":\"B\",\"score\":\"5\",\"options\":[{\"label\":\"A\",\"content\":\"对\"},{\"label\":\"B\",\"content\":\"错\"},{\"label\":\"C\",\"content\":\"不知道\"}]}],\"qa\":[]}',1,'admin','2019-01-14 10:41:00',3,20,0,0,20);
/*!40000 ALTER TABLE `question` ENABLE KEYS */;
UNLOCK TABLES;

--
-- Table structure for table `reply`
--

DROP TABLE IF EXISTS `reply`;
/*!40101 SET @saved_cs_client     = @@character_set_client */;
/*!40101 SET character_set_client = utf8 */;
CREATE TABLE `reply` (
  `rid` int(11) NOT NULL AUTO_INCREMENT,
  `author_id` varchar(48) NOT NULL,
  `time` datetime NOT NULL DEFAULT '2016-05-13 19:24:00',
  `content` text NOT NULL,
  `topic_id` int(11) NOT NULL,
  `status` int(2) NOT NULL DEFAULT '0',
  `ip` varchar(46) NOT NULL,
  PRIMARY KEY (`rid`),
  KEY `author_id` (`author_id`)
) ENGINE=MyISAM DEFAULT CHARSET=utf8;
/*!40101 SET character_set_client = @saved_cs_client */;

--
-- Dumping data for table `reply`
--

LOCK TABLES `reply` WRITE;
/*!40000 ALTER TABLE `reply` DISABLE KEYS */;
/*!40000 ALTER TABLE `reply` ENABLE KEYS */;
UNLOCK TABLES;

--
-- Table structure for table `runtimeinfo`
--

DROP TABLE IF EXISTS `runtimeinfo`;
/*!40101 SET @saved_cs_client     = @@character_set_client */;
/*!40101 SET character_set_client = utf8 */;
CREATE TABLE `runtimeinfo` (
  `solution_id` int(11) NOT NULL DEFAULT '0',
  `error` text,
  PRIMARY KEY (`solution_id`)
) ENGINE=MyISAM DEFAULT CHARSET=utf8;
/*!40101 SET character_set_client = @saved_cs_client */;

--
-- Dumping data for table `runtimeinfo`
--

LOCK TABLES `runtimeinfo` WRITE;
/*!40000 ALTER TABLE `runtimeinfo` DISABLE KEYS */;
INSERT INTO `runtimeinfo` VALUES (1002,'========[sample.out]=========\nExpected						      |	Yours\n36							      <\n==============================\n========[test0.out]=========\nExpected						      |	Yours\n4							      <\n==============================\n'),(1003,'========[sample.out]=========\nExpected						      |	Yours\n15							      |	0.2\n67							      <\n==============================\n========[test0.out]=========\nExpected						      |	Yours\n12							      |	0.5\n43							      <\n22							      <\n34							      <\n76							      <\n\n==============================\n'),(1004,'========[sample.out]=========\nExpected						      |	Yours\n1234 1243 1324 1342 1423 1432				      |	0.2\n2134 2143 2314 2341 2413 2431				      <\n3124 3142 3214 3241 3412 3421				      <\n4123 4132 4213 4231 4312 4321				      <\n							      <\n1235 1253 1325 1352 1523 1532				      <\n2135 2153 2315 2351 2513 2531				      <\n3125 3152 3215 3251 3512 3521				      <\n5123 5132 5213 5231 5312 5321				      <\n==============================\n========[test0.out]=========\nExpected						      |	Yours\n1234 1243 1324 1342 1423 1432				      |	0.8\n2134 2143 2314 2341 2413 2431				      <\n3124 3142 3214 3241 3412 3421				      <\n4123 4132 4213 4231 4312 4321				      <\n							      <\n1235 1253 1325 1352 1523 1532				      <\n2135 2153 2315 2351 2513 2531				      <\n3125 3152 3215 3251 3512 3521				      <\n5123 5132 5213 5231 5312 5321				      <\n							      <\n4678 4687 4768 4786 4867 4876				      <\n6478 6487 6748 6784 6847 6874				      <\n7468 7486 7648 7684 7846 7864				      <\n8467 8476 8647 8674 8746 8764				      <\n							      <\n3542 3524 3452 3425 3254 3245				      <\n5342 5324 5432 5423 5234 5243				      <\n4352 4325 4532 4523 4235 4253				      <\n2354 2345 2534 2543 2435 2453				      <\n							      <\n6457 6475 6547 6574 6745 6754				      <\n4657 4675 4567 4576 4765 4756				      <\n5647 5674 5467 5476 5764 5746				      <\n7645 7654 7465 7456 7564 7546				      <\n							      <\n2468 2486 2648 2684 2846 2864				      <\n4268 4286 4628 4682 4826 4862				      <\n6248 6284 6428 6482 6824 6842				      <\n8246 8264 8426 8462 8624 8642				      <\n							      <\n4685 4658 4865 4856 4568 4586				      <\n6485 6458 6845 6854 6548 6584				      <\n8465 8456 8645 8654 8546 8564				      <\n5468 5486 5648 5684 5846 5864				      <\n							      <\n7546 7564 7456 7465 7654 7645				      <\n5746 5764 5476 5467 5674 5647				      <\n4756 4765 4576 4567 4675 4657				      <\n6754 6745 6574 6547 6475 6457				      <\n\n==============================\n'),(1006,'========[test1.out]=========\nExpected						      |	Yours\n25218							      \\	100.0\n\n==============================\n========[test5.out]=========\nExpected						      |	Yours\n99871							      \\	400.0\n\n==============================\n========[sample.out]=========\nExpected						      |	Yours\n5							      \\	0.7\n\n==============================\n========[test2.out]=========\nExpected						      |	Yours\n2374							      \\	10.0\n\n==============================\n========[test6.out]=========\nExpected						      |	Yours\n5							      \\	0.7\n\n==============================\n========[test7.out]=========\nExpected						      |	Yours\n52542							      \\	200.0\n\n==============================\n========[test0.out]=========\nExpected						      |	Yours\n104							      \\	1.0\n\n==============================\n========[test3.out]=========\nExpected						      |	Yours\n149341							      \\	600.0\n\n==============================\n========[test4.out]=========\nExpected						      |	Yours\n25849							      \\	100.0\n\n==============================\n'),(1007,'========[sample.out]=========\nExpected						      |	Yours\n1234 1243 1324 1342 1423 1432				      |	0.2\n2134 2143 2314 2341 2413 2431				      <\n3124 3142 3214 3241 3412 3421				      <\n4123 4132 4213 4231 4312 4321				      <\n							      <\n1235 1253 1325 1352 1523 1532				      <\n2135 2153 2315 2351 2513 2531				      <\n3125 3152 3215 3251 3512 3521				      <\n5123 5132 5213 5231 5312 5321				      <\n==============================\n========[test0.out]=========\nExpected						      |	Yours\n1234 1243 1324 1342 1423 1432				      |	0.8\n2134 2143 2314 2341 2413 2431				      <\n3124 3142 3214 3241 3412 3421				      <\n4123 4132 4213 4231 4312 4321				      <\n							      <\n1235 1253 1325 1352 1523 1532				      <\n2135 2153 2315 2351 2513 2531				      <\n3125 3152 3215 3251 3512 3521				      <\n5123 5132 5213 5231 5312 5321				      <\n							      <\n4678 4687 4768 4786 4867 4876				      <\n6478 6487 6748 6784 6847 6874				      <\n7468 7486 7648 7684 7846 7864				      <\n8467 8476 8647 8674 8746 8764				      <\n							      <\n3542 3524 3452 3425 3254 3245				      <\n5342 5324 5432 5423 5234 5243				      <\n4352 4325 4532 4523 4235 4253				      <\n2354 2345 2534 2543 2435 2453				      <\n							      <\n6457 6475 6547 6574 6745 6754				      <\n4657 4675 4567 4576 4765 4756				      <\n5647 5674 5467 5476 5764 5746				      <\n7645 7654 7465 7456 7564 7546				      <\n							      <\n2468 2486 2648 2684 2846 2864				      <\n4268 4286 4628 4682 4826 4862				      <\n6248 6284 6428 6482 6824 6842				      <\n8246 8264 8426 8462 8624 8642				      <\n							      <\n4685 4658 4865 4856 4568 4586				      <\n6485 6458 6845 6854 6548 6584				      <\n8465 8456 8645 8654 8546 8564				      <\n5468 5486 5648 5684 5846 5864				      <\n							      <\n7546 7564 7456 7465 7654 7645				      <\n5746 5764 5476 5467 5674 5647				      <\n4756 4765 4576 4567 4675 4657				      <\n6754 6745 6574 6547 6475 6457				      <\n\n==============================\n'),(1008,'========[sample.out]=========\nExpected						      |	Yours\n54.247							      |	1.0\n785.398							      <\n412.095							      <\n							      <\n\n==============================\n========[test0.out]=========\nExpected						      |	Yours\n841.586							      |	2.4\n70.936							      <\n96.418							      <\n7738.233						      <\n12571.195						      <\n1947.242						      <\n6781.440						      <\n1063.755						      <\n5699.425						      <\n4256.028						      <\n3586.877						      <\n243.777							      <\n12610.115						      <\n1357.168						      <\n9526.672						      <\n169.646							      <\n11666.875						      <\n5748.996						      <\n25849.363						      <\n3938.532						      <\n26652.885						      <\n26848.124						      <\n5387.046						      <\n4299.814						      <\n28082.985						      <\n2684.080						      <\n4607.308						      <\n22896.007						      <\n13176.792						      <\n98.175							      <\n4.431							      <\n27.775							      <\n1357.168						      <\n9516.241						      <\n1096.292						      <\n10087.955						      <\n2441.069						      <\n4235.424						      <\n42241.625						      <\n6.283							      <\n0.785							      <\n14945.322						      <\n12130.024						      <\n33883.389						      <\n1045.365						      <\n5504.356						      <\n6190.587						      <\n6624.157						      <\n6469.735						      <\n6609.184						      <\n481.048							      <\n1045.365						      <\n18625.790						      <\n50258.677						      <\n18206.369						      <\n2155.133						      <\n169.646							      <\n20679.490						      <\n185.830							      <\n4580.442						      <\n9305.477						      <\n21.206							      <\n21385.272						      <\n2060.476						      <\n18.315							      <\n16277.214						      <\n10093.953						      <\n30980.315						      <\n12430.259						      <\n35721.928						      <\n266.442							      <\n4235.763						      <\n7501.965						      <\n1506.987						      <\n169.646							      <\n17549.214						      <\n5076.467						      <\n4273.849						      <\n2476.235						      <\n19249.517						      <\n4406.535						      <\n18301.988						      <\n15703.119						      <\n7450.316						      <\n17029.013						      <\n797.084							      <\n1725.520						      <\n34504.242						      <\n402.124							      <\n22528.635						      <\n14599.754						      <\n4513.267						      <\n3551.200						      <\n5.704							      <\n23402.616						      <\n4770.598						      <\n59.342							      <\n13632.295						      <\n3438.981						      <\n10880.689						      <\n\n==============================\n'),(1011,'========[sample.out]=========\nExpected						      |	Yours\n0.37 -5.37						      /	0\n\n==============================\n========[test0.out]=========\nExpected						      |	Yours\n1.00 1.00						      /	0\n\n==============================\n'),(1012,'========[sample.out]=========\nExpected						      |	Yours\n0.37 -5.37						      |	1.00 1.00\n\n==============================\n'),(1013,'========[sample.out]=========\nExpected						      |	Yours\n54.247							      |	1.00 1.00\n785.398							      <\n412.095							      <\n							      <\n\n==============================\n========[test0.out]=========\nExpected						      |	Yours\n841.586							      |	1.00 1.00\n70.936							      <\n96.418							      <\n7738.233						      <\n12571.195						      <\n1947.242						      <\n6781.440						      <\n1063.755						      <\n5699.425						      <\n4256.028						      <\n3586.877						      <\n243.777							      <\n12610.115						      <\n1357.168						      <\n9526.672						      <\n169.646							      <\n11666.875						      <\n5748.996						      <\n25849.363						      <\n3938.532						      <\n26652.885						      <\n26848.124						      <\n5387.046						      <\n4299.814						      <\n28082.985						      <\n2684.080						      <\n4607.308						      <\n22896.007						      <\n13176.792						      <\n98.175							      <\n4.431							      <\n27.775							      <\n1357.168						      <\n9516.241						      <\n1096.292						      <\n10087.955						      <\n2441.069						      <\n4235.424						      <\n42241.625						      <\n6.283							      <\n0.785							      <\n14945.322						      <\n12130.024						      <\n33883.389						      <\n1045.365						      <\n5504.356						      <\n6190.587						      <\n6624.157						      <\n6469.735						      <\n6609.184						      <\n481.048							      <\n1045.365						      <\n18625.790						      <\n50258.677						      <\n18206.369						      <\n2155.133						      <\n169.646							      <\n20679.490						      <\n185.830							      <\n4580.442						      <\n9305.477						      <\n21.206							      <\n21385.272						      <\n2060.476						      <\n18.315							      <\n16277.214						      <\n10093.953						      <\n30980.315						      <\n12430.259						      <\n35721.928						      <\n266.442							      <\n4235.763						      <\n7501.965						      <\n1506.987						      <\n169.646							      <\n17549.214						      <\n5076.467						      <\n4273.849						      <\n2476.235						      <\n19249.517						      <\n4406.535						      <\n18301.988						      <\n15703.119						      <\n7450.316						      <\n17029.013						      <\n797.084							      <\n1725.520						      <\n34504.242						      <\n402.124							      <\n22528.635						      <\n14599.754						      <\n4513.267						      <\n3551.200						      <\n5.704							      <\n23402.616						      <\n4770.598						      <\n59.342							      <\n13632.295						      <\n3438.981						      <\n10880.689						      <\n\n==============================\n'),(1017,'========[sample.out]=========\nExpected						      |	Yours\nabcxyz							      <\n\n==============================\n========[test0.out]=========\nExpected						      |	Yours\nABCDEFGHIJKLMNOPQRSTUVWXYZabcdefghijklmnopqrstuvwxyzABCDEFGHI <\n==============================\n'),(1018,'========[sample.out]=========\nExpected						      |	Yours\n1 2 3							      |	0.183\n1 3 2							      |	2.198\n2 1 3							      <\n2 3 1							      <\n3 1 2							      <\n3 2 1							      <\n1 2 4							      <\n1 4 2							      <\n2 1 4							      <\n2 4 1							      <\n4 1 2							      <\n4 2 1							      <\n1 3 4							      <\n1 4 3							      <\n3 1 4							      <\n3 4 1							      <\n4 1 3							      <\n4 3 1							      <\n2 3 4							      <\n2 4 3							      <\n3 2 4							      <\n3 4 2							      <\n4 2 3							      <\n4 3 2							      <\n							      <\n\n==============================\n========[test0.out]=========\nExpected						      |	Yours\n1 3 7							      |	0.412\n1 7 3							      |	26.405\n3 1 7							      <\n3 7 1							      <\n7 1 3							      <\n7 3 1							      <\n1 3 9							      <\n1 9 3							      <\n3 1 9							      <\n3 9 1							      <\n9 1 3							      <\n9 3 1							      <\n1 7 9							      <\n1 9 7							      <\n7 1 9							      <\n7 9 1							      <\n9 1 7							      <\n9 7 1							      <\n3 7 9							      <\n3 9 7							      <\n7 3 9							      <\n7 9 3							      <\n9 3 7							      <\n9 7 3							      <\n\n==============================\n'),(1022,'========[test0.out]=========\nExpected						      |	Yours\nABCDEFGHIJKLMNOPQRSTUVWXYZabcdefghijklmnopqrstuvwxyzABCDEFGHI |	abcxyz\n==============================\n'),(1024,'========[sample.out]=========\nExpected						      |	Yours\nabcxyz							      <\n\n==============================\n========[test0.out]=========\nExpected						      |	Yours\nABCDEFGHIJKLMNOPQRSTUVWXYZabcdefghijklmnopqrstuvwxyzABCDEFGHI <\n==============================\n'),(1029,'========[sample.out]=========\nExpected						      |	Yours\nabcxyz							      <\n\n==============================\n========[test0.out]=========\nExpected						      |	Yours\nABCDEFGHIJKLMNOPQRSTUVWXYZabcdefghijklmnopqrstuvwxyzABCDEFGHI <\n==============================\n'),(1030,'========[sample.out]=========\nExpected						      |	Yours\n0.37 -5.37						      |	0.785\n\n==============================\n========[test0.out]=========\nExpected						      |	Yours\n1.00 1.00						      |	0.183\n\n==============================\n'),(1031,'========[sample.out]=========\nExpected						      |	Yours\nX X							      |	0.824\n X							      |	0.785\nX X							      <\n							      <\nX   X							      <\n X X							      <\n  X							      <\n X X							      <\nX   X							      <\n X X							      <\n  X							      <\n X X							      <\nX   X							      <\n X X							      <\n  X							      <\n X X							      <\nX   X							      <\n X X							      <\n  X							      <\n X X							      <\nX   X							      <\n\n==============================\n'),(1034,'========[test0.out]=========\nExpected						      |	Yours\n1 3 7							      |	1 2 3\n1 7 3							      |	1 3 2\n3 1 7							      |	2 1 3\n3 7 1							      |	2 3 1\n7 1 3							      |	3 1 2\n7 3 1							      |	3 2 1\n1 3 9							      |	1 2 4\n1 9 3							      |	1 4 2\n3 1 9							      |	2 1 4\n3 9 1							      |	2 4 1\n9 1 3							      |	4 1 2\n9 3 1							      |	4 2 1\n1 7 9							      |	1 3 4\n1 9 7							      |	1 4 3\n7 1 9							      |	3 1 4\n7 9 1							      |	3 4 1\n9 1 7							      |	4 1 3\n9 7 1							      |	4 3 1\n3 7 9							      |	2 3 4\n3 9 7							      |	2 4 3\n7 3 9							      |	3 2 4\n7 9 3							      |	3 4 2\n9 3 7							      |	4 2 3\n9 7 3							      |	4 3 2\n\n==============================\n'),(1036,'========[test0.out]=========\nExpected						      |	Yours\n1 3 7							      |	1 2 3\n1 7 3							      |	1 3 2\n3 1 7							      |	2 1 3\n3 7 1							      |	2 3 1\n7 1 3							      |	3 1 2\n7 3 1							      |	3 2 1\n1 3 9							      |	1 2 4\n1 9 3							      |	1 4 2\n3 1 9							      |	2 1 4\n3 9 1							      |	2 4 1\n9 1 3							      |	4 1 2\n9 3 1							      |	4 2 1\n1 7 9							      |	1 3 4\n1 9 7							      |	1 4 3\n7 1 9							      |	3 1 4\n7 9 1							      |	3 4 1\n9 1 7							      |	4 1 3\n9 7 1							      |	4 3 1\n3 7 9							      |	2 3 4\n3 9 7							      |	2 4 3\n7 3 9							      |	3 2 4\n7 9 3							      |	3 4 2\n9 3 7							      |	4 2 3\n9 7 3							      |	4 3 2\n\n==============================\n'),(1041,'========[test0.out]=========\nExpected						      |	Yours\nABCDEFGHIJKLMNOPQRSTUVWXYZabcdefghijklmnopqrstuvwxyzABCDEFGHI |	abcxyz\n==============================\n'),(1047,'========[test0.out]=========\nExpected						      |	Yours\nABCDEFGHIJKLMNOPQRSTUVWXYZabcdefghijklmnopqrstuvwxyzABCDEFGHI |	abcxyz\n==============================\n'),(1049,'========[sample.out]=========\nExpected						      |	Yours\nabcxyz							      /	');
/*!40000 ALTER TABLE `runtimeinfo` ENABLE KEYS */;
UNLOCK TABLES;

--
-- Table structure for table `sim`
--

DROP TABLE IF EXISTS `sim`;
/*!40101 SET @saved_cs_client     = @@character_set_client */;
/*!40101 SET character_set_client = utf8 */;
CREATE TABLE `sim` (
  `s_id` int(11) NOT NULL,
  `sim_s_id` int(11) DEFAULT NULL,
  `sim` int(11) DEFAULT NULL,
  PRIMARY KEY (`s_id`)
) ENGINE=MyISAM DEFAULT CHARSET=utf8;
/*!40101 SET character_set_client = @saved_cs_client */;

--
-- Dumping data for table `sim`
--

LOCK TABLES `sim` WRITE;
/*!40000 ALTER TABLE `sim` DISABLE KEYS */;
/*!40000 ALTER TABLE `sim` ENABLE KEYS */;
UNLOCK TABLES;
/*!50003 SET @saved_cs_client      = @@character_set_client */ ;
/*!50003 SET @saved_cs_results     = @@character_set_results */ ;
/*!50003 SET @saved_col_connection = @@collation_connection */ ;
/*!50003 SET character_set_client  = utf8 */ ;
/*!50003 SET character_set_results = utf8 */ ;
/*!50003 SET collation_connection  = utf8_general_ci */ ;
/*!50003 SET @saved_sql_mode       = @@sql_mode */ ;
/*!50003 SET sql_mode              = '' */ ;
DELIMITER ;;
/*!50003 CREATE*/ /*!50017 DEFINER=`debian-sys-maint`@`localhost`*/ /*!50003 trigger simfilter
before insert on sim
for each row
begin
 declare new_user_id varchar(64);
 declare old_user_id varchar(64);
 select user_id from solution where solution_id=new.s_id into new_user_id;
 select user_id from solution where solution_id=new.sim_s_id into old_user_id;
 if old_user_id=new_user_id then
	set new.s_id=0;
 end if;
 
end */;;
DELIMITER ;
/*!50003 SET sql_mode              = @saved_sql_mode */ ;
/*!50003 SET character_set_client  = @saved_cs_client */ ;
/*!50003 SET character_set_results = @saved_cs_results */ ;
/*!50003 SET collation_connection  = @saved_col_connection */ ;

--
-- Table structure for table `solution`
--

DROP TABLE IF EXISTS `solution`;
/*!40101 SET @saved_cs_client     = @@character_set_client */;
/*!40101 SET character_set_client = utf8 */;
CREATE TABLE `solution` (
  `solution_id` int(11) NOT NULL AUTO_INCREMENT,
  `problem_id` int(11) NOT NULL DEFAULT '0',
  `user_id` char(48) NOT NULL,
  `time` int(11) NOT NULL DEFAULT '0',
  `memory` int(11) NOT NULL DEFAULT '0',
  `in_date` datetime NOT NULL DEFAULT '2016-05-13 19:24:00',
  `result` smallint(6) NOT NULL DEFAULT '0',
  `language` int(10) unsigned NOT NULL DEFAULT '0',
  `ip` char(46) NOT NULL,
  `contest_id` int(11) DEFAULT NULL,
  `valid` tinyint(4) NOT NULL DEFAULT '1',
  `num` tinyint(4) NOT NULL DEFAULT '-1',
  `code_length` int(11) NOT NULL DEFAULT '0',
  `judgetime` timestamp NULL DEFAULT CURRENT_TIMESTAMP,
  `pass_rate` decimal(3,2) unsigned NOT NULL DEFAULT '0.00',
  `lint_error` int(10) unsigned NOT NULL DEFAULT '0',
  `judger` char(16) NOT NULL DEFAULT 'LOCAL',
  `is_expire` tinyint(2) NOT NULL DEFAULT '1' COMMENT '过期状态，为1为正常情况下提交的成绩，为2则是已结束情况下提交的成绩',
  PRIMARY KEY (`solution_id`),
  KEY `uid` (`user_id`),
  KEY `pid` (`problem_id`),
  KEY `res` (`result`),
  KEY `cid` (`contest_id`)
) ENGINE=MyISAM AUTO_INCREMENT=1060 DEFAULT CHARSET=utf8 ROW_FORMAT=FIXED;
/*!40101 SET character_set_client = @saved_cs_client */;

--
-- Dumping data for table `solution`
--

LOCK TABLES `solution` WRITE;
/*!40000 ALTER TABLE `solution` DISABLE KEYS */;
INSERT INTO `solution` VALUES (1001,1000,'admin',0,0,'2019-01-01 17:06:30',11,0,'124.93.200.217',NULL,1,-1,51,'2019-01-01 09:06:31',0.00,0,'122.114.61.214',1),(1002,1000,'admin',0,936,'2019-01-01 17:06:45',6,0,'124.93.200.217',NULL,1,-1,50,'2019-01-01 09:06:46',0.00,0,'122.114.61.214',1),(1003,1101,'admin',0,944,'2019-01-05 19:53:40',6,0,'124.93.200.217',NULL,1,-1,290,'2019-01-05 11:53:41',0.00,0,'122.114.61.214',1),(1004,1110,'admin',0,944,'2019-01-05 19:54:01',6,0,'124.93.200.217',NULL,1,-1,290,'2019-01-05 11:54:01',0.00,0,'122.114.61.214',1),(1005,1002,'test',0,0,'2019-01-05 20:01:19',11,0,'123.185.145.253',NULL,1,-1,3,'2019-01-05 12:01:20',0.00,0,'122.114.61.214',1),(1006,1103,'admin',6,944,'2019-01-06 09:21:51',6,0,'113.226.112.68',NULL,1,-1,290,'2019-01-06 01:21:55',0.00,0,'122.114.61.214',1),(1007,1110,'admin',0,944,'2019-01-06 15:01:31',6,0,'124.93.200.217',NULL,1,-1,290,'2019-01-06 07:01:33',0.00,0,'122.114.61.214',1),(1008,1001,'admin',0,944,'2019-01-06 17:46:11',6,0,'124.93.200.217',1001,1,1,290,'2019-01-06 09:46:12',0.00,0,'122.114.61.214',1),(1009,1000,'admin',0,960,'2019-01-06 17:50:04',4,0,'124.93.200.217',NULL,1,-1,1121,'2019-01-06 09:50:06',1.00,0,'122.114.61.214',1),(1010,1000,'admin',0,960,'2019-01-06 17:51:54',4,0,'124.93.200.217',1001,1,0,1121,'2019-01-06 09:51:55',1.00,0,'122.114.61.214',1),(1011,1002,'admin',0,960,'2019-01-06 17:52:27',6,1,'124.93.200.217',1001,1,2,1121,'2019-01-06 09:52:29',0.00,0,'122.114.61.214',1),(1012,1002,'test',0,940,'2019-01-06 18:08:44',6,1,'124.93.200.217',1001,1,2,83,'2019-01-06 10:08:45',0.50,0,'122.114.61.214',1),(1013,1001,'admin',0,940,'2019-01-06 19:10:37',6,1,'124.93.200.217',NULL,1,-1,83,'2019-01-06 11:10:39',0.00,0,'122.114.61.214',1),(1014,1004,'1111',0,0,'2019-01-06 21:57:26',11,0,'124.93.200.216',NULL,1,-1,8,'2019-01-06 13:57:27',0.00,0,'122.114.61.214',1),(1015,1001,'test',6,948,'2019-01-15 09:42:01',4,0,'124.93.200.217',1001,1,1,508,'2019-01-15 01:42:03',1.00,0,'122.114.61.214',2),(1016,1001,'admin',12,944,'2019-01-15 10:02:29',4,0,'124.93.200.217',1003,1,0,490,'2019-01-15 02:02:30',1.00,0,'122.114.61.214',1),(1017,1003,'admin',0,940,'2019-01-15 10:02:48',6,0,'124.93.200.217',1003,1,1,490,'2019-01-15 02:02:49',0.00,0,'122.114.61.214',1),(1018,1004,'admin',0,944,'2019-01-15 10:03:04',6,0,'124.93.200.217',1003,1,2,490,'2019-01-15 02:03:05',0.00,0,'122.114.61.214',1),(1019,1003,'test',0,0,'2019-01-15 10:04:07',11,0,'124.93.200.217',1003,1,1,132,'2019-01-15 02:04:08',0.00,0,'122.114.61.214',1),(1020,1003,'test',0,0,'2019-01-15 10:04:21',11,0,'124.93.200.217',1003,1,1,115,'2019-01-15 02:04:22',0.00,0,'122.114.61.214',1),(1021,1003,'test',0,0,'2019-01-15 10:04:52',11,0,'124.93.200.217',1003,1,1,81,'2019-01-15 02:04:53',0.00,0,'122.114.61.214',1),(1022,1003,'test',0,940,'2019-01-15 10:05:19',6,0,'124.93.200.217',1003,1,1,80,'2019-01-15 02:05:20',0.50,0,'122.114.61.214',1),(1023,1001,'test',9,948,'2019-01-15 10:06:15',4,0,'124.93.200.217',1003,1,0,413,'2019-01-15 02:06:16',1.00,0,'122.114.61.214',1),(1024,1003,'abc123',0,944,'2019-01-15 10:25:53',6,0,'124.93.200.217',1003,1,1,413,'2019-01-15 02:25:54',0.00,0,'122.114.61.214',1),(1025,1001,'abc123',6,948,'2019-01-15 10:26:03',4,0,'124.93.200.217',1003,1,0,413,'2019-01-15 02:26:04',1.00,0,'122.114.61.214',1),(1026,1004,'abc123',9,948,'2019-01-15 10:26:17',9,0,'124.93.200.217',1003,1,2,413,'2019-01-15 02:26:19',0.00,0,'122.114.61.214',1),(1027,1001,'admin',0,0,'2019-01-15 11:06:23',11,0,'124.93.200.217',1004,1,0,220,'2019-01-15 03:06:25',0.00,0,'122.114.61.214',1),(1028,1001,'admin',9,948,'2019-01-15 11:07:14',4,0,'124.93.200.217',1004,1,0,508,'2019-01-15 03:07:15',1.00,0,'122.114.61.214',1),(1029,1003,'admin',3,944,'2019-01-15 11:07:41',6,0,'124.93.200.217',1004,1,2,508,'2019-01-15 03:07:42',0.00,0,'122.114.61.214',1),(1030,1002,'admin',12,948,'2019-01-15 11:08:07',6,0,'124.93.200.217',1004,1,1,508,'2019-01-15 03:08:09',0.00,0,'122.114.61.214',1),(1031,1005,'admin',0,948,'2019-01-15 11:08:25',6,0,'124.93.200.217',1004,1,4,508,'2019-01-15 03:08:26',0.00,0,'122.114.61.214',1),(1032,1004,'abc123',0,0,'2019-01-15 11:09:59',11,0,'124.93.200.217',1003,1,2,1701,'2019-01-15 03:10:00',0.00,0,'122.114.61.214',2),(1033,1004,'abc123',3,1528,'2019-01-15 11:10:20',4,0,'124.93.200.217',1003,1,2,1106,'2019-01-15 03:10:22',1.00,0,'122.114.61.214',2),(1034,1004,'abc123',0,940,'2019-01-15 11:51:13',6,0,'175.167.146.20',1003,1,2,606,'2019-01-15 03:51:14',0.50,0,'122.114.61.214',2),(1035,1004,'abc123',0,0,'2019-01-15 11:51:49',11,0,'175.167.146.20',1003,1,2,1106,'2019-01-15 03:51:49',0.00,0,'122.114.61.214',2),(1036,1004,'abc123',0,940,'2019-01-15 11:54:30',6,1,'175.167.146.20',1003,1,2,606,'2019-01-15 03:54:31',0.50,0,'122.114.61.214',2),(1037,1004,'abc123',0,0,'2019-01-15 14:23:13',11,1,'124.93.200.217',1003,1,2,606,'2019-01-15 06:23:14',0.00,0,'122.114.61.214',2),(1038,1004,'abc123',0,0,'2019-01-15 14:23:30',11,1,'124.93.200.217',1003,1,2,606,'2019-01-15 06:23:31',0.00,0,'122.114.61.214',2),(1039,1004,'test',0,1528,'2019-01-15 14:24:04',4,1,'124.93.200.217',1003,1,2,1106,'2019-01-15 06:24:06',1.00,0,'122.114.61.214',2),(1040,1004,'test',0,1528,'2019-01-15 14:25:00',4,1,'124.93.200.217',1003,1,2,1106,'2019-01-15 06:25:02',1.00,0,'122.114.61.214',2),(1041,1003,'admin',3,940,'2019-01-15 15:09:17',6,0,'175.167.146.20',1003,1,1,53,'2019-01-15 07:09:19',0.50,0,'122.114.61.214',2),(1042,1003,'test',0,0,'2019-01-15 15:11:27',11,0,'175.167.146.20',1003,1,1,84,'2019-01-15 07:11:28',0.00,0,'122.114.61.214',2),(1043,1003,'test',0,0,'2019-01-15 15:11:47',11,0,'175.167.146.20',1003,1,1,85,'2019-01-15 07:11:49',0.00,0,'122.114.61.214',2),(1044,1003,'test',0,0,'2019-01-15 15:12:02',11,0,'175.167.146.20',1003,1,1,85,'2019-01-15 07:12:04',0.00,0,'122.114.61.214',2),(1045,1003,'test',0,0,'2019-01-15 15:12:21',11,0,'175.167.146.20',1003,1,1,86,'2019-01-15 07:12:22',0.00,0,'122.114.61.214',2),(1046,1003,'test',0,0,'2019-01-15 15:13:17',11,0,'175.167.146.20',1003,1,1,91,'2019-01-15 07:13:18',0.00,0,'122.114.61.214',2),(1047,1003,'test',0,944,'2019-01-15 15:14:44',6,0,'175.167.146.20',1003,1,1,93,'2019-01-15 07:14:45',0.00,0,'122.114.61.214',2),(1048,1003,'test123',0,0,'2019-01-15 15:16:40',11,1,'124.93.200.217',1003,1,1,54,'2019-01-15 07:16:41',0.00,0,'122.114.61.214',2),(1049,1003,'test',0,944,'2019-01-15 15:17:18',6,0,'175.167.146.20',1003,1,1,300,'2019-01-15 07:17:19',0.00,0,'122.114.61.214',2),(1050,1003,'admin',0,0,'2019-01-15 15:24:50',11,0,'124.93.200.217',1003,1,1,77,'2019-01-15 07:24:50',0.00,0,'122.114.61.214',2),(1051,1003,'admin',0,0,'2019-01-15 15:25:28',11,0,'124.93.200.217',1003,1,1,80,'2019-01-15 07:25:29',0.00,0,'122.114.61.214',2),(1052,1003,'test',0,0,'2019-01-15 15:36:58',11,0,'124.93.200.217',1003,1,1,100,'2019-01-15 07:36:59',0.00,0,'122.114.61.214',2),(1053,1001,'1234',0,0,'2019-01-15 15:42:00',11,0,'124.93.200.217',1004,1,0,60,'2019-01-15 07:42:01',0.00,0,'122.114.61.214',2),(1054,1014,'1234',0,0,'2019-01-15 20:35:41',0,0,'127.0.0.1',NULL,1,-1,21,'2019-01-15 12:35:41',0.00,0,'LOCAL',1),(1055,1015,'admin',0,0,'2019-03-11 19:57:32',0,0,'127.0.0.1',NULL,1,-1,115,'2019-03-11 11:57:32',0.00,0,'LOCAL',1),(1056,1015,'admin',0,0,'2019-03-11 20:34:11',0,0,'127.0.0.1',NULL,1,-1,52,'2019-03-11 12:34:11',0.00,0,'LOCAL',1),(1057,1015,'admin',0,0,'2019-03-11 20:38:53',0,0,'127.0.0.1',NULL,1,-1,18,'2019-03-11 12:38:53',0.00,0,'LOCAL',1),(1058,1015,'admin',0,0,'2019-03-12 19:45:11',0,0,'127.0.0.1',NULL,1,-1,74,'2019-03-12 11:45:11',0.00,0,'LOCAL',1),(1059,1015,'admin',0,0,'2019-03-12 20:17:14',0,0,'127.0.0.1',NULL,1,-1,20,'2019-03-12 12:17:14',0.00,0,'LOCAL',1);
/*!40000 ALTER TABLE `solution` ENABLE KEYS */;
UNLOCK TABLES;

--
-- Table structure for table `source_code`
--

DROP TABLE IF EXISTS `source_code`;
/*!40101 SET @saved_cs_client     = @@character_set_client */;
/*!40101 SET character_set_client = utf8 */;
CREATE TABLE `source_code` (
  `solution_id` int(11) NOT NULL,
  `source` text NOT NULL,
  PRIMARY KEY (`solution_id`)
) ENGINE=MyISAM DEFAULT CHARSET=utf8;
/*!40101 SET character_set_client = @saved_cs_client */;

--
-- Dumping data for table `source_code`
--

LOCK TABLES `source_code` WRITE;
/*!40000 ALTER TABLE `source_code` DISABLE KEYS */;
INSERT INTO `source_code` VALUES (1001,'#include<stdio.h>\r\nintt main()\r\n{\r\n    return 0;\r\n}'),(1002,'#include<stdio.h>\r\nint main()\r\n{\r\n    return 0;\r\n}'),(1003,'#include <stdio.h>\r\nint main()\r\n{\r\n    int i;\r\n    float bonus;\r\n    scanf(\"%d\",&i);\r\n\r\n    if(i<=100000)\r\n        bonus=i*0.1;\r\n    else if(i<=400000)\r\n        bonus= 10000+(i-100000)*0.05;\r\n    else\r\n        bonus= 25000+(i-400000)*0.03;\r\n\r\n    printf(\"%.1f\\n\",bonus);\r\n    return 0;\r\n}\r\n'),(1004,'#include <stdio.h>\r\nint main()\r\n{\r\n    int i;\r\n    float bonus;\r\n    scanf(\"%d\",&i);\r\n\r\n    if(i<=100000)\r\n        bonus=i*0.1;\r\n    else if(i<=400000)\r\n        bonus= 10000+(i-100000)*0.05;\r\n    else\r\n        bonus= 25000+(i-400000)*0.03;\r\n\r\n    printf(\"%.1f\\n\",bonus);\r\n    return 0;\r\n}\r\n'),(1005,'123'),(1006,'#include <stdio.h>\r\nint main()\r\n{\r\n    int i;\r\n    float bonus;\r\n    scanf(\"%d\",&i);\r\n \r\n    if(i<=100000)\r\n        bonus=i*0.1;\r\n    else if(i<=400000)\r\n        bonus= 10000+(i-100000)*0.05;\r\n    else\r\n        bonus= 25000+(i-400000)*0.03;\r\n \r\n    printf(\"%.1f\\n\",bonus);\r\n    return 0;\r\n}'),(1007,'#include <stdio.h>\r\nint main()\r\n{\r\n    int i;\r\n    float bonus;\r\n    scanf(\"%d\",&i);\r\n\r\n    if(i<=100000)\r\n        bonus=i*0.1;\r\n    else if(i<=400000)\r\n        bonus= 10000+(i-100000)*0.05;\r\n    else\r\n        bonus= 25000+(i-400000)*0.03;\r\n\r\n    printf(\"%.1f\\n\",bonus);\r\n    return 0;\r\n}\r\n'),(1008,'#include <stdio.h>\r\nint main()\r\n{\r\n    int i;\r\n    float bonus;\r\n    scanf(\"%d\",&i);\r\n\r\n    if(i<=100000)\r\n        bonus=i*0.1;\r\n    else if(i<=400000)\r\n        bonus= 10000+(i-100000)*0.05;\r\n    else\r\n        bonus= 25000+(i-400000)*0.03;\r\n\r\n    printf(\"%.1f\\n\",bonus);\r\n    return 0;\r\n}\r\n'),(1009,'#include<stdio.h>\r\n#include<stdlib.h>\r\n#include<string.h>\r\n#include<math.h>\r\nlong C(int n,int m)          //C(n-1)(m)计算排列数，其中n为最大数值+1（进制），m为当前位置\r\n{\r\n    int i;\r\n    long sum=1;\r\n    for(i=1;i<=m;i++)\r\n        sum*=(n-i);\r\n    for(i=2;i<=m;i++)\r\n        sum=sum/i;\r\n    return sum;\r\n}\r\nint main()\r\n{\r\n    long sum=0;              //sum用于计算符合的总数\r\n    int k,w,max,wei,high,i;  //max为X进制,wei为位数,high为最高位能取得的最大数,i循环用\r\n    scanf(\"%d%d\",&k,&w);\r\n    max=pow(2,k);\r\n    wei=w/k+1;               //设w不能除尽k,所以设多一位\r\n    high=pow(2,w%k)-1;       //假设w能除尽k,最高位high能取得的最大数为0\r\n    if(max-wei<high)\r\n        high=max-wei;        //high既小于二进制余出来的位数所能得到的最大数又小于X进制减位数\r\n    for(i=2;i<wei;i++)       //从第二位开始(从右往左),对每一位数(除最高位)计算排列数\r\n    sum+=C(max,i);\r\n    if(high!=0)\r\n    sum+=(C(max,wei)-C(max-high,wei)); //计算最高位的排列数\r\n    printf(\"%ld\",sum);\r\n    return 0;\r\n}'),(1010,'#include<stdio.h>\r\n#include<stdlib.h>\r\n#include<string.h>\r\n#include<math.h>\r\nlong C(int n,int m)          //C(n-1)(m)计算排列数，其中n为最大数值+1（进制），m为当前位置\r\n{\r\n    int i;\r\n    long sum=1;\r\n    for(i=1;i<=m;i++)\r\n        sum*=(n-i);\r\n    for(i=2;i<=m;i++)\r\n        sum=sum/i;\r\n    return sum;\r\n}\r\nint main()\r\n{\r\n    long sum=0;              //sum用于计算符合的总数\r\n    int k,w,max,wei,high,i;  //max为X进制,wei为位数,high为最高位能取得的最大数,i循环用\r\n    scanf(\"%d%d\",&k,&w);\r\n    max=pow(2,k);\r\n    wei=w/k+1;               //设w不能除尽k,所以设多一位\r\n    high=pow(2,w%k)-1;       //假设w能除尽k,最高位high能取得的最大数为0\r\n    if(max-wei<high)\r\n        high=max-wei;        //high既小于二进制余出来的位数所能得到的最大数又小于X进制减位数\r\n    for(i=2;i<wei;i++)       //从第二位开始(从右往左),对每一位数(除最高位)计算排列数\r\n    sum+=C(max,i);\r\n    if(high!=0)\r\n    sum+=(C(max,wei)-C(max-high,wei)); //计算最高位的排列数\r\n    printf(\"%ld\",sum);\r\n    return 0;\r\n}'),(1011,'#include<stdio.h>\r\n#include<stdlib.h>\r\n#include<string.h>\r\n#include<math.h>\r\nlong C(int n,int m)          //C(n-1)(m)计算排列数，其中n为最大数值+1（进制），m为当前位置\r\n{\r\n    int i;\r\n    long sum=1;\r\n    for(i=1;i<=m;i++)\r\n        sum*=(n-i);\r\n    for(i=2;i<=m;i++)\r\n        sum=sum/i;\r\n    return sum;\r\n}\r\nint main()\r\n{\r\n    long sum=0;              //sum用于计算符合的总数\r\n    int k,w,max,wei,high,i;  //max为X进制,wei为位数,high为最高位能取得的最大数,i循环用\r\n    scanf(\"%d%d\",&k,&w);\r\n    max=pow(2,k);\r\n    wei=w/k+1;               //设w不能除尽k,所以设多一位\r\n    high=pow(2,w%k)-1;       //假设w能除尽k,最高位high能取得的最大数为0\r\n    if(max-wei<high)\r\n        high=max-wei;        //high既小于二进制余出来的位数所能得到的最大数又小于X进制减位数\r\n    for(i=2;i<wei;i++)       //从第二位开始(从右往左),对每一位数(除最高位)计算排列数\r\n    sum+=C(max,i);\r\n    if(high!=0)\r\n    sum+=(C(max,wei)-C(max-high,wei)); //计算最高位的排列数\r\n    printf(\"%ld\",sum);\r\n    return 0;\r\n}'),(1012,'#include <stdio.h>\r\nint main()\r\n{\r\n\r\n    printf(\"1.00 1.00\\n\");\r\n    return 0;\r\n}\r\n'),(1013,'#include <stdio.h>\r\nint main()\r\n{\r\n\r\n    printf(\"1.00 1.00\\n\");\r\n    return 0;\r\n}\r\n'),(1014,'kjhkhkjh'),(1015,'#include <stdio.h>\r\n#define PI 3.141592653589793238\r\n \r\nint main()\r\n{\r\n    double w, h, r, result1, result2;\r\n    while(scanf(\"%lf%lf\", &w, &h) == 2 && w != 0)\r\n    {\r\n        r = w / (2 * PI);//第一种情况\r\n        result1 = PI * r * r * (h - 2 * r);\r\n        r = h / (2 * PI + 2);\r\n        r = r * 2 > w ? w / 2 : r;//第二种情况\r\n        result2 = PI * r * r * w;\r\n        printf(\"%.3f\\n\", result1>result2 ? result1:result2);\r\n    }//输出两种情况算出来的最大者即可\r\n    return 0;\r\n}'),(1016,'#define PI 3.141592653589793238\r\n \r\nint main()\r\n{\r\n    double w, h, r, result1, result2;\r\n    while(scanf(\"%lf%lf\", &w, &h) == 2 && w != 0)\r\n    {\r\n        r = w / (2 * PI);//第一种情况\r\n        result1 = PI * r * r * (h - 2 * r);\r\n        r = h / (2 * PI + 2);\r\n        r = r * 2 > w ? w / 2 : r;//第二种情况\r\n        result2 = PI * r * r * w;\r\n        printf(\"%.3f\\n\", result1>result2 ? result1:result2);\r\n    }//输出两种情况算出来的最大者即可\r\n    return 0;\r\n}\r\n'),(1017,'#define PI 3.141592653589793238\r\n \r\nint main()\r\n{\r\n    double w, h, r, result1, result2;\r\n    while(scanf(\"%lf%lf\", &w, &h) == 2 && w != 0)\r\n    {\r\n        r = w / (2 * PI);//第一种情况\r\n        result1 = PI * r * r * (h - 2 * r);\r\n        r = h / (2 * PI + 2);\r\n        r = r * 2 > w ? w / 2 : r;//第二种情况\r\n        result2 = PI * r * r * w;\r\n        printf(\"%.3f\\n\", result1>result2 ? result1:result2);\r\n    }//输出两种情况算出来的最大者即可\r\n    return 0;\r\n}\r\n'),(1018,'#define PI 3.141592653589793238\r\n \r\nint main()\r\n{\r\n    double w, h, r, result1, result2;\r\n    while(scanf(\"%lf%lf\", &w, &h) == 2 && w != 0)\r\n    {\r\n        r = w / (2 * PI);//第一种情况\r\n        result1 = PI * r * r * (h - 2 * r);\r\n        r = h / (2 * PI + 2);\r\n        r = r * 2 > w ? w / 2 : r;//第二种情况\r\n        result2 = PI * r * r * w;\r\n        printf(\"%.3f\\n\", result1>result2 ? result1:result2);\r\n    }//输出两种情况算出来的最大者即可\r\n    return 0;\r\n}\r\n'),(1019,'#define PI 3.141592653589793238\r\n \r\nint main()\r\n{\r\n    double w, h, r, result1, result2;\r\n    prrintf(\"abcxyz\");\r\n    return 0;\r\n}\r\n'),(1020,'#include<stdio.h>\r\nint main()\r\n{\r\n    double w, h, r, result1, result2;\r\n    prrintf(\"abcxyz\");\r\n    return 0;\r\n}\r\n'),(1021,'#include<stdio.h>\r\nint main()\r\n{\r\n   \r\n    prrintf(\"abcxyz\");\r\n    return 0;\r\n}\r\n'),(1022,'#include<stdio.h>\r\nint main()\r\n{\r\n   \r\n    printf(\"abcxyz\");\r\n    return 0;\r\n}\r\n'),(1023,'#include <stdio.h>\r\n#define PAI 3.1415926535898\r\nvoid main()\r\n{\r\n    double w,h,radii,volume1,volume2;\r\n \r\n    while (scanf(\"%lf%lf\",&w,&h)&&w!=0&&h!=0)\r\n    {\r\n        radii=h/2/(1+PAI);\r\n        if (2*radii>w)\r\n            radii=w/2;\r\n        volume1=PAI*radii*radii*w;\r\n        radii=w/2/PAI;\r\n        volume2=PAI*radii*radii*(h-2*radii);\r\n        printf(\"%.3lf\\n\",(volume1>volume2)?volume1:volume2);\r\n    }\r\n}'),(1024,'#include <stdio.h>\r\n#define PAI 3.1415926535898\r\nvoid main()\r\n{\r\n    double w,h,radii,volume1,volume2;\r\n \r\n    while (scanf(\"%lf%lf\",&w,&h)&&w!=0&&h!=0)\r\n    {\r\n        radii=h/2/(1+PAI);\r\n        if (2*radii>w)\r\n            radii=w/2;\r\n        volume1=PAI*radii*radii*w;\r\n        radii=w/2/PAI;\r\n        volume2=PAI*radii*radii*(h-2*radii);\r\n        printf(\"%.3lf\\n\",(volume1>volume2)?volume1:volume2);\r\n    }\r\n}'),(1025,'#include <stdio.h>\r\n#define PAI 3.1415926535898\r\nvoid main()\r\n{\r\n    double w,h,radii,volume1,volume2;\r\n \r\n    while (scanf(\"%lf%lf\",&w,&h)&&w!=0&&h!=0)\r\n    {\r\n        radii=h/2/(1+PAI);\r\n        if (2*radii>w)\r\n            radii=w/2;\r\n        volume1=PAI*radii*radii*w;\r\n        radii=w/2/PAI;\r\n        volume2=PAI*radii*radii*(h-2*radii);\r\n        printf(\"%.3lf\\n\",(volume1>volume2)?volume1:volume2);\r\n    }\r\n}'),(1026,'#include <stdio.h>\r\n#define PAI 3.1415926535898\r\nvoid main()\r\n{\r\n    double w,h,radii,volume1,volume2;\r\n \r\n    while (scanf(\"%lf%lf\",&w,&h)&&w!=0&&h!=0)\r\n    {\r\n        radii=h/2/(1+PAI);\r\n        if (2*radii>w)\r\n            radii=w/2;\r\n        volume1=PAI*radii*radii*w;\r\n        radii=w/2/PAI;\r\n        volume2=PAI*radii*radii*(h-2*radii);\r\n        printf(\"%.3lf\\n\",(volume1>volume2)?volume1:volume2);\r\n    }\r\n}'),(1027,'1.全站公告\r\n2.在线课堂显示学习人数\r\n3.考试栏目状态里“已结束”、“进行中”，“开始于”等状态颜色 与 比赛栏目一致\r\n4.考试添加是倒序的，变成新发布的在前面'),(1028,'#include <stdio.h>\r\n#define PI 3.141592653589793238\r\n \r\nint main()\r\n{\r\n    double w, h, r, result1, result2;\r\n    while(scanf(\"%lf%lf\", &w, &h) == 2 && w != 0)\r\n    {\r\n        r = w / (2 * PI);//第一种情况\r\n        result1 = PI * r * r * (h - 2 * r);\r\n        r = h / (2 * PI + 2);\r\n        r = r * 2 > w ? w / 2 : r;//第二种情况\r\n        result2 = PI * r * r * w;\r\n        printf(\"%.3f\\n\", result1>result2 ? result1:result2);\r\n    }//输出两种情况算出来的最大者即可\r\n    return 0;\r\n}'),(1029,'#include <stdio.h>\r\n#define PI 3.141592653589793238\r\n \r\nint main()\r\n{\r\n    double w, h, r, result1, result2;\r\n    while(scanf(\"%lf%lf\", &w, &h) == 2 && w != 0)\r\n    {\r\n        r = w / (2 * PI);//第一种情况\r\n        result1 = PI * r * r * (h - 2 * r);\r\n        r = h / (2 * PI + 2);\r\n        r = r * 2 > w ? w / 2 : r;//第二种情况\r\n        result2 = PI * r * r * w;\r\n        printf(\"%.3f\\n\", result1>result2 ? result1:result2);\r\n    }//输出两种情况算出来的最大者即可\r\n    return 0;\r\n}'),(1030,'#include <stdio.h>\r\n#define PI 3.141592653589793238\r\n \r\nint main()\r\n{\r\n    double w, h, r, result1, result2;\r\n    while(scanf(\"%lf%lf\", &w, &h) == 2 && w != 0)\r\n    {\r\n        r = w / (2 * PI);//第一种情况\r\n        result1 = PI * r * r * (h - 2 * r);\r\n        r = h / (2 * PI + 2);\r\n        r = r * 2 > w ? w / 2 : r;//第二种情况\r\n        result2 = PI * r * r * w;\r\n        printf(\"%.3f\\n\", result1>result2 ? result1:result2);\r\n    }//输出两种情况算出来的最大者即可\r\n    return 0;\r\n}'),(1031,'#include <stdio.h>\r\n#define PI 3.141592653589793238\r\n \r\nint main()\r\n{\r\n    double w, h, r, result1, result2;\r\n    while(scanf(\"%lf%lf\", &w, &h) == 2 && w != 0)\r\n    {\r\n        r = w / (2 * PI);//第一种情况\r\n        result1 = PI * r * r * (h - 2 * r);\r\n        r = h / (2 * PI + 2);\r\n        r = r * 2 > w ? w / 2 : r;//第二种情况\r\n        result2 = PI * r * r * w;\r\n        printf(\"%.3f\\n\", result1>result2 ? result1:result2);\r\n    }//输出两种情况算出来的最大者即可\r\n    return 0;\r\n}'),(1032,'#include<iostream>\r\nusing namespace std;\r\nvoid output();\r\nint A[3];\r\nint B[4];\r\n \r\nint main()\r\n{\r\nfor(int i=0;i<4;i++)\r\ncin>>B[i];\r\n \r\n/*------------------------------*/\r\nA[0]=B[0];\r\nA[1]=B[1];\r\nA[2]=B[2];\r\noutput();\r\n/*------------------------------*/\r\nA[0]=B[0];  \r\nA[1]=B[1];\r\nA[2]=B[3];\r\noutput();\r\n/*------------------------------*/\r\nA[0]=B[0];\r\nA[1]=B[2];\r\nA[2]=B[3];\r\noutput();\r\n/*------------------------------*/\r\nA[0]=B[1];\r\nA[1]=B[2];\r\nA[2]=B[3];\r\noutput();\r\n/*------------------------------*/\r\nreturn 0;\r\n}\r\n \r\nvoid output()\r\n{\r\ncout<<A[0]<<\" \"<<A[1]<<\" \"<<A[2]<<endl;\r\ncout<<A[0]<<\" \"<<A[2]<<\" \"<<A[1]<<endl;\r\ncout<<A[1]<<\" \"<<A[0]<<\" \"<<A[2]<<endl;\r\ncout<<A[1]<<\" \"<<A[2]<<\" \"<<A[0]<<endl;\r\ncout<<A[2]<<\" \"<<A[0]<<\" \"<<A[1]<<endl;\r\ncout<<A[2]<<\" \"<<A[1]<<\" \"<<A[0]<<endl;\r\n}\r\n\r\n代码2:\r\n\r\n1\r\n2\r\n3\r\n4\r\n5\r\n6\r\n7\r\n8\r\n9\r\n10\r\n11\r\n12\r\n13\r\n14\r\n15\r\n16\r\n17\r\n18\r\n19\r\n20\r\n21\r\n22\r\n23\r\n24\r\n25\r\n26\r\n27\r\n28\r\n29\r\n30\r\n31\r\n32\r\n33\r\n34\r\n35\r\n36\r\n37\r\n38\r\n39\r\n40\r\n41\r\n42\r\n43\r\n44\r\n#include<iostream>\r\nusing namespace std;\r\nvoid output();\r\nint A[3];\r\nint B[4];\r\n \r\nint main()\r\n{\r\nfor(int i=0;i<4;i++)\r\ncin>>B[i];\r\n \r\n/*------------------------------*/\r\nA[0]=B[0];\r\nA[1]=B[1];\r\nA[2]=B[2];\r\noutput();\r\n/*------------------------------*/\r\n \r\n \r\nA[2]=B[3];\r\noutput();\r\n/*------------------------------*/\r\n \r\nA[1]=B[2];\r\n \r\noutput();\r\n/*------------------------------*/\r\nA[0]=B[1];\r\n \r\n \r\noutput();\r\n/*------------------------------*/\r\nreturn 0;\r\n}\r\n \r\nvoid output()\r\n{\r\ncout<<A[0]<<\" \"<<A[1]<<\" \"<<A[2]<<endl;\r\ncout<<A[0]<<\" \"<<A[2]<<\" \"<<A[1]<<endl;\r\ncout<<A[1]<<\" \"<<A[0]<<\" \"<<A[2]<<endl;\r\ncout<<A[1]<<\" \"<<A[2]<<\" \"<<A[0]<<endl;\r\ncout<<A[2]<<\" \"<<A[0]<<\" \"<<A[1]<<endl;\r\ncout<<A[2]<<\" \"<<A[1]<<\" \"<<A[0]<<endl;\r\n}'),(1033,'#include<iostream>\r\nusing namespace std;\r\nint A[5];\r\n \r\nint main()\r\n{\r\nfor(int i=1;i<=4;i++)\r\ncin>>A[i];\r\n \r\ncout<<A[1]<<\" \"<<A[2]<<\" \"<<A[3]<<endl;\r\ncout<<A[1]<<\" \"<<A[3]<<\" \"<<A[2]<<endl;\r\ncout<<A[2]<<\" \"<<A[1]<<\" \"<<A[3]<<endl;\r\ncout<<A[2]<<\" \"<<A[3]<<\" \"<<A[1]<<endl;\r\ncout<<A[3]<<\" \"<<A[1]<<\" \"<<A[2]<<endl;\r\ncout<<A[3]<<\" \"<<A[2]<<\" \"<<A[1]<<endl;\r\n \r\ncout<<A[1]<<\" \"<<A[2]<<\" \"<<A[4]<<endl;\r\ncout<<A[1]<<\" \"<<A[4]<<\" \"<<A[2]<<endl;\r\ncout<<A[2]<<\" \"<<A[1]<<\" \"<<A[4]<<endl;\r\ncout<<A[2]<<\" \"<<A[4]<<\" \"<<A[1]<<endl;\r\ncout<<A[4]<<\" \"<<A[1]<<\" \"<<A[2]<<endl;\r\ncout<<A[4]<<\" \"<<A[2]<<\" \"<<A[1]<<endl;\r\n \r\ncout<<A[1]<<\" \"<<A[3]<<\" \"<<A[4]<<endl;\r\ncout<<A[1]<<\" \"<<A[4]<<\" \"<<A[3]<<endl;\r\ncout<<A[3]<<\" \"<<A[1]<<\" \"<<A[4]<<endl;\r\ncout<<A[3]<<\" \"<<A[4]<<\" \"<<A[1]<<endl;\r\ncout<<A[4]<<\" \"<<A[1]<<\" \"<<A[3]<<endl;\r\ncout<<A[4]<<\" \"<<A[3]<<\" \"<<A[1]<<endl;\r\n \r\ncout<<A[2]<<\" \"<<A[3]<<\" \"<<A[4]<<endl;\r\ncout<<A[2]<<\" \"<<A[4]<<\" \"<<A[3]<<endl;\r\ncout<<A[3]<<\" \"<<A[2]<<\" \"<<A[4]<<endl;\r\ncout<<A[3]<<\" \"<<A[4]<<\" \"<<A[2]<<endl;\r\ncout<<A[4]<<\" \"<<A[2]<<\" \"<<A[3]<<endl;\r\ncout<<A[4]<<\" \"<<A[3]<<\" \"<<A[2]<<endl;\r\n \r\n}'),(1034,'int main() {\r\n    printf(\"1 2 3\\n\");\r\n    printf(\"1 3 2\\n\");\r\n    printf(\"2 1 3\\n\");\r\n    printf(\"2 3 1\\n\");\r\n    printf(\"3 1 2\\n\");\r\n    printf(\"3 2 1\\n\");\r\n    printf(\"1 2 4\\n\");\r\n    printf(\"1 4 2\\n\");\r\n    printf(\"2 1 4\\n\");\r\n    printf(\"2 4 1\\n\");\r\n    printf(\"4 1 2\\n\");\r\n    printf(\"4 2 1\\n\");\r\n    printf(\"1 3 4\\n\");\r\n    printf(\"1 4 3\\n\");\r\n    printf(\"3 1 4\\n\");\r\n    printf(\"3 4 1\\n\");\r\n    printf(\"4 1 3\\n\");\r\n    printf(\"4 3 1\\n\");\r\n    printf(\"2 3 4\\n\");\r\n    printf(\"2 4 3\\n\");\r\n    printf(\"3 2 4\\n\");\r\n    printf(\"3 4 2\\n\");\r\n    printf(\"4 2 3\\n\");\r\n    printf(\"4 3 2\\n\");\r\n    return 0;\r\n}'),(1035,'#include<iostream>\r\nusing namespace std;\r\nint A[5];\r\n \r\nint main()\r\n{\r\nfor(int i=1;i<=4;i++)\r\ncin>>A[i];\r\n \r\ncout<<A[1]<<\" \"<<A[2]<<\" \"<<A[3]<<endl;\r\ncout<<A[1]<<\" \"<<A[3]<<\" \"<<A[2]<<endl;\r\ncout<<A[2]<<\" \"<<A[1]<<\" \"<<A[3]<<endl;\r\ncout<<A[2]<<\" \"<<A[3]<<\" \"<<A[1]<<endl;\r\ncout<<A[3]<<\" \"<<A[1]<<\" \"<<A[2]<<endl;\r\ncout<<A[3]<<\" \"<<A[2]<<\" \"<<A[1]<<endl;\r\n \r\ncout<<A[1]<<\" \"<<A[2]<<\" \"<<A[4]<<endl;\r\ncout<<A[1]<<\" \"<<A[4]<<\" \"<<A[2]<<endl;\r\ncout<<A[2]<<\" \"<<A[1]<<\" \"<<A[4]<<endl;\r\ncout<<A[2]<<\" \"<<A[4]<<\" \"<<A[1]<<endl;\r\ncout<<A[4]<<\" \"<<A[1]<<\" \"<<A[2]<<endl;\r\ncout<<A[4]<<\" \"<<A[2]<<\" \"<<A[1]<<endl;\r\n \r\ncout<<A[1]<<\" \"<<A[3]<<\" \"<<A[4]<<endl;\r\ncout<<A[1]<<\" \"<<A[4]<<\" \"<<A[3]<<endl;\r\ncout<<A[3]<<\" \"<<A[1]<<\" \"<<A[4]<<endl;\r\ncout<<A[3]<<\" \"<<A[4]<<\" \"<<A[1]<<endl;\r\ncout<<A[4]<<\" \"<<A[1]<<\" \"<<A[3]<<endl;\r\ncout<<A[4]<<\" \"<<A[3]<<\" \"<<A[1]<<endl;\r\n \r\ncout<<A[2]<<\" \"<<A[3]<<\" \"<<A[4]<<endl;\r\ncout<<A[2]<<\" \"<<A[4]<<\" \"<<A[3]<<endl;\r\ncout<<A[3]<<\" \"<<A[2]<<\" \"<<A[4]<<endl;\r\ncout<<A[3]<<\" \"<<A[4]<<\" \"<<A[2]<<endl;\r\ncout<<A[4]<<\" \"<<A[2]<<\" \"<<A[3]<<endl;\r\ncout<<A[4]<<\" \"<<A[3]<<\" \"<<A[2]<<endl;\r\n \r\n}'),(1036,'int main() {\r\n    printf(\"1 2 3\\n\");\r\n    printf(\"1 3 2\\n\");\r\n    printf(\"2 1 3\\n\");\r\n    printf(\"2 3 1\\n\");\r\n    printf(\"3 1 2\\n\");\r\n    printf(\"3 2 1\\n\");\r\n    printf(\"1 2 4\\n\");\r\n    printf(\"1 4 2\\n\");\r\n    printf(\"2 1 4\\n\");\r\n    printf(\"2 4 1\\n\");\r\n    printf(\"4 1 2\\n\");\r\n    printf(\"4 2 1\\n\");\r\n    printf(\"1 3 4\\n\");\r\n    printf(\"1 4 3\\n\");\r\n    printf(\"3 1 4\\n\");\r\n    printf(\"3 4 1\\n\");\r\n    printf(\"4 1 3\\n\");\r\n    printf(\"4 3 1\\n\");\r\n    printf(\"2 3 4\\n\");\r\n    printf(\"2 4 3\\n\");\r\n    printf(\"3 2 4\\n\");\r\n    printf(\"3 4 2\\n\");\r\n    printf(\"4 2 3\\n\");\r\n    printf(\"4 3 2\\n\");\r\n    return 0;\r\n}'),(1037,'int main() {\r\n    printf(\"1 2 3\\n\");\r\n    printf(\"1 3 2\\n\");\r\n    printf(\"2 1 3\\n\");\r\n    printf(\"2 3 1\\n\");\r\n    printf(\"3 1 2\\n\");\r\n    printf(\"3 2 1\\n\");\r\n    printf(\"1 2 4\\n\");\r\n    printf(\"1 4 2\\n\");\r\n    printf(\"2 1 4\\n\");\r\n    printf(\"2 4 1\\n\");\r\n    printf(\"4 1 2\\n\");\r\n    printf(\"4 2 1\\n\");\r\n    printf(\"1 3 4\\n\");\r\n    printf(\"1 4 3\\n\");\r\n    printf(\"3 1 4\\n\");\r\n    printf(\"3 4 1\\n\");\r\n    printf(\"4 1 3\\n\");\r\n    printf(\"4 3 1\\n\");\r\n    printf(\"2 3 4\\n\");\r\n    printf(\"2 4 3\\n\");\r\n    printf(\"3 2 4\\n\");\r\n    printf(\"3 4 2\\n\");\r\n    printf(\"4 2 3\\n\");\r\n    printf(\"4 3 2\\n\");\r\n    return 0;\r\n}'),(1038,'int main() {\r\n    printf(\"1 2 3\\n\");\r\n    printf(\"1 3 2\\n\");\r\n    printf(\"2 1 3\\n\");\r\n    printf(\"2 3 1\\n\");\r\n    printf(\"3 1 2\\n\");\r\n    printf(\"3 2 1\\n\");\r\n    printf(\"1 2 4\\n\");\r\n    printf(\"1 4 2\\n\");\r\n    printf(\"2 1 4\\n\");\r\n    printf(\"2 4 1\\n\");\r\n    printf(\"4 1 2\\n\");\r\n    printf(\"4 2 1\\n\");\r\n    printf(\"1 3 4\\n\");\r\n    printf(\"1 4 3\\n\");\r\n    printf(\"3 1 4\\n\");\r\n    printf(\"3 4 1\\n\");\r\n    printf(\"4 1 3\\n\");\r\n    printf(\"4 3 1\\n\");\r\n    printf(\"2 3 4\\n\");\r\n    printf(\"2 4 3\\n\");\r\n    printf(\"3 2 4\\n\");\r\n    printf(\"3 4 2\\n\");\r\n    printf(\"4 2 3\\n\");\r\n    printf(\"4 3 2\\n\");\r\n    return 0;\r\n}'),(1039,'#include<iostream>\r\nusing namespace std;\r\nint A[5];\r\n \r\nint main()\r\n{\r\nfor(int i=1;i<=4;i++)\r\ncin>>A[i];\r\n \r\ncout<<A[1]<<\" \"<<A[2]<<\" \"<<A[3]<<endl;\r\ncout<<A[1]<<\" \"<<A[3]<<\" \"<<A[2]<<endl;\r\ncout<<A[2]<<\" \"<<A[1]<<\" \"<<A[3]<<endl;\r\ncout<<A[2]<<\" \"<<A[3]<<\" \"<<A[1]<<endl;\r\ncout<<A[3]<<\" \"<<A[1]<<\" \"<<A[2]<<endl;\r\ncout<<A[3]<<\" \"<<A[2]<<\" \"<<A[1]<<endl;\r\n \r\ncout<<A[1]<<\" \"<<A[2]<<\" \"<<A[4]<<endl;\r\ncout<<A[1]<<\" \"<<A[4]<<\" \"<<A[2]<<endl;\r\ncout<<A[2]<<\" \"<<A[1]<<\" \"<<A[4]<<endl;\r\ncout<<A[2]<<\" \"<<A[4]<<\" \"<<A[1]<<endl;\r\ncout<<A[4]<<\" \"<<A[1]<<\" \"<<A[2]<<endl;\r\ncout<<A[4]<<\" \"<<A[2]<<\" \"<<A[1]<<endl;\r\n \r\ncout<<A[1]<<\" \"<<A[3]<<\" \"<<A[4]<<endl;\r\ncout<<A[1]<<\" \"<<A[4]<<\" \"<<A[3]<<endl;\r\ncout<<A[3]<<\" \"<<A[1]<<\" \"<<A[4]<<endl;\r\ncout<<A[3]<<\" \"<<A[4]<<\" \"<<A[1]<<endl;\r\ncout<<A[4]<<\" \"<<A[1]<<\" \"<<A[3]<<endl;\r\ncout<<A[4]<<\" \"<<A[3]<<\" \"<<A[1]<<endl;\r\n \r\ncout<<A[2]<<\" \"<<A[3]<<\" \"<<A[4]<<endl;\r\ncout<<A[2]<<\" \"<<A[4]<<\" \"<<A[3]<<endl;\r\ncout<<A[3]<<\" \"<<A[2]<<\" \"<<A[4]<<endl;\r\ncout<<A[3]<<\" \"<<A[4]<<\" \"<<A[2]<<endl;\r\ncout<<A[4]<<\" \"<<A[2]<<\" \"<<A[3]<<endl;\r\ncout<<A[4]<<\" \"<<A[3]<<\" \"<<A[2]<<endl;\r\n \r\n}'),(1040,'#include<iostream>\r\nusing namespace std;\r\nint A[5];\r\n \r\nint main()\r\n{\r\nfor(int i=1;i<=4;i++)\r\ncin>>A[i];\r\n \r\ncout<<A[1]<<\" \"<<A[2]<<\" \"<<A[3]<<endl;\r\ncout<<A[1]<<\" \"<<A[3]<<\" \"<<A[2]<<endl;\r\ncout<<A[2]<<\" \"<<A[1]<<\" \"<<A[3]<<endl;\r\ncout<<A[2]<<\" \"<<A[3]<<\" \"<<A[1]<<endl;\r\ncout<<A[3]<<\" \"<<A[1]<<\" \"<<A[2]<<endl;\r\ncout<<A[3]<<\" \"<<A[2]<<\" \"<<A[1]<<endl;\r\n \r\ncout<<A[1]<<\" \"<<A[2]<<\" \"<<A[4]<<endl;\r\ncout<<A[1]<<\" \"<<A[4]<<\" \"<<A[2]<<endl;\r\ncout<<A[2]<<\" \"<<A[1]<<\" \"<<A[4]<<endl;\r\ncout<<A[2]<<\" \"<<A[4]<<\" \"<<A[1]<<endl;\r\ncout<<A[4]<<\" \"<<A[1]<<\" \"<<A[2]<<endl;\r\ncout<<A[4]<<\" \"<<A[2]<<\" \"<<A[1]<<endl;\r\n \r\ncout<<A[1]<<\" \"<<A[3]<<\" \"<<A[4]<<endl;\r\ncout<<A[1]<<\" \"<<A[4]<<\" \"<<A[3]<<endl;\r\ncout<<A[3]<<\" \"<<A[1]<<\" \"<<A[4]<<endl;\r\ncout<<A[3]<<\" \"<<A[4]<<\" \"<<A[1]<<endl;\r\ncout<<A[4]<<\" \"<<A[1]<<\" \"<<A[3]<<endl;\r\ncout<<A[4]<<\" \"<<A[3]<<\" \"<<A[1]<<endl;\r\n \r\ncout<<A[2]<<\" \"<<A[3]<<\" \"<<A[4]<<endl;\r\ncout<<A[2]<<\" \"<<A[4]<<\" \"<<A[3]<<endl;\r\ncout<<A[3]<<\" \"<<A[2]<<\" \"<<A[4]<<endl;\r\ncout<<A[3]<<\" \"<<A[4]<<\" \"<<A[2]<<endl;\r\ncout<<A[4]<<\" \"<<A[2]<<\" \"<<A[3]<<endl;\r\ncout<<A[4]<<\" \"<<A[3]<<\" \"<<A[2]<<endl;\r\n \r\n}'),(1041,'int main() {\r\n    printf(\"abcxyz\");\r\n    return 0;\r\n}'),(1042,'int main() {\r\n    char[80] a;\r\n    scanf(a);\r\n    printf(\"abcxyz\")\r\n    return 0;\r\n}'),(1043,'int main() {\r\n    char[80] a;\r\n    scanf(&a);\r\n    printf(\"abcxyz\")\r\n    return 0;\r\n}'),(1044,'int main() {\r\n    char[80] a;\r\n    scanf(a);\r\n    printf(\"abcxyz\");\r\n    return 0;\r\n}'),(1045,'int main() {\r\n    char[80] a;\r\n    scanf(&a);\r\n    printf(\"abcxyz\");\r\n    return 0;\r\n}'),(0,'include<stdio>\r\nvoid mian(){\r\n    printf(\"hello word\");\r\n}\r\n'),(1046,'int main() {\r\n    char[80] a;\r\n    scanf(\"%s\", a);\r\n    printf(\"abcxyz\");\r\n    return 0;\r\n}'),(1047,'int main() {\r\n    char a[80];\r\n    scanf(\"%s\\n\", a);\r\n    printf(\"abcxyz\");\r\n    return 0;\r\n}'),(1048,'#include<stdio.h>\r\nint main()\r\n{\r\n    retunr 0;    \r\n}'),(1049,'int main() {\r\n    char a[80];\r\n    char b[80];\r\n    int i = 0, j = 0;\r\n    scanf(\"%s\\n\", a);\r\n    for (i = 0; i < 80; i++) {\r\n        if (a[i] >= \'a\' && a[\'i\'] >= \'z\' || a[i] >= \'A\' && a[i] <=\'Z\') {\r\n            b[j] = a[i];\r\n            j++;\r\n        }\r\n    }\r\n    printf(\"%s\", b);\r\n    return 0;\r\n}'),(1050,'#include<stdio.h>\r\nint main()\r\n{\r\n    printf(\"123123\");\r\n    retunr 0;    \r\n}'),(1051,'#include<stdio.h>\r\nint main()\r\n{\r\n    printf(\"123111123\");\r\n    retunr 0;    \r\n}'),(1052,'#include<stdio.h>\r\nint main()\r\n{\r\n    printf(\"123123\");\r\n    printf(\"123123\");\r\n    retunr 0;    \r\n}'),(1053,'include<stdio>\r\nvoid mian(){\r\n    printf(\"hello word\");\r\n}\r\n'),(1054,'int main() {\r\n    \r\n}'),(1055,'#include <stdio.h>\r\n\r\nint main() {\r\n    char[] str;\r\n    scanf(\"%s\", &str);\r\n    printf(\"a123b\");\r\n    return 0;\r\n}'),(1056,'#include <stdio.h>\r\n\r\nint main() {\r\n    return 0;\r\n}'),(1057,'#include <stdio.h>'),(1058,'#include <stdio.h>\r\n\r\nint main() {\r\n    printf(\"a123b\");\r\n    return 0;\r\n}'),(1059,'#include <stdio.h>\r\n');
/*!40000 ALTER TABLE `source_code` ENABLE KEYS */;
UNLOCK TABLES;

--
-- Table structure for table `source_code_user`
--

DROP TABLE IF EXISTS `source_code_user`;
/*!40101 SET @saved_cs_client     = @@character_set_client */;
/*!40101 SET character_set_client = utf8 */;
CREATE TABLE `source_code_user` (
  `solution_id` int(11) NOT NULL,
  `source` text NOT NULL,
  PRIMARY KEY (`solution_id`)
) ENGINE=MyISAM DEFAULT CHARSET=utf8;
/*!40101 SET character_set_client = @saved_cs_client */;

--
-- Dumping data for table `source_code_user`
--

LOCK TABLES `source_code_user` WRITE;
/*!40000 ALTER TABLE `source_code_user` DISABLE KEYS */;
INSERT INTO `source_code_user` VALUES (1001,'#include<stdio.h>\r\nintt main()\r\n{\r\n    return 0;\r\n}'),(1002,'#include<stdio.h>\r\nint main()\r\n{\r\n    return 0;\r\n}'),(1003,'#include <stdio.h>\r\nint main()\r\n{\r\n    int i;\r\n    float bonus;\r\n    scanf(\"%d\",&i);\r\n\r\n    if(i<=100000)\r\n        bonus=i*0.1;\r\n    else if(i<=400000)\r\n        bonus= 10000+(i-100000)*0.05;\r\n    else\r\n        bonus= 25000+(i-400000)*0.03;\r\n\r\n    printf(\"%.1f\\n\",bonus);\r\n    return 0;\r\n}\r\n'),(1004,'#include <stdio.h>\r\nint main()\r\n{\r\n    int i;\r\n    float bonus;\r\n    scanf(\"%d\",&i);\r\n\r\n    if(i<=100000)\r\n        bonus=i*0.1;\r\n    else if(i<=400000)\r\n        bonus= 10000+(i-100000)*0.05;\r\n    else\r\n        bonus= 25000+(i-400000)*0.03;\r\n\r\n    printf(\"%.1f\\n\",bonus);\r\n    return 0;\r\n}\r\n'),(1005,'123'),(1006,'#include <stdio.h>\r\nint main()\r\n{\r\n    int i;\r\n    float bonus;\r\n    scanf(\"%d\",&i);\r\n \r\n    if(i<=100000)\r\n        bonus=i*0.1;\r\n    else if(i<=400000)\r\n        bonus= 10000+(i-100000)*0.05;\r\n    else\r\n        bonus= 25000+(i-400000)*0.03;\r\n \r\n    printf(\"%.1f\\n\",bonus);\r\n    return 0;\r\n}'),(1007,'#include <stdio.h>\r\nint main()\r\n{\r\n    int i;\r\n    float bonus;\r\n    scanf(\"%d\",&i);\r\n\r\n    if(i<=100000)\r\n        bonus=i*0.1;\r\n    else if(i<=400000)\r\n        bonus= 10000+(i-100000)*0.05;\r\n    else\r\n        bonus= 25000+(i-400000)*0.03;\r\n\r\n    printf(\"%.1f\\n\",bonus);\r\n    return 0;\r\n}\r\n'),(1008,'#include <stdio.h>\r\nint main()\r\n{\r\n    int i;\r\n    float bonus;\r\n    scanf(\"%d\",&i);\r\n\r\n    if(i<=100000)\r\n        bonus=i*0.1;\r\n    else if(i<=400000)\r\n        bonus= 10000+(i-100000)*0.05;\r\n    else\r\n        bonus= 25000+(i-400000)*0.03;\r\n\r\n    printf(\"%.1f\\n\",bonus);\r\n    return 0;\r\n}\r\n'),(1009,'#include<stdio.h>\r\n#include<stdlib.h>\r\n#include<string.h>\r\n#include<math.h>\r\nlong C(int n,int m)          //C(n-1)(m)计算排列数，其中n为最大数值+1（进制），m为当前位置\r\n{\r\n    int i;\r\n    long sum=1;\r\n    for(i=1;i<=m;i++)\r\n        sum*=(n-i);\r\n    for(i=2;i<=m;i++)\r\n        sum=sum/i;\r\n    return sum;\r\n}\r\nint main()\r\n{\r\n    long sum=0;              //sum用于计算符合的总数\r\n    int k,w,max,wei,high,i;  //max为X进制,wei为位数,high为最高位能取得的最大数,i循环用\r\n    scanf(\"%d%d\",&k,&w);\r\n    max=pow(2,k);\r\n    wei=w/k+1;               //设w不能除尽k,所以设多一位\r\n    high=pow(2,w%k)-1;       //假设w能除尽k,最高位high能取得的最大数为0\r\n    if(max-wei<high)\r\n        high=max-wei;        //high既小于二进制余出来的位数所能得到的最大数又小于X进制减位数\r\n    for(i=2;i<wei;i++)       //从第二位开始(从右往左),对每一位数(除最高位)计算排列数\r\n    sum+=C(max,i);\r\n    if(high!=0)\r\n    sum+=(C(max,wei)-C(max-high,wei)); //计算最高位的排列数\r\n    printf(\"%ld\",sum);\r\n    return 0;\r\n}'),(1010,'#include<stdio.h>\r\n#include<stdlib.h>\r\n#include<string.h>\r\n#include<math.h>\r\nlong C(int n,int m)          //C(n-1)(m)计算排列数，其中n为最大数值+1（进制），m为当前位置\r\n{\r\n    int i;\r\n    long sum=1;\r\n    for(i=1;i<=m;i++)\r\n        sum*=(n-i);\r\n    for(i=2;i<=m;i++)\r\n        sum=sum/i;\r\n    return sum;\r\n}\r\nint main()\r\n{\r\n    long sum=0;              //sum用于计算符合的总数\r\n    int k,w,max,wei,high,i;  //max为X进制,wei为位数,high为最高位能取得的最大数,i循环用\r\n    scanf(\"%d%d\",&k,&w);\r\n    max=pow(2,k);\r\n    wei=w/k+1;               //设w不能除尽k,所以设多一位\r\n    high=pow(2,w%k)-1;       //假设w能除尽k,最高位high能取得的最大数为0\r\n    if(max-wei<high)\r\n        high=max-wei;        //high既小于二进制余出来的位数所能得到的最大数又小于X进制减位数\r\n    for(i=2;i<wei;i++)       //从第二位开始(从右往左),对每一位数(除最高位)计算排列数\r\n    sum+=C(max,i);\r\n    if(high!=0)\r\n    sum+=(C(max,wei)-C(max-high,wei)); //计算最高位的排列数\r\n    printf(\"%ld\",sum);\r\n    return 0;\r\n}'),(1011,'#include<stdio.h>\r\n#include<stdlib.h>\r\n#include<string.h>\r\n#include<math.h>\r\nlong C(int n,int m)          //C(n-1)(m)计算排列数，其中n为最大数值+1（进制），m为当前位置\r\n{\r\n    int i;\r\n    long sum=1;\r\n    for(i=1;i<=m;i++)\r\n        sum*=(n-i);\r\n    for(i=2;i<=m;i++)\r\n        sum=sum/i;\r\n    return sum;\r\n}\r\nint main()\r\n{\r\n    long sum=0;              //sum用于计算符合的总数\r\n    int k,w,max,wei,high,i;  //max为X进制,wei为位数,high为最高位能取得的最大数,i循环用\r\n    scanf(\"%d%d\",&k,&w);\r\n    max=pow(2,k);\r\n    wei=w/k+1;               //设w不能除尽k,所以设多一位\r\n    high=pow(2,w%k)-1;       //假设w能除尽k,最高位high能取得的最大数为0\r\n    if(max-wei<high)\r\n        high=max-wei;        //high既小于二进制余出来的位数所能得到的最大数又小于X进制减位数\r\n    for(i=2;i<wei;i++)       //从第二位开始(从右往左),对每一位数(除最高位)计算排列数\r\n    sum+=C(max,i);\r\n    if(high!=0)\r\n    sum+=(C(max,wei)-C(max-high,wei)); //计算最高位的排列数\r\n    printf(\"%ld\",sum);\r\n    return 0;\r\n}'),(1012,'#include <stdio.h>\r\nint main()\r\n{\r\n\r\n    printf(\"1.00 1.00\\n\");\r\n    return 0;\r\n}\r\n'),(1013,'#include <stdio.h>\r\nint main()\r\n{\r\n\r\n    printf(\"1.00 1.00\\n\");\r\n    return 0;\r\n}\r\n'),(1014,'kjhkhkjh'),(1015,'#include <stdio.h>\r\n#define PI 3.141592653589793238\r\n \r\nint main()\r\n{\r\n    double w, h, r, result1, result2;\r\n    while(scanf(\"%lf%lf\", &w, &h) == 2 && w != 0)\r\n    {\r\n        r = w / (2 * PI);//第一种情况\r\n        result1 = PI * r * r * (h - 2 * r);\r\n        r = h / (2 * PI + 2);\r\n        r = r * 2 > w ? w / 2 : r;//第二种情况\r\n        result2 = PI * r * r * w;\r\n        printf(\"%.3f\\n\", result1>result2 ? result1:result2);\r\n    }//输出两种情况算出来的最大者即可\r\n    return 0;\r\n}'),(1016,'#define PI 3.141592653589793238\r\n \r\nint main()\r\n{\r\n    double w, h, r, result1, result2;\r\n    while(scanf(\"%lf%lf\", &w, &h) == 2 && w != 0)\r\n    {\r\n        r = w / (2 * PI);//第一种情况\r\n        result1 = PI * r * r * (h - 2 * r);\r\n        r = h / (2 * PI + 2);\r\n        r = r * 2 > w ? w / 2 : r;//第二种情况\r\n        result2 = PI * r * r * w;\r\n        printf(\"%.3f\\n\", result1>result2 ? result1:result2);\r\n    }//输出两种情况算出来的最大者即可\r\n    return 0;\r\n}\r\n'),(1017,'#define PI 3.141592653589793238\r\n \r\nint main()\r\n{\r\n    double w, h, r, result1, result2;\r\n    while(scanf(\"%lf%lf\", &w, &h) == 2 && w != 0)\r\n    {\r\n        r = w / (2 * PI);//第一种情况\r\n        result1 = PI * r * r * (h - 2 * r);\r\n        r = h / (2 * PI + 2);\r\n        r = r * 2 > w ? w / 2 : r;//第二种情况\r\n        result2 = PI * r * r * w;\r\n        printf(\"%.3f\\n\", result1>result2 ? result1:result2);\r\n    }//输出两种情况算出来的最大者即可\r\n    return 0;\r\n}\r\n'),(1018,'#define PI 3.141592653589793238\r\n \r\nint main()\r\n{\r\n    double w, h, r, result1, result2;\r\n    while(scanf(\"%lf%lf\", &w, &h) == 2 && w != 0)\r\n    {\r\n        r = w / (2 * PI);//第一种情况\r\n        result1 = PI * r * r * (h - 2 * r);\r\n        r = h / (2 * PI + 2);\r\n        r = r * 2 > w ? w / 2 : r;//第二种情况\r\n        result2 = PI * r * r * w;\r\n        printf(\"%.3f\\n\", result1>result2 ? result1:result2);\r\n    }//输出两种情况算出来的最大者即可\r\n    return 0;\r\n}\r\n'),(1019,'#define PI 3.141592653589793238\r\n \r\nint main()\r\n{\r\n    double w, h, r, result1, result2;\r\n    prrintf(\"abcxyz\");\r\n    return 0;\r\n}\r\n'),(1020,'#include<stdio.h>\r\nint main()\r\n{\r\n    double w, h, r, result1, result2;\r\n    prrintf(\"abcxyz\");\r\n    return 0;\r\n}\r\n'),(1021,'#include<stdio.h>\r\nint main()\r\n{\r\n   \r\n    prrintf(\"abcxyz\");\r\n    return 0;\r\n}\r\n'),(1022,'#include<stdio.h>\r\nint main()\r\n{\r\n   \r\n    printf(\"abcxyz\");\r\n    return 0;\r\n}\r\n'),(1023,'#include <stdio.h>\r\n#define PAI 3.1415926535898\r\nvoid main()\r\n{\r\n    double w,h,radii,volume1,volume2;\r\n \r\n    while (scanf(\"%lf%lf\",&w,&h)&&w!=0&&h!=0)\r\n    {\r\n        radii=h/2/(1+PAI);\r\n        if (2*radii>w)\r\n            radii=w/2;\r\n        volume1=PAI*radii*radii*w;\r\n        radii=w/2/PAI;\r\n        volume2=PAI*radii*radii*(h-2*radii);\r\n        printf(\"%.3lf\\n\",(volume1>volume2)?volume1:volume2);\r\n    }\r\n}'),(1024,'#include <stdio.h>\r\n#define PAI 3.1415926535898\r\nvoid main()\r\n{\r\n    double w,h,radii,volume1,volume2;\r\n \r\n    while (scanf(\"%lf%lf\",&w,&h)&&w!=0&&h!=0)\r\n    {\r\n        radii=h/2/(1+PAI);\r\n        if (2*radii>w)\r\n            radii=w/2;\r\n        volume1=PAI*radii*radii*w;\r\n        radii=w/2/PAI;\r\n        volume2=PAI*radii*radii*(h-2*radii);\r\n        printf(\"%.3lf\\n\",(volume1>volume2)?volume1:volume2);\r\n    }\r\n}'),(1025,'#include <stdio.h>\r\n#define PAI 3.1415926535898\r\nvoid main()\r\n{\r\n    double w,h,radii,volume1,volume2;\r\n \r\n    while (scanf(\"%lf%lf\",&w,&h)&&w!=0&&h!=0)\r\n    {\r\n        radii=h/2/(1+PAI);\r\n        if (2*radii>w)\r\n            radii=w/2;\r\n        volume1=PAI*radii*radii*w;\r\n        radii=w/2/PAI;\r\n        volume2=PAI*radii*radii*(h-2*radii);\r\n        printf(\"%.3lf\\n\",(volume1>volume2)?volume1:volume2);\r\n    }\r\n}'),(1026,'#include <stdio.h>\r\n#define PAI 3.1415926535898\r\nvoid main()\r\n{\r\n    double w,h,radii,volume1,volume2;\r\n \r\n    while (scanf(\"%lf%lf\",&w,&h)&&w!=0&&h!=0)\r\n    {\r\n        radii=h/2/(1+PAI);\r\n        if (2*radii>w)\r\n            radii=w/2;\r\n        volume1=PAI*radii*radii*w;\r\n        radii=w/2/PAI;\r\n        volume2=PAI*radii*radii*(h-2*radii);\r\n        printf(\"%.3lf\\n\",(volume1>volume2)?volume1:volume2);\r\n    }\r\n}'),(1027,'1.全站公告\r\n2.在线课堂显示学习人数\r\n3.考试栏目状态里“已结束”、“进行中”，“开始于”等状态颜色 与 比赛栏目一致\r\n4.考试添加是倒序的，变成新发布的在前面'),(1028,'#include <stdio.h>\r\n#define PI 3.141592653589793238\r\n \r\nint main()\r\n{\r\n    double w, h, r, result1, result2;\r\n    while(scanf(\"%lf%lf\", &w, &h) == 2 && w != 0)\r\n    {\r\n        r = w / (2 * PI);//第一种情况\r\n        result1 = PI * r * r * (h - 2 * r);\r\n        r = h / (2 * PI + 2);\r\n        r = r * 2 > w ? w / 2 : r;//第二种情况\r\n        result2 = PI * r * r * w;\r\n        printf(\"%.3f\\n\", result1>result2 ? result1:result2);\r\n    }//输出两种情况算出来的最大者即可\r\n    return 0;\r\n}'),(1029,'#include <stdio.h>\r\n#define PI 3.141592653589793238\r\n \r\nint main()\r\n{\r\n    double w, h, r, result1, result2;\r\n    while(scanf(\"%lf%lf\", &w, &h) == 2 && w != 0)\r\n    {\r\n        r = w / (2 * PI);//第一种情况\r\n        result1 = PI * r * r * (h - 2 * r);\r\n        r = h / (2 * PI + 2);\r\n        r = r * 2 > w ? w / 2 : r;//第二种情况\r\n        result2 = PI * r * r * w;\r\n        printf(\"%.3f\\n\", result1>result2 ? result1:result2);\r\n    }//输出两种情况算出来的最大者即可\r\n    return 0;\r\n}'),(1030,'#include <stdio.h>\r\n#define PI 3.141592653589793238\r\n \r\nint main()\r\n{\r\n    double w, h, r, result1, result2;\r\n    while(scanf(\"%lf%lf\", &w, &h) == 2 && w != 0)\r\n    {\r\n        r = w / (2 * PI);//第一种情况\r\n        result1 = PI * r * r * (h - 2 * r);\r\n        r = h / (2 * PI + 2);\r\n        r = r * 2 > w ? w / 2 : r;//第二种情况\r\n        result2 = PI * r * r * w;\r\n        printf(\"%.3f\\n\", result1>result2 ? result1:result2);\r\n    }//输出两种情况算出来的最大者即可\r\n    return 0;\r\n}'),(1031,'#include <stdio.h>\r\n#define PI 3.141592653589793238\r\n \r\nint main()\r\n{\r\n    double w, h, r, result1, result2;\r\n    while(scanf(\"%lf%lf\", &w, &h) == 2 && w != 0)\r\n    {\r\n        r = w / (2 * PI);//第一种情况\r\n        result1 = PI * r * r * (h - 2 * r);\r\n        r = h / (2 * PI + 2);\r\n        r = r * 2 > w ? w / 2 : r;//第二种情况\r\n        result2 = PI * r * r * w;\r\n        printf(\"%.3f\\n\", result1>result2 ? result1:result2);\r\n    }//输出两种情况算出来的最大者即可\r\n    return 0;\r\n}'),(1032,'#include<iostream>\r\nusing namespace std;\r\nvoid output();\r\nint A[3];\r\nint B[4];\r\n \r\nint main()\r\n{\r\nfor(int i=0;i<4;i++)\r\ncin>>B[i];\r\n \r\n/*------------------------------*/\r\nA[0]=B[0];\r\nA[1]=B[1];\r\nA[2]=B[2];\r\noutput();\r\n/*------------------------------*/\r\nA[0]=B[0];  \r\nA[1]=B[1];\r\nA[2]=B[3];\r\noutput();\r\n/*------------------------------*/\r\nA[0]=B[0];\r\nA[1]=B[2];\r\nA[2]=B[3];\r\noutput();\r\n/*------------------------------*/\r\nA[0]=B[1];\r\nA[1]=B[2];\r\nA[2]=B[3];\r\noutput();\r\n/*------------------------------*/\r\nreturn 0;\r\n}\r\n \r\nvoid output()\r\n{\r\ncout<<A[0]<<\" \"<<A[1]<<\" \"<<A[2]<<endl;\r\ncout<<A[0]<<\" \"<<A[2]<<\" \"<<A[1]<<endl;\r\ncout<<A[1]<<\" \"<<A[0]<<\" \"<<A[2]<<endl;\r\ncout<<A[1]<<\" \"<<A[2]<<\" \"<<A[0]<<endl;\r\ncout<<A[2]<<\" \"<<A[0]<<\" \"<<A[1]<<endl;\r\ncout<<A[2]<<\" \"<<A[1]<<\" \"<<A[0]<<endl;\r\n}\r\n\r\n代码2:\r\n\r\n1\r\n2\r\n3\r\n4\r\n5\r\n6\r\n7\r\n8\r\n9\r\n10\r\n11\r\n12\r\n13\r\n14\r\n15\r\n16\r\n17\r\n18\r\n19\r\n20\r\n21\r\n22\r\n23\r\n24\r\n25\r\n26\r\n27\r\n28\r\n29\r\n30\r\n31\r\n32\r\n33\r\n34\r\n35\r\n36\r\n37\r\n38\r\n39\r\n40\r\n41\r\n42\r\n43\r\n44\r\n#include<iostream>\r\nusing namespace std;\r\nvoid output();\r\nint A[3];\r\nint B[4];\r\n \r\nint main()\r\n{\r\nfor(int i=0;i<4;i++)\r\ncin>>B[i];\r\n \r\n/*------------------------------*/\r\nA[0]=B[0];\r\nA[1]=B[1];\r\nA[2]=B[2];\r\noutput();\r\n/*------------------------------*/\r\n \r\n \r\nA[2]=B[3];\r\noutput();\r\n/*------------------------------*/\r\n \r\nA[1]=B[2];\r\n \r\noutput();\r\n/*------------------------------*/\r\nA[0]=B[1];\r\n \r\n \r\noutput();\r\n/*------------------------------*/\r\nreturn 0;\r\n}\r\n \r\nvoid output()\r\n{\r\ncout<<A[0]<<\" \"<<A[1]<<\" \"<<A[2]<<endl;\r\ncout<<A[0]<<\" \"<<A[2]<<\" \"<<A[1]<<endl;\r\ncout<<A[1]<<\" \"<<A[0]<<\" \"<<A[2]<<endl;\r\ncout<<A[1]<<\" \"<<A[2]<<\" \"<<A[0]<<endl;\r\ncout<<A[2]<<\" \"<<A[0]<<\" \"<<A[1]<<endl;\r\ncout<<A[2]<<\" \"<<A[1]<<\" \"<<A[0]<<endl;\r\n}'),(1033,'#include<iostream>\r\nusing namespace std;\r\nint A[5];\r\n \r\nint main()\r\n{\r\nfor(int i=1;i<=4;i++)\r\ncin>>A[i];\r\n \r\ncout<<A[1]<<\" \"<<A[2]<<\" \"<<A[3]<<endl;\r\ncout<<A[1]<<\" \"<<A[3]<<\" \"<<A[2]<<endl;\r\ncout<<A[2]<<\" \"<<A[1]<<\" \"<<A[3]<<endl;\r\ncout<<A[2]<<\" \"<<A[3]<<\" \"<<A[1]<<endl;\r\ncout<<A[3]<<\" \"<<A[1]<<\" \"<<A[2]<<endl;\r\ncout<<A[3]<<\" \"<<A[2]<<\" \"<<A[1]<<endl;\r\n \r\ncout<<A[1]<<\" \"<<A[2]<<\" \"<<A[4]<<endl;\r\ncout<<A[1]<<\" \"<<A[4]<<\" \"<<A[2]<<endl;\r\ncout<<A[2]<<\" \"<<A[1]<<\" \"<<A[4]<<endl;\r\ncout<<A[2]<<\" \"<<A[4]<<\" \"<<A[1]<<endl;\r\ncout<<A[4]<<\" \"<<A[1]<<\" \"<<A[2]<<endl;\r\ncout<<A[4]<<\" \"<<A[2]<<\" \"<<A[1]<<endl;\r\n \r\ncout<<A[1]<<\" \"<<A[3]<<\" \"<<A[4]<<endl;\r\ncout<<A[1]<<\" \"<<A[4]<<\" \"<<A[3]<<endl;\r\ncout<<A[3]<<\" \"<<A[1]<<\" \"<<A[4]<<endl;\r\ncout<<A[3]<<\" \"<<A[4]<<\" \"<<A[1]<<endl;\r\ncout<<A[4]<<\" \"<<A[1]<<\" \"<<A[3]<<endl;\r\ncout<<A[4]<<\" \"<<A[3]<<\" \"<<A[1]<<endl;\r\n \r\ncout<<A[2]<<\" \"<<A[3]<<\" \"<<A[4]<<endl;\r\ncout<<A[2]<<\" \"<<A[4]<<\" \"<<A[3]<<endl;\r\ncout<<A[3]<<\" \"<<A[2]<<\" \"<<A[4]<<endl;\r\ncout<<A[3]<<\" \"<<A[4]<<\" \"<<A[2]<<endl;\r\ncout<<A[4]<<\" \"<<A[2]<<\" \"<<A[3]<<endl;\r\ncout<<A[4]<<\" \"<<A[3]<<\" \"<<A[2]<<endl;\r\n \r\n}'),(1034,'int main() {\r\n    printf(\"1 2 3\\n\");\r\n    printf(\"1 3 2\\n\");\r\n    printf(\"2 1 3\\n\");\r\n    printf(\"2 3 1\\n\");\r\n    printf(\"3 1 2\\n\");\r\n    printf(\"3 2 1\\n\");\r\n    printf(\"1 2 4\\n\");\r\n    printf(\"1 4 2\\n\");\r\n    printf(\"2 1 4\\n\");\r\n    printf(\"2 4 1\\n\");\r\n    printf(\"4 1 2\\n\");\r\n    printf(\"4 2 1\\n\");\r\n    printf(\"1 3 4\\n\");\r\n    printf(\"1 4 3\\n\");\r\n    printf(\"3 1 4\\n\");\r\n    printf(\"3 4 1\\n\");\r\n    printf(\"4 1 3\\n\");\r\n    printf(\"4 3 1\\n\");\r\n    printf(\"2 3 4\\n\");\r\n    printf(\"2 4 3\\n\");\r\n    printf(\"3 2 4\\n\");\r\n    printf(\"3 4 2\\n\");\r\n    printf(\"4 2 3\\n\");\r\n    printf(\"4 3 2\\n\");\r\n    return 0;\r\n}'),(1035,'#include<iostream>\r\nusing namespace std;\r\nint A[5];\r\n \r\nint main()\r\n{\r\nfor(int i=1;i<=4;i++)\r\ncin>>A[i];\r\n \r\ncout<<A[1]<<\" \"<<A[2]<<\" \"<<A[3]<<endl;\r\ncout<<A[1]<<\" \"<<A[3]<<\" \"<<A[2]<<endl;\r\ncout<<A[2]<<\" \"<<A[1]<<\" \"<<A[3]<<endl;\r\ncout<<A[2]<<\" \"<<A[3]<<\" \"<<A[1]<<endl;\r\ncout<<A[3]<<\" \"<<A[1]<<\" \"<<A[2]<<endl;\r\ncout<<A[3]<<\" \"<<A[2]<<\" \"<<A[1]<<endl;\r\n \r\ncout<<A[1]<<\" \"<<A[2]<<\" \"<<A[4]<<endl;\r\ncout<<A[1]<<\" \"<<A[4]<<\" \"<<A[2]<<endl;\r\ncout<<A[2]<<\" \"<<A[1]<<\" \"<<A[4]<<endl;\r\ncout<<A[2]<<\" \"<<A[4]<<\" \"<<A[1]<<endl;\r\ncout<<A[4]<<\" \"<<A[1]<<\" \"<<A[2]<<endl;\r\ncout<<A[4]<<\" \"<<A[2]<<\" \"<<A[1]<<endl;\r\n \r\ncout<<A[1]<<\" \"<<A[3]<<\" \"<<A[4]<<endl;\r\ncout<<A[1]<<\" \"<<A[4]<<\" \"<<A[3]<<endl;\r\ncout<<A[3]<<\" \"<<A[1]<<\" \"<<A[4]<<endl;\r\ncout<<A[3]<<\" \"<<A[4]<<\" \"<<A[1]<<endl;\r\ncout<<A[4]<<\" \"<<A[1]<<\" \"<<A[3]<<endl;\r\ncout<<A[4]<<\" \"<<A[3]<<\" \"<<A[1]<<endl;\r\n \r\ncout<<A[2]<<\" \"<<A[3]<<\" \"<<A[4]<<endl;\r\ncout<<A[2]<<\" \"<<A[4]<<\" \"<<A[3]<<endl;\r\ncout<<A[3]<<\" \"<<A[2]<<\" \"<<A[4]<<endl;\r\ncout<<A[3]<<\" \"<<A[4]<<\" \"<<A[2]<<endl;\r\ncout<<A[4]<<\" \"<<A[2]<<\" \"<<A[3]<<endl;\r\ncout<<A[4]<<\" \"<<A[3]<<\" \"<<A[2]<<endl;\r\n \r\n}'),(1036,'int main() {\r\n    printf(\"1 2 3\\n\");\r\n    printf(\"1 3 2\\n\");\r\n    printf(\"2 1 3\\n\");\r\n    printf(\"2 3 1\\n\");\r\n    printf(\"3 1 2\\n\");\r\n    printf(\"3 2 1\\n\");\r\n    printf(\"1 2 4\\n\");\r\n    printf(\"1 4 2\\n\");\r\n    printf(\"2 1 4\\n\");\r\n    printf(\"2 4 1\\n\");\r\n    printf(\"4 1 2\\n\");\r\n    printf(\"4 2 1\\n\");\r\n    printf(\"1 3 4\\n\");\r\n    printf(\"1 4 3\\n\");\r\n    printf(\"3 1 4\\n\");\r\n    printf(\"3 4 1\\n\");\r\n    printf(\"4 1 3\\n\");\r\n    printf(\"4 3 1\\n\");\r\n    printf(\"2 3 4\\n\");\r\n    printf(\"2 4 3\\n\");\r\n    printf(\"3 2 4\\n\");\r\n    printf(\"3 4 2\\n\");\r\n    printf(\"4 2 3\\n\");\r\n    printf(\"4 3 2\\n\");\r\n    return 0;\r\n}'),(1037,'int main() {\r\n    printf(\"1 2 3\\n\");\r\n    printf(\"1 3 2\\n\");\r\n    printf(\"2 1 3\\n\");\r\n    printf(\"2 3 1\\n\");\r\n    printf(\"3 1 2\\n\");\r\n    printf(\"3 2 1\\n\");\r\n    printf(\"1 2 4\\n\");\r\n    printf(\"1 4 2\\n\");\r\n    printf(\"2 1 4\\n\");\r\n    printf(\"2 4 1\\n\");\r\n    printf(\"4 1 2\\n\");\r\n    printf(\"4 2 1\\n\");\r\n    printf(\"1 3 4\\n\");\r\n    printf(\"1 4 3\\n\");\r\n    printf(\"3 1 4\\n\");\r\n    printf(\"3 4 1\\n\");\r\n    printf(\"4 1 3\\n\");\r\n    printf(\"4 3 1\\n\");\r\n    printf(\"2 3 4\\n\");\r\n    printf(\"2 4 3\\n\");\r\n    printf(\"3 2 4\\n\");\r\n    printf(\"3 4 2\\n\");\r\n    printf(\"4 2 3\\n\");\r\n    printf(\"4 3 2\\n\");\r\n    return 0;\r\n}'),(1038,'int main() {\r\n    printf(\"1 2 3\\n\");\r\n    printf(\"1 3 2\\n\");\r\n    printf(\"2 1 3\\n\");\r\n    printf(\"2 3 1\\n\");\r\n    printf(\"3 1 2\\n\");\r\n    printf(\"3 2 1\\n\");\r\n    printf(\"1 2 4\\n\");\r\n    printf(\"1 4 2\\n\");\r\n    printf(\"2 1 4\\n\");\r\n    printf(\"2 4 1\\n\");\r\n    printf(\"4 1 2\\n\");\r\n    printf(\"4 2 1\\n\");\r\n    printf(\"1 3 4\\n\");\r\n    printf(\"1 4 3\\n\");\r\n    printf(\"3 1 4\\n\");\r\n    printf(\"3 4 1\\n\");\r\n    printf(\"4 1 3\\n\");\r\n    printf(\"4 3 1\\n\");\r\n    printf(\"2 3 4\\n\");\r\n    printf(\"2 4 3\\n\");\r\n    printf(\"3 2 4\\n\");\r\n    printf(\"3 4 2\\n\");\r\n    printf(\"4 2 3\\n\");\r\n    printf(\"4 3 2\\n\");\r\n    return 0;\r\n}'),(1039,'#include<iostream>\r\nusing namespace std;\r\nint A[5];\r\n \r\nint main()\r\n{\r\nfor(int i=1;i<=4;i++)\r\ncin>>A[i];\r\n \r\ncout<<A[1]<<\" \"<<A[2]<<\" \"<<A[3]<<endl;\r\ncout<<A[1]<<\" \"<<A[3]<<\" \"<<A[2]<<endl;\r\ncout<<A[2]<<\" \"<<A[1]<<\" \"<<A[3]<<endl;\r\ncout<<A[2]<<\" \"<<A[3]<<\" \"<<A[1]<<endl;\r\ncout<<A[3]<<\" \"<<A[1]<<\" \"<<A[2]<<endl;\r\ncout<<A[3]<<\" \"<<A[2]<<\" \"<<A[1]<<endl;\r\n \r\ncout<<A[1]<<\" \"<<A[2]<<\" \"<<A[4]<<endl;\r\ncout<<A[1]<<\" \"<<A[4]<<\" \"<<A[2]<<endl;\r\ncout<<A[2]<<\" \"<<A[1]<<\" \"<<A[4]<<endl;\r\ncout<<A[2]<<\" \"<<A[4]<<\" \"<<A[1]<<endl;\r\ncout<<A[4]<<\" \"<<A[1]<<\" \"<<A[2]<<endl;\r\ncout<<A[4]<<\" \"<<A[2]<<\" \"<<A[1]<<endl;\r\n \r\ncout<<A[1]<<\" \"<<A[3]<<\" \"<<A[4]<<endl;\r\ncout<<A[1]<<\" \"<<A[4]<<\" \"<<A[3]<<endl;\r\ncout<<A[3]<<\" \"<<A[1]<<\" \"<<A[4]<<endl;\r\ncout<<A[3]<<\" \"<<A[4]<<\" \"<<A[1]<<endl;\r\ncout<<A[4]<<\" \"<<A[1]<<\" \"<<A[3]<<endl;\r\ncout<<A[4]<<\" \"<<A[3]<<\" \"<<A[1]<<endl;\r\n \r\ncout<<A[2]<<\" \"<<A[3]<<\" \"<<A[4]<<endl;\r\ncout<<A[2]<<\" \"<<A[4]<<\" \"<<A[3]<<endl;\r\ncout<<A[3]<<\" \"<<A[2]<<\" \"<<A[4]<<endl;\r\ncout<<A[3]<<\" \"<<A[4]<<\" \"<<A[2]<<endl;\r\ncout<<A[4]<<\" \"<<A[2]<<\" \"<<A[3]<<endl;\r\ncout<<A[4]<<\" \"<<A[3]<<\" \"<<A[2]<<endl;\r\n \r\n}'),(1040,'#include<iostream>\r\nusing namespace std;\r\nint A[5];\r\n \r\nint main()\r\n{\r\nfor(int i=1;i<=4;i++)\r\ncin>>A[i];\r\n \r\ncout<<A[1]<<\" \"<<A[2]<<\" \"<<A[3]<<endl;\r\ncout<<A[1]<<\" \"<<A[3]<<\" \"<<A[2]<<endl;\r\ncout<<A[2]<<\" \"<<A[1]<<\" \"<<A[3]<<endl;\r\ncout<<A[2]<<\" \"<<A[3]<<\" \"<<A[1]<<endl;\r\ncout<<A[3]<<\" \"<<A[1]<<\" \"<<A[2]<<endl;\r\ncout<<A[3]<<\" \"<<A[2]<<\" \"<<A[1]<<endl;\r\n \r\ncout<<A[1]<<\" \"<<A[2]<<\" \"<<A[4]<<endl;\r\ncout<<A[1]<<\" \"<<A[4]<<\" \"<<A[2]<<endl;\r\ncout<<A[2]<<\" \"<<A[1]<<\" \"<<A[4]<<endl;\r\ncout<<A[2]<<\" \"<<A[4]<<\" \"<<A[1]<<endl;\r\ncout<<A[4]<<\" \"<<A[1]<<\" \"<<A[2]<<endl;\r\ncout<<A[4]<<\" \"<<A[2]<<\" \"<<A[1]<<endl;\r\n \r\ncout<<A[1]<<\" \"<<A[3]<<\" \"<<A[4]<<endl;\r\ncout<<A[1]<<\" \"<<A[4]<<\" \"<<A[3]<<endl;\r\ncout<<A[3]<<\" \"<<A[1]<<\" \"<<A[4]<<endl;\r\ncout<<A[3]<<\" \"<<A[4]<<\" \"<<A[1]<<endl;\r\ncout<<A[4]<<\" \"<<A[1]<<\" \"<<A[3]<<endl;\r\ncout<<A[4]<<\" \"<<A[3]<<\" \"<<A[1]<<endl;\r\n \r\ncout<<A[2]<<\" \"<<A[3]<<\" \"<<A[4]<<endl;\r\ncout<<A[2]<<\" \"<<A[4]<<\" \"<<A[3]<<endl;\r\ncout<<A[3]<<\" \"<<A[2]<<\" \"<<A[4]<<endl;\r\ncout<<A[3]<<\" \"<<A[4]<<\" \"<<A[2]<<endl;\r\ncout<<A[4]<<\" \"<<A[2]<<\" \"<<A[3]<<endl;\r\ncout<<A[4]<<\" \"<<A[3]<<\" \"<<A[2]<<endl;\r\n \r\n}'),(1041,'int main() {\r\n    printf(\"abcxyz\");\r\n    return 0;\r\n}'),(1042,'int main() {\r\n    char[80] a;\r\n    scanf(a);\r\n    printf(\"abcxyz\")\r\n    return 0;\r\n}'),(1043,'int main() {\r\n    char[80] a;\r\n    scanf(&a);\r\n    printf(\"abcxyz\")\r\n    return 0;\r\n}'),(1044,'int main() {\r\n    char[80] a;\r\n    scanf(a);\r\n    printf(\"abcxyz\");\r\n    return 0;\r\n}'),(1045,'int main() {\r\n    char[80] a;\r\n    scanf(&a);\r\n    printf(\"abcxyz\");\r\n    return 0;\r\n}'),(0,'include<stdio>\r\nvoid mian(){\r\n    printf(\"hello word\");\r\n}\r\n'),(1046,'int main() {\r\n    char[80] a;\r\n    scanf(\"%s\", a);\r\n    printf(\"abcxyz\");\r\n    return 0;\r\n}'),(1047,'int main() {\r\n    char a[80];\r\n    scanf(\"%s\\n\", a);\r\n    printf(\"abcxyz\");\r\n    return 0;\r\n}'),(1048,'#include<stdio.h>\r\nint main()\r\n{\r\n    retunr 0;    \r\n}'),(1049,'int main() {\r\n    char a[80];\r\n    char b[80];\r\n    int i = 0, j = 0;\r\n    scanf(\"%s\\n\", a);\r\n    for (i = 0; i < 80; i++) {\r\n        if (a[i] >= \'a\' && a[\'i\'] >= \'z\' || a[i] >= \'A\' && a[i] <=\'Z\') {\r\n            b[j] = a[i];\r\n            j++;\r\n        }\r\n    }\r\n    printf(\"%s\", b);\r\n    return 0;\r\n}'),(1050,'#include<stdio.h>\r\nint main()\r\n{\r\n    printf(\"123123\");\r\n    retunr 0;    \r\n}'),(1051,'#include<stdio.h>\r\nint main()\r\n{\r\n    printf(\"123111123\");\r\n    retunr 0;    \r\n}'),(1052,'#include<stdio.h>\r\nint main()\r\n{\r\n    printf(\"123123\");\r\n    printf(\"123123\");\r\n    retunr 0;    \r\n}'),(1053,'include<stdio>\r\nvoid mian(){\r\n    printf(\"hello word\");\r\n}\r\n'),(1054,'int main() {\r\n    \r\n}'),(1055,'#include <stdio.h>\r\n\r\nint main() {\r\n    char[] str;\r\n    scanf(\"%s\", &str);\r\n    printf(\"a123b\");\r\n    return 0;\r\n}'),(1056,'#include <stdio.h>\r\n\r\nint main() {\r\n    return 0;\r\n}'),(1057,'#include <stdio.h>'),(1058,'#include <stdio.h>\r\n\r\nint main() {\r\n    printf(\"a123b\");\r\n    return 0;\r\n}'),(1059,'#include <stdio.h>\r\n');
/*!40000 ALTER TABLE `source_code_user` ENABLE KEYS */;
UNLOCK TABLES;

--
-- Table structure for table `topic`
--

DROP TABLE IF EXISTS `topic`;
/*!40101 SET @saved_cs_client     = @@character_set_client */;
/*!40101 SET character_set_client = utf8 */;
CREATE TABLE `topic` (
  `tid` int(11) NOT NULL AUTO_INCREMENT,
  `title` varbinary(60) NOT NULL,
  `status` int(2) NOT NULL DEFAULT '0',
  `top_level` int(2) NOT NULL DEFAULT '0',
  `cid` int(11) DEFAULT NULL,
  `pid` int(11) NOT NULL,
  `author_id` varchar(48) NOT NULL,
  PRIMARY KEY (`tid`),
  KEY `cid` (`cid`,`pid`)
) ENGINE=MyISAM DEFAULT CHARSET=utf8;
/*!40101 SET character_set_client = @saved_cs_client */;

--
-- Dumping data for table `topic`
--

LOCK TABLES `topic` WRITE;
/*!40000 ALTER TABLE `topic` DISABLE KEYS */;
/*!40000 ALTER TABLE `topic` ENABLE KEYS */;
UNLOCK TABLES;

--
-- Table structure for table `users`
--

DROP TABLE IF EXISTS `users`;
/*!40101 SET @saved_cs_client     = @@character_set_client */;
/*!40101 SET character_set_client = utf8 */;
CREATE TABLE `users` (
  `user_id` varchar(48) NOT NULL DEFAULT '',
  `sign` text NOT NULL,
  `email` varchar(100) DEFAULT NULL,
  `user_exp` int(11) NOT NULL,
  `submit` int(11) DEFAULT '0',
  `solved` int(11) DEFAULT '0',
  `blog_cnt` int(11) NOT NULL,
  `defunct` char(1) NOT NULL DEFAULT 'N',
  `ip` varchar(46) NOT NULL DEFAULT '',
  `accesstime` datetime DEFAULT NULL,
  `volume` int(11) NOT NULL DEFAULT '1',
  `language` int(11) NOT NULL DEFAULT '1',
  `password` varchar(32) DEFAULT NULL,
  `reg_time` datetime DEFAULT NULL,
  `nick` varchar(20) NOT NULL DEFAULT '',
  `school` varchar(20) NOT NULL DEFAULT '',
  PRIMARY KEY (`user_id`)
) ENGINE=MyISAM DEFAULT CHARSET=utf8;
/*!40101 SET character_set_client = @saved_cs_client */;

--
-- Dumping data for table `users`
--

LOCK TABLES `users` WRITE;
/*!40000 ALTER TABLE `users` DISABLE KEYS */;
INSERT INTO `users` VALUES ('test','求大神轻虐','',133,18,2,2,'N','119.112.129.36','2019-01-01 13:27:48',2,1,'GZXFDsgSa4h1n4FEM83r3BJgD+U1Mjgx','2019-01-01 13:27:48','我是蒟蒻','MIT'),('admin','','',308,22,2,4,'N','119.112.129.36','2019-01-01 13:34:07',1,1,'kSleA8kkhTgmID6MKu9p8jdTev45Mzcz','2019-01-01 13:34:07','administrator','mit'),('abc123','admin','',0,10,2,0,'N','124.93.200.217','2019-01-03 20:26:03',1,1,'LtvThlbMcm8b2BmWWlrY+EoNYxc4YmMw','2019-01-03 20:26:03','每天一题','家里蹲大学'),('1111','','1034365472@qq.com',45,1,0,1,'N','124.93.200.216','2019-01-06 21:54:53',1,1,'IK+Ufq9GarLo4NpX/lY4+j+CVzIxNjg0','2019-01-06 21:54:53','xuanwo','jialidun'),('1234','','1234',25,1,0,1,'N','124.93.200.217','2019-01-15 15:09:33',1,1,'RNgoG0Ju9/erU83lY0E8qSuq5EY4ODY2','2019-01-15 15:09:33','1234','12234'),('test123','','',0,1,0,0,'N','124.93.200.217','2019-01-15 15:16:17',1,1,'q80ymYOZTtmUq4tamGTaGCrNWJU2OTNm','2019-01-15 15:16:17','测试功能','');
/*!40000 ALTER TABLE `users` ENABLE KEYS */;
UNLOCK TABLES;

--
-- Dumping routines for database 'jol'
--
/*!40103 SET TIME_ZONE=@OLD_TIME_ZONE */;

/*!40101 SET SQL_MODE=@OLD_SQL_MODE */;
/*!40014 SET FOREIGN_KEY_CHECKS=@OLD_FOREIGN_KEY_CHECKS */;
/*!40014 SET UNIQUE_CHECKS=@OLD_UNIQUE_CHECKS */;
/*!40101 SET CHARACTER_SET_CLIENT=@OLD_CHARACTER_SET_CLIENT */;
/*!40101 SET CHARACTER_SET_RESULTS=@OLD_CHARACTER_SET_RESULTS */;
/*!40101 SET COLLATION_CONNECTION=@OLD_COLLATION_CONNECTION */;
/*!40111 SET SQL_NOTES=@OLD_SQL_NOTES */;

-- Dump completed on 2019-05-24 22:41:15
